method,n,i,j,x,y,u1,u2
TRT,6,0,0,0.08333333333333333,0.08333333333333333,1.3854166666666365,-5.6587332795165456e-15
TRT,6,0,1,0.08333333333333333,0.25,2.7708333333332678,-2.2237744183438574e-15
TRT,6,0,2,0.08333333333333333,0.41666666666666663,1.3854166666666363,-6.0299033369947e-15
TRT,6,0,3,0.08333333333333333,0.5833333333333334,-1.3854166666666299,-3.3002631068946316e-15
TRT,6,0,4,0.08333333333333333,0.75,-2.7708333333332673,-4.518133208285506e-15
TRT,6,0,5,0.08333333333333333,0.9166666666666666,-1.385416666666632,-1.1280153416469128e-15
TRT,6,1,0,0.25,0.08333333333333333,1.3854166666666328,-7.283336161418636e-15
TRT,6,1,1,0.25,0.25,2.770833333333269,-7.882676126082696e-15
TRT,6,1,2,0.25,0.41666666666666663,1.3854166666666332,-7.793816907151008e-15
TRT,6,1,3,0.25,0.5833333333333334,-1.385416666666634,-4.818569192581191e-15
TRT,6,1,4,0.25,0.75,-2.770833333333265,-5.8584621513759215e-15
TRT,6,1,5,0.25,0.9166666666666666,-1.3854166666666308,-4.8357282463646005e-15
TRT,6,2,0,0.41666666666666663,0.08333333333333333,1.3854166666666354,-6.220514318988494e-16
TRT,6,2,1,0.41666666666666663,0.25,2.7708333333332678,-4.286583380141645e-15
TRT,6,2,2,0.41666666666666663,0.41666666666666663,1.385416666666636,-1.7534006162903778e-15
TRT,6,2,3,0.41666666666666663,0.5833333333333334,-1.3854166666666303,-6.005419014923313e-15
TRT,6,2,4,0.41666666666666663,0.75,-2.770833333333264,-1.96601283331879e-15
TRT,6,2,5,0.41666666666666663,0.9166666666666666,-1.3854166666666337,-4.615960100681086e-15
TRT,6,3,0,0.5833333333333334,0.08333333333333333,1.385416666666633,5.2336660764345495e-15
TRT,6,3,1,0.5833333333333334,0.25,2.7708333333332664,8.317617020120663e-16
TRT,6,3,2,0.5833333333333334,0.41666666666666663,1.3854166666666343,4.162745259686018e-15
TRT,6,3,3,0.5833333333333334,0.5833333333333334,-1.3854166666666328,1.8092425515523786e-15
TRT,6,3,4,0.5833333333333334,0.75,-2.770833333333269,6.171902240048028e-15
TRT,6,3,5,0.5833333333333334,0.9166666666666666,-1.3854166666666314,7.399650426907821e-16
TRT,6,4,0,0.75,0.08333333333333333,1.385416666666634,5.750696523113793e-15
TRT,6,4,1,0.75,0.25,2.7708333333332646,8.12346470459491e-15
TRT,6,4,2,0.75,0.41666666666666663,1.385416666666636,5.8506653759259635e-15
TRT,6,4,3,0.75,0.5833333333333334,-1.3854166666666337,7.656205133512866e-15
TRT,6,4,4,0.75,0.75,-2.7708333333332615,8.946858037853615e-15
TRT,6,4,5,0.75,0.9166666666666666,-1.3854166666666352,5.7803307551123074e-15
TRT,6,5,0,0.9166666666666666,0.08333333333333333,1.3854166666666337,9.99682087996954e-16
TRT,6,5,1,0.9166666666666666,0.25,2.7708333333332678,2.8205304818476606e-15
TRT,6,5,2,0.9166666666666666,0.41666666666666663,1.3854166666666345,1.417465203147017e-15
TRT,6,5,3,0.9166666666666666,0.5833333333333334,-1.385416666666632,5.766422900699349e-15
TRT,6,5,4,0.9166666666666666,0.75,-2.770833333333265,2.950139583221666e-15
TRT,6,5,5,0.9166666666666666,0.9166666666666666,-1.385416666666631,5.569036116814826e-15
SRT,6,0,0,0.08333333333333333,0.08333333333333333,0.6682535331625202,-0.563348076079133
SRT,6,0,1,0.08333333333333333,0.25,1.1545770517752647,-0.6040572809926747
SRT,6,0,2,0.08333333333333333,0.41666666666666663,0.511852880287066,-0.5486106316133875
SRT,6,0,3,0.08333333333333333,0.5833333333333334,-0.6066669856633644,-0.4575926153134544
SRT,6,0,4,0.08333333333333333,0.75,-1.1776177324538246,-0.3974638315571172
SRT,6,0,5,0.08333333333333333,0.9166666666666666,-0.5481429756425048,-0.44711922647871116
SRT,6,1,0,0.25,0.08333333333333333,0.6940448862169997,-0.9971931534583155
SRT,6,1,1,0.25,0.25,1.1742060126321923,-1.0024952723000435
SRT,6,1,2,0.25,0.41666666666666663,0.4796603508913885,-1.0198547199193932
SRT,6,1,3,0.25,0.5833333333333334,-0.6940448862170254,-0.9971931534583531
SRT,6,1,4,0.25,0.75,-1.1742060126321772,-1.0024952723001126
SRT,6,1,5,0.25,0.9166666666666666,-0.4796603508913821,-1.0198547199194246
SRT,6,2,0,0.41666666666666663,0.08333333333333333,0.6066669856633092,-0.4575926153129457
SRT,6,2,1,0.41666666666666663,0.25,1.1776177324538044,-0.3974638315565836
SRT,6,2,2,0.41666666666666663,0.41666666666666663,0.5481429756425752,-0.4471192264781819
SRT,6,2,3,0.41666666666666663,0.5833333333333334,-0.6682535331624716,-0.563348076078663
SRT,6,2,4,0.41666666666666663,0.75,-1.1545770517752665,-0.6040572809922087
SRT,6,2,5,0.41666666666666663,0.9166666666666666,-0.5118528802871152,-0.5486106316128919
SRT,6,3,0,0.5833333333333334,0.08333333333333333,0.5118528802871468,0.5486106316133809
SRT,6,3,1,0.5833333333333334,0.25,1.1545770517752583,0.6040572809926769
SRT,6,3,2,0.5833333333333334,0.41666666666666663,0.6682535331624448,0.5633480760791485
SRT,6,3,3,0.5833333333333334,0.5833333333333334,-0.5481429756425718,0.4471192264787243
SRT,6,3,4,0.5833333333333334,0.75,-1.1776177324538089,0.3974638315571158
SRT,6,3,5,0.5833333333333334,0.9166666666666666,-0.6066669856632838,0.4575926153134443
SRT,6,4,0,0.75,0.08333333333333333,0.4796603508914542,1.0198547199193986
SRT,6,4,1,0.75,0.25,1.1742060126321763,1.0024952723000464
SRT,6,4,2,0.75,0.41666666666666663,0.6940448862169171,0.9971931534583214
SRT,6,4,3,0.75,0.5833333333333334,-0.47966035089144926,1.0198547199194268
SRT,6,4,4,0.75,0.75,-1.174206012632158,1.0024952723001117
SRT,6,4,5,0.75,0.9166666666666666,-0.6940448862169442,0.9971931534583585
SRT,6,5,0,0.9166666666666666,0.08333333333333333,0.5481429756426407,0.4471192264782012
SRT,6,5,1,0.9166666666666666,0.25,1.177617732453791,0.3974638315565839
SRT,6,5,2,0.9166666666666666,0.41666666666666663,0.6066669856632229,0.4575926153129339
SRT,6,5,3,0.9166666666666666,0.5833333333333334,-0.5118528802871929,0.5486106316128829
SRT,6,5,4,0.9166666666666666,0.75,-1.1545770517752618,0.6040572809922116
SRT,6,5,5,0.9166666666666666,0.9166666666666666,-0.6682535331623937,0.563348076078676
TRT,12,0,0,0.041666666666666664,0.041666666666666664,0.6703324851918653,-1.8066141643002937e-14
TRT,12,0,1,0.041666666666666664,0.125,1.831382407508084,-1.8460083988940005e-14
TRT,12,0,2,0.041666666666666664,0.20833333333333331,2.5017148926999377,-2.2114324464198173e-14
TRT,12,0,3,0.041666666666666664,0.2916666666666667,2.5017148926999306,-2.1489773058992046e-14
TRT,12,0,4,0.041666666666666664,0.375,1.831382407508082,-2.0114373106201624e-14
TRT,12,0,5,0.041666666666666664,0.4583333333333333,0.6703324851918632,-1.8558259955003143e-14
TRT,12,0,6,0.041666666666666664,0.5416666666666666,-0.6703324851918623,-1.8947703992549957e-14
TRT,12,0,7,0.041666666666666664,0.6249999999999999,-1.831382407508077,-1.8874839693987793e-14
TRT,12,0,8,0.041666666666666664,0.7083333333333333,-2.5017148926999346,-1.5024377673907605e-14
TRT,12,0,9,0.041666666666666664,0.7916666666666666,-2.501714892699936,-1.523453631042873e-14
TRT,12,0,10,0.041666666666666664,0.8749999999999999,-1.8313824075080873,-1.5960945632819655e-14
TRT,12,0,11,0.041666666666666664,0.9583333333333333,-0.6703324851918644,-1.3956149805705407e-14
TRT,12,1,0,0.125,0.041666666666666664,0.6703324851918651,-4.6375255976807504e-14
TRT,12,1,1,0.125,0.125,1.831382407508088,-4.669659577556806e-14
TRT,12,1,2,0.125,0.20833333333333331,2.501714892699936,-4.6628824340757874e-14
TRT,12,1,3,0.125,0.2916666666666667,2.5017148926999377,-4.9802079419710306e-14
TRT,12,1,4,0.125,0.375,1.8313824075080756,-4.5452370175544473e-14
TRT,12,1,5,0.125,0.4583333333333333,0.6703324851918608,-4.427288444253755e-14
TRT,12,1,6,0.125,0.5416666666666666,-0.6703324851918663,-4.732986081242613e-14
TRT,12,1,7,0.125,0.6249999999999999,-1.8313824075080842,-4.40686178092362e-14
TRT,12,1,8,0.125,0.7083333333333333,-2.5017148926999346,-4.4573443184609814e-14
TRT,12,1,9,0.125,0.7916666666666666,-2.501714892699937,-4.8550736340033835e-14
TRT,12,1,10,0.125,0.8749999999999999,-1.8313824075080822,-4.759109964258829e-14
TRT,12,1,11,0.125,0.9583333333333333,-0.6703324851918668,-4.3939519841306194e-14
TRT,12,2,0,0.20833333333333331,0.041666666666666664,0.6703324851918626,-6.231818337093246e-14
TRT,12,2,1,0.20833333333333331,0.125,1.831382407508087,-6.04378864529729e-14
TRT,12,2,2,0.20833333333333331,0.20833333333333331,2.5017148926999377,-6.43718337260604e-14
TRT,12,2,3,0.20833333333333331,0.2916666666666667,2.501714892699934,-6.841267458869023e-14
TRT,12,2,4,0.20833333333333331,0.375,1.8313824075080787,-6.583014720653564e-14
TRT,12,2,5,0.20833333333333331,0.4583333333333333,0.6703324851918616,-6.526812108676218e-14
TRT,12,2,6,0.20833333333333331,0.5416666666666666,-0.6703324851918648,-6.692208594235638e-14
TRT,12,2,7,0.20833333333333331,0.6249999999999999,-1.8313824075080862,-6.230928134531727e-14
TRT,12,2,8,0.20833333333333331,0.7083333333333333,-2.501714892699939,-6.178865367238221e-14
TRT,12,2,9,0.20833333333333331,0.7916666666666666,-2.5017148926999377,-5.909389166184318e-14
TRT,12,2,10,0.20833333333333331,0.8749999999999999,-1.8313824075080813,-6.163492458246097e-14
TRT,12,2,11,0.20833333333333331,0.9583333333333333,-0.6703324851918663,-6.450660108135131e-14
TRT,12,3,0,0.2916666666666667,0.041666666666666664,0.6703324851918633,-6.127346091677325e-14
TRT,12,3,1,0.2916666666666667,0.125,1.8313824075080862,-6.152486093594397e-14
TRT,12,3,2,0.2916666666666667,0.20833333333333331,2.501714892699936,-5.821867422333074e-14
TRT,12,3,3,0.2916666666666667,0.2916666666666667,2.501714892699937,-6.370649014222964e-14
TRT,12,3,4,0.2916666666666667,0.375,1.831382407508081,-6.125723617953294e-14
TRT,12,3,5,0.2916666666666667,0.4583333333333333,0.6703324851918626,-6.534175135425051e-14
TRT,12,3,6,0.2916666666666667,0.5416666666666666,-0.6703324851918616,-6.517856275532219e-14
TRT,12,3,7,0.2916666666666667,0.6249999999999999,-1.8313824075080822,-6.383325212651455e-14
TRT,12,3,8,0.2916666666666667,0.7083333333333333,-2.501714892699937,-6.342091827951881e-14
TRT,12,3,9,0.2916666666666667,0.7916666666666666,-2.501714892699938,-6.498255101011691e-14
TRT,12,3,10,0.2916666666666667,0.8749999999999999,-1.8313824075080847,-6.36428362948582e-14
TRT,12,3,11,0.2916666666666667,0.9583333333333333,-0.6703324851918661,-6.16462795432228e-14
TRT,12,4,0,0.375,0.041666666666666664,0.6703324851918606,-4.2986522390129195e-14
TRT,12,4,1,0.375,0.125,1.8313824075080847,-4.159989007262253e-14
TRT,12,4,2,0.375,0.20833333333333331,2.501714892699937,-4.3358526358016164e-14
TRT,12,4,3,0.375,0.2916666666666667,2.5017148926999337,-4.363515727281033e-14
TRT,12,4,4,0.375,0.375,1.8313824075080833,-4.574777137023899e-14
TRT,12,4,5,0.375,0.4583333333333333,0.6703324851918623,-4.780088761014356e-14
TRT,12,4,6,0.375,0.5416666666666666,-0.6703324851918614,-4.252962790103087e-14
TRT,12,4,7,0.375,0.6249999999999999,-1.8313824075080842,-4.2446066920301174e-14
TRT,12,4,8,0.375,0.7083333333333333,-2.501714892699938,-4.9333784787291984e-14
TRT,12,4,9,0.375,0.7916666666666666,-2.501714892699941,-4.8153016516071884e-14
TRT,12,4,10,0.375,0.8749999999999999,-1.831382407508084,-4.382183748259485e-14
TRT,12,4,11,0.375,0.9583333333333333,-0.670332485191866,-4.4820204229718403e-14
TRT,12,5,0,0.4583333333333333,0.041666666666666664,0.6703324851918633,-1.1326825485317255e-14
TRT,12,5,1,0.4583333333333333,0.125,1.8313824075080816,-1.421302026570444e-14
TRT,12,5,2,0.4583333333333333,0.20833333333333331,2.5017148926999355,-1.2279364260027137e-14
TRT,12,5,3,0.4583333333333333,0.2916666666666667,2.501714892699935,-1.2849030369683008e-14
TRT,12,5,4,0.4583333333333333,0.375,1.831382407508082,-1.3104396504766089e-14
TRT,12,5,5,0.4583333333333333,0.4583333333333333,0.6703324851918665,-1.6790389052191668e-14
TRT,12,5,6,0.4583333333333333,0.5416666666666666,-0.6703324851918616,-1.4300217246575517e-14
TRT,12,5,7,0.4583333333333333,0.6249999999999999,-1.831382407508084,-2.226929161915789e-14
TRT,12,5,8,0.4583333333333333,0.7083333333333333,-2.501714892699938,-2.0781129047272644e-14
TRT,12,5,9,0.4583333333333333,0.7916666666666666,-2.501714892699938,-2.0632191812598768e-14
TRT,12,5,10,0.4583333333333333,0.8749999999999999,-1.831382407508084,-1.940009170163424e-14
TRT,12,5,11,0.4583333333333333,0.9583333333333333,-0.6703324851918663,-1.4110172261457564e-14
TRT,12,6,0,0.5416666666666666,0.041666666666666664,0.6703324851918625,1.7796512808962476e-14
TRT,12,6,1,0.5416666666666666,0.125,1.8313824075080796,1.8518902402715355e-14
TRT,12,6,2,0.5416666666666666,0.20833333333333331,2.5017148926999346,2.194489961678324e-14
TRT,12,6,3,0.5416666666666666,0.2916666666666667,2.5017148926999355,2.150092138753559e-14
TRT,12,6,4,0.5416666666666666,0.375,1.8313824075080827,2.1749268034811127e-14
TRT,12,6,5,0.5416666666666666,0.4583333333333333,0.6703324851918638,1.96206847953953e-14
TRT,12,6,6,0.5416666666666666,0.5416666666666666,-0.6703324851918684,1.9093677748252597e-14
TRT,12,6,7,0.5416666666666666,0.6249999999999999,-1.831382407508082,1.8794781848181007e-14
TRT,12,6,8,0.5416666666666666,0.7083333333333333,-2.5017148926999355,1.3478808761433571e-14
TRT,12,6,9,0.5416666666666666,0.7916666666666666,-2.501714892699938,1.3018020393836025e-14
TRT,12,6,10,0.5416666666666666,0.8749999999999999,-1.831382407508084,1.4838735591657165e-14
TRT,12,6,11,0.5416666666666666,0.9583333333333333,-0.6703324851918638,1.6375475882363127e-14
TRT,12,7,0,0.6249999999999999,0.041666666666666664,0.6703324851918595,4.3789779727322766e-14
TRT,12,7,1,0.6249999999999999,0.125,1.831382407508078,4.3178223143176737e-14
TRT,12,7,2,0.6249999999999999,0.20833333333333331,2.5017148926999346,4.534106429276043e-14
TRT,12,7,3,0.6249999999999999,0.2916666666666667,2.501714892699933,4.996231215021171e-14
TRT,12,7,4,0.6249999999999999,0.375,1.8313824075080833,4.674239113203292e-14
TRT,12,7,5,0.6249999999999999,0.4583333333333333,0.670332485191862,4.655818050989998e-14
TRT,12,7,6,0.6249999999999999,0.5416666666666666,-0.6703324851918616,4.731724987186326e-14
TRT,12,7,7,0.6249999999999999,0.6249999999999999,-1.831382407508083,4.231360910534554e-14
TRT,12,7,8,0.6249999999999999,0.7083333333333333,-2.5017148926999364,4.395923647535513e-14
TRT,12,7,9,0.6249999999999999,0.7916666666666666,-2.501714892699937,4.5260189711025185e-14
TRT,12,7,10,0.6249999999999999,0.8749999999999999,-1.8313824075080873,4.1214695257104324e-14
TRT,12,7,11,0.6249999999999999,0.9583333333333333,-0.6703324851918646,4.813926677391756e-14
TRT,12,8,0,0.7083333333333333,0.041666666666666664,0.6703324851918611,6.166348787409438e-14
TRT,12,8,1,0.7083333333333333,0.125,1.8313824075080767,6.406539885236555e-14
TRT,12,8,2,0.7083333333333333,0.20833333333333331,2.5017148926999337,6.715870999201095e-14
TRT,12,8,3,0.7083333333333333,0.2916666666666667,2.501714892699934,6.416049235340119e-14
TRT,12,8,4,0.7083333333333333,0.375,1.8313824075080856,6.33432696998326e-14
TRT,12,8,5,0.7083333333333333,0.4583333333333333,0.670332485191864,6.394446970765078e-14
TRT,12,8,6,0.7083333333333333,0.5416666666666666,-0.6703324851918623,6.755179712332069e-14
TRT,12,8,7,0.7083333333333333,0.6249999999999999,-1.8313824075080816,6.460729296933497e-14
TRT,12,8,8,0.7083333333333333,0.7083333333333333,-2.501714892699934,5.814202853369069e-14
TRT,12,8,9,0.7083333333333333,0.7916666666666666,-2.501714892699938,6.128137857873389e-14
TRT,12,8,10,0.7083333333333333,0.8749999999999999,-1.8313824075080873,6.328106164851831e-14
TRT,12,8,11,0.7083333333333333,0.9583333333333333,-0.6703324851918634,6.423700689812671e-14
TRT,12,9,0,0.7916666666666666,0.041666666666666664,0.6703324851918634,6.418900731041246e-14
TRT,12,9,1,0.7916666666666666,0.125,1.8313824075080827,6.142117200772841e-14
TRT,12,9,2,0.7916666666666666,0.20833333333333331,2.501714892699933,5.835643925564097e-14
TRT,12,9,3,0.7916666666666666,0.2916666666666667,2.50171489269994,6.457167302893956e-14
TRT,12,9,4,0.7916666666666666,0.375,1.8313824075080796,6.249579772112997e-14
TRT,12,9,5,0.7916666666666666,0.4583333333333333,0.6703324851918631,6.416478462371834e-14
TRT,12,9,6,0.7916666666666666,0.5416666666666666,-0.6703324851918636,6.253723055482467e-14
TRT,12,9,7,0.7916666666666666,0.6249999999999999,-1.8313824075080813,6.079951943529477e-14
TRT,12,9,8,0.7916666666666666,0.7083333333333333,-2.50171489269993,6.575759733628163e-14
TRT,12,9,9,0.7916666666666666,0.7916666666666666,-2.501714892699937,6.347988491436238e-14
TRT,12,9,10,0.7916666666666666,0.8749999999999999,-1.8313824075080862,6.144933506092407e-14
TRT,12,9,11,0.7916666666666666,0.9583333333333333,-0.6703324851918673,6.300956302795117e-14
TRT,12,10,0,0.8749999999999999,0.041666666666666664,0.6703324851918636,4.381823190322242e-14
TRT,12,10,1,0.8749999999999999,0.125,1.8313824075080816,4.4157052559130037e-14
TRT,12,10,2,0.8749999999999999,0.20833333333333331,2.501714892699938,4.595047583598238e-14
TRT,12,10,3,0.8749999999999999,0.2916666666666667,2.501714892699933,4.177642376330582e-14
TRT,12,10,4,0.8749999999999999,0.375,1.8313824075080862,4.3291122194791345e-14
TRT,12,10,5,0.8749999999999999,0.4583333333333333,0.670332485191864,4.355568734821831e-14
TRT,12,10,6,0.8749999999999999,0.5416666666666666,-0.6703324851918656,4.6955690886603715e-14
TRT,12,10,7,0.8749999999999999,0.6249999999999999,-1.8313824075080787,4.648148089435485e-14
TRT,12,10,8,0.8749999999999999,0.7083333333333333,-2.501714892699936,4.6739405925920166e-14
TRT,12,10,9,0.8749999999999999,0.7916666666666666,-2.5017148926999355,4.672189533053855e-14
TRT,12,10,10,0.8749999999999999,0.8749999999999999,-1.8313824075080882,4.407996307086016e-14
TRT,12,10,11,0.8749999999999999,0.9583333333333333,-0.6703324851918641,4.224533763451242e-14
TRT,12,11,0,0.9583333333333333,0.041666666666666664,0.6703324851918644,1.6983943148769518e-14
TRT,12,11,1,0.9583333333333333,0.125,1.8313824075080862,1.7865506486512992e-14
TRT,12,11,2,0.9583333333333333,0.20833333333333331,2.501714892699932,1.3536371509595437e-14
TRT,12,11,3,0.9583333333333333,0.2916666666666667,2.501714892699937,1.476732435630366e-14
TRT,12,11,4,0.9583333333333333,0.375,1.8313824075080776,1.4504800473365167e-14
TRT,12,11,5,0.9583333333333333,0.4583333333333333,0.6703324851918607,2.0212349162674096e-14
TRT,12,11,6,0.9583333333333333,0.5416666666666666,-0.6703324851918612,1.4104504139333084e-14
TRT,12,11,7,0.9583333333333333,0.6249999999999999,-1.831382407508081,1.7624013378030326e-14
TRT,12,11,8,0.9583333333333333,0.7083333333333333,-2.501714892699931,2.212886046412169e-14
TRT,12,11,9,0.9583333333333333,0.7916666666666666,-2.5017148926999395,1.883415981819497e-14
TRT,12,11,10,0.9583333333333333,0.8749999999999999,-1.8313824075080847,1.7731645244863297e-14
TRT,12,11,11,0.9583333333333333,0.9583333333333333,-0.6703324851918656,1.7073364436214424e-14
SRT,12,0,0,0.041666666666666664,0.041666666666666664,0.6258524552010996,-9.390238065789674e-15
SRT,12,0,1,0.041666666666666664,0.125,1.7098607056511241,-1.2758684367017524e-14
SRT,12,0,2,0.041666666666666664,0.20833333333333331,2.33571316085223,-1.3992193835428092e-14
SRT,12,0,3,0.041666666666666664,0.2916666666666667,2.33571316085223,-2.8090748065134375e-14
SRT,12,0,4,0.041666666666666664,0.375,1.709860705651138,-1.0287390915409914e-14
SRT,12,0,5,0.041666666666666664,0.4583333333333333,0.6258524552011102,1.2299999657641475e-14
SRT,12,0,6,0.041666666666666664,0.5416666666666666,-0.6258524552010643,1.3893375439725866e-14
SRT,12,0,7,0.041666666666666664,0.6249999999999999,-1.7098607056511008,2.3152034755700463e-14
SRT,12,0,8,0.041666666666666664,0.7083333333333333,-2.335713160852201,1.4312498024804462e-14
SRT,12,0,9,0.041666666666666664,0.7916666666666666,-2.3357131608522037,3.306163029930984e-15
SRT,12,0,10,0.041666666666666664,0.8749999999999999,-1.7098607056511066,-1.0712686741144973e-14
SRT,12,0,11,0.041666666666666664,0.9583333333333333,-0.6258524552010811,-1.41808561945503e-14
SRT,12,1,0,0.125,0.041666666666666664,0.6258524552010979,-1.260264941170207e-14
SRT,12,1,1,0.125,0.125,1.7098607056511161,-2.903189563118717e-15
SRT,12,1,2,0.125,0.20833333333333331,2.3357131608522086,-1.0951142597968268e-14
SRT,12,1,3,0.125,0.2916666666666667,2.335713160852212,-1.550641858444461e-14
SRT,12,1,4,0.125,0.375,1.7098607056511308,-7.738922021151546e-15
SRT,12,1,5,0.125,0.4583333333333333,0.6258524552011031,-1.3636219641059013e-16
SRT,12,1,6,0.125,0.5416666666666666,-0.6258524552010805,6.859419399560505e-15
SRT,12,1,7,0.125,0.6249999999999999,-1.70986070565111,5.492325031875877e-15
SRT,12,1,8,0.125,0.7083333333333333,-2.335713160852212,8.47325870313591e-15
SRT,12,1,9,0.125,0.7916666666666666,-2.3357131608522024,1.2936998680951106e-14
SRT,12,1,10,0.125,0.8749999999999999,-1.7098607056511155,4.003665724402212e-15
SRT,12,1,11,0.125,0.9583333333333333,-0.6258524552010868,-1.008459925822278e-14
SRT,12,2,0,0.20833333333333331,0.041666666666666664,0.6258524552010878,3.3316447329181887e-15
SRT,12,2,1,0.20833333333333331,0.125,1.709860705651102,-1.8754220898276427e-14
SRT,12,2,2,0.20833333333333331,0.20833333333333331,2.3357131608521993,-5.231310898165268e-15
SRT,12,2,3,0.20833333333333331,0.2916666666666667,2.3357131608522113,-5.700435352487044e-15
SRT,12,2,4,0.20833333333333331,0.375,1.7098607056511168,-2.7717068628750623e-15
SRT,12,2,5,0.20833333333333331,0.4583333333333333,0.6258524552011153,5.129122278008819e-15
SRT,12,2,6,0.20833333333333331,0.5416666666666666,-0.625852455201082,-1.7271169651780847e-15
SRT,12,2,7,0.20833333333333331,0.6249999999999999,-1.7098607056511061,6.34479738446882e-15
SRT,12,2,8,0.20833333333333331,0.7083333333333333,-2.335713160852222,8.576058646344449e-16
SRT,12,2,9,0.20833333333333331,0.7916666666666666,-2.335713160852213,1.8798501301507874e-14
SRT,12,2,10,0.20833333333333331,0.8749999999999999,-1.709860705651118,-7.933258044585804e-17
SRT,12,2,11,0.20833333333333331,0.9583333333333333,-0.6258524552010978,-1.3150566619576762e-14
SRT,12,3,0,0.2916666666666667,0.041666666666666664,0.6258524552010738,-9.44248356691113e-15
SRT,12,3,1,0.2916666666666667,0.125,1.7098607056510853,-7.048950073135508e-15
SRT,12,3,2,0.2916666666666667,0.20833333333333331,2.3357131608521993,-2.555839600365491e-15
SRT,12,3,3,0.2916666666666667,0.2916666666666667,2.335713160852193,-5.038168564810881e-16
SRT,12,3,4,0.2916666666666667,0.375,1.7098607056511088,1.5072896354844966e-15
SRT,12,3,5,0.2916666666666667,0.4583333333333333,0.6258524552010908,-6.288820726848738e-15
SRT,12,3,6,0.2916666666666667,0.5416666666666666,-0.6258524552010875,-1.4642929528414648e-15
SRT,12,3,7,0.2916666666666667,0.6249999999999999,-1.7098607056511108,-3.1735075917872068e-15
SRT,12,3,8,0.2916666666666667,0.7083333333333333,-2.335713160852204,7.475828412876045e-15
SRT,12,3,9,0.2916666666666667,0.7916666666666666,-2.3357131608522255,1.8510824513116748e-14
SRT,12,3,10,0.2916666666666667,0.8749999999999999,-1.70986070565113,7.431537395205892e-15
SRT,12,3,11,0.2916666666666667,0.9583333333333333,-0.6258524552011184,-5.254397820105017e-16
SRT,12,4,0,0.375,0.041666666666666664,0.6258524552010699,1.402520916669829e-15
SRT,12,4,1,0.375,0.125,1.7098607056511,-5.235959609340135e-15
SRT,12,4,2,0.375,0.20833333333333331,2.335713160852195,1.410053014801224e-15
SRT,12,4,3,0.375,0.2916666666666667,2.3357131608522077,1.0600120478028912e-14
SRT,12,4,4,0.375,0.375,1.7098607056510953,-6.924156233178087e-16
SRT,12,4,5,0.375,0.4583333333333333,0.6258524552010908,8.614759654806052e-15
SRT,12,4,6,0.375,0.5416666666666666,-0.625852455201109,1.1672328868815558e-15
SRT,12,4,7,0.375,0.6249999999999999,-1.7098607056511186,-1.8331704376365724e-15
SRT,12,4,8,0.375,0.7083333333333333,-2.3357131608522095,-1.7636728123669495e-15
SRT,12,4,9,0.375,0.7916666666666666,-2.3357131608522232,1.4635535265822428e-14
SRT,12,4,10,0.375,0.8749999999999999,-1.70986070565113,1.1374701498173358e-14
SRT,12,4,11,0.375,0.9583333333333333,-0.6258524552011157,-1.4014805269728748e-14
SRT,12,5,0,0.4583333333333333,0.041666666666666664,0.6258524552010721,-7.035280486523111e-15
SRT,12,5,1,0.4583333333333333,0.125,1.7098607056510966,4.035054973525653e-15
SRT,12,5,2,0.4583333333333333,0.20833333333333331,2.3357131608522055,-2.1575101554432603e-15
SRT,12,5,3,0.4583333333333333,0.2916666666666667,2.3357131608521966,3.697358357773697e-15
SRT,12,5,4,0.4583333333333333,0.375,1.7098607056510946,1.1904632624302738e-14
SRT,12,5,5,0.4583333333333333,0.4583333333333333,0.6258524552010698,-2.3751657350062007e-15
SRT,12,5,6,0.4583333333333333,0.5416666666666666,-0.6258524552011125,1.097408701914292e-15
SRT,12,5,7,0.4583333333333333,0.6249999999999999,-1.7098607056511212,2.8680606129151804e-15
SRT,12,5,8,0.4583333333333333,0.7083333333333333,-2.335713160852221,8.451614796707482e-15
SRT,12,5,9,0.4583333333333333,0.7916666666666666,-2.3357131608522166,8.627408968576825e-15
SRT,12,5,10,0.4583333333333333,0.8749999999999999,-1.7098607056511332,5.84935136873029e-15
SRT,12,5,11,0.4583333333333333,0.9583333333333333,-0.6258524552011101,7.953796698101167e-16
SRT,12,6,0,0.5416666666666666,0.041666666666666664,0.6258524552010737,-1.4549875943693417e-14
SRT,12,6,1,0.5416666666666666,0.125,1.7098607056510866,4.0201971014265625e-15
SRT,12,6,2,0.5416666666666666,0.20833333333333331,2.33571316085219,6.3072386450491994e-15
SRT,12,6,3,0.5416666666666666,0.2916666666666667,2.335713160852197,1.0610282527249038e-14
SRT,12,6,4,0.5416666666666666,0.375,1.7098607056510935,1.6646433908987547e-15
SRT,12,6,5,0.5416666666666666,0.4583333333333333,0.6258524552010718,4.634709421443756e-15
SRT,12,6,6,0.5416666666666666,0.5416666666666666,-0.6258524552011024,7.473152980936042e-15
SRT,12,6,7,0.5416666666666666,0.6249999999999999,-1.7098607056511261,1.6105776564860227e-15
SRT,12,6,8,0.5416666666666666,0.7083333333333333,-2.3357131608522166,8.293055209016847e-15
SRT,12,6,9,0.5416666666666666,0.7916666666666666,-2.3357131608522277,9.174333982722784e-15
SRT,12,6,10,0.5416666666666666,0.8749999999999999,-1.7098607056511272,7.796488952000457e-15
SRT,12,6,11,0.5416666666666666,0.9583333333333333,-0.625852455201117,-1.0176726878581871e-14
SRT,12,7,0,0.6249999999999999,0.041666666666666664,0.6258524552010848,-1.5826023753267255e-14
SRT,12,7,1,0.6249999999999999,0.125,1.709860705651108,-3.569033696569714e-15
SRT,12,7,2,0.6249999999999999,0.20833333333333331,2.3357131608521913,5.089730404612061e-15
SRT,12,7,3,0.6249999999999999,0.2916666666666667,2.335713160852189,1.9835515290415373e-15
SRT,12,7,4,0.6249999999999999,0.375,1.7098607056510928,5.1270360686711004e-15
SRT,12,7,5,0.6249999999999999,0.4583333333333333,0.6258524552010807,8.564627348713054e-15
SRT,12,7,6,0.6249999999999999,0.5416666666666666,-0.6258524552011031,8.21219448231578e-15
SRT,12,7,7,0.6249999999999999,0.6249999999999999,-1.709860705651116,5.546909927063766e-15
SRT,12,7,8,0.6249999999999999,0.7083333333333333,-2.3357131608522126,1.4247098209073243e-14
SRT,12,7,9,0.6249999999999999,0.7916666666666666,-2.33571316085221,4.57400201832451e-15
SRT,12,7,10,0.6249999999999999,0.8749999999999999,-1.7098607056511232,-2.8520436121144957e-15
SRT,12,7,11,0.6249999999999999,0.9583333333333333,-0.6258524552011001,-1.8029141746090655e-16
SRT,12,8,0,0.7083333333333333,0.041666666666666664,0.6258524552011054,-1.3622471649869531e-14
SRT,12,8,1,0.7083333333333333,0.125,1.7098607056511235,-1.2178543731175007e-14
SRT,12,8,2,0.7083333333333333,0.20833333333333331,2.3357131608522166,-4.99774464686965e-15
SRT,12,8,3,0.7083333333333333,0.2916666666666667,2.3357131608522033,1.1310135550308283e-14
SRT,12,8,4,0.7083333333333333,0.375,1.7098607056510975,3.745795351702218e-15
SRT,12,8,5,0.7083333333333333,0.4583333333333333,0.6258524552010722,2.805281323121869e-15
SRT,12,8,6,0.7083333333333333,0.5416666666666666,-0.6258524552011137,1.5666290396023308e-14
SRT,12,8,7,0.7083333333333333,0.6249999999999999,-1.7098607056511173,1.862305228374718e-14
SRT,12,8,8,0.7083333333333333,0.7083333333333333,-2.3357131608522046,1.4419401105640728e-14
SRT,12,8,9,0.7083333333333333,0.7916666666666666,-2.3357131608521993,1.8733348670759943e-15
SRT,12,8,10,0.7083333333333333,0.8749999999999999,-1.7098607056511108,-7.564346548347887e-15
SRT,12,8,11,0.7083333333333333,0.9583333333333333,-0.6258524552010896,-1.3159726744420101e-14
SRT,12,9,0,0.7916666666666666,0.041666666666666664,0.6258524552011256,-1.5281149485579355e-14
SRT,12,9,1,0.7916666666666666,0.125,1.7098607056511332,-1.801173335294066e-14
SRT,12,9,2,0.7916666666666666,0.20833333333333331,2.3357131608522392,-1.844349112451702e-14
SRT,12,9,3,0.7916666666666666,0.2916666666666667,2.33571316085222,-9.349491888343545e-17
SRT,12,9,4,0.7916666666666666,0.375,1.7098607056511101,-2.1226548151094385e-15
SRT,12,9,5,0.7916666666666666,0.4583333333333333,0.6258524552010845,-2.199061537868463e-15
SRT,12,9,6,0.7916666666666666,0.5416666666666666,-0.6258524552010952,2.6917715648182228e-14
SRT,12,9,7,0.7916666666666666,0.6249999999999999,-1.7098607056511002,2.0929160503740458e-14
SRT,12,9,8,0.7916666666666666,0.7083333333333333,-2.3357131608522015,1.782883211046242e-14
SRT,12,9,9,0.7916666666666666,0.7916666666666666,-2.3357131608521997,1.6955906135259999e-15
SRT,12,9,10,0.7916666666666666,0.8749999999999999,-1.7098607056511022,-1.0349862483049997e-14
SRT,12,9,11,0.7916666666666666,0.9583333333333333,-0.6258524552010692,-5.598651695217258e-15
SRT,12,10,0,0.8749999999999999,0.041666666666666664,0.6258524552011162,-1.235577376626206e-14
SRT,12,10,1,0.8749999999999999,0.125,1.709860705651148,-2.369035451547398e-14
SRT,12,10,2,0.8749999999999999,0.20833333333333331,2.335713160852236,-2.1852694091656452e-14
SRT,12,10,3,0.8749999999999999,0.2916666666666667,2.33571316085222,-3.186407079670332e-15
SRT,12,10,4,0.8749999999999999,0.375,1.7098607056511221,-1.4404782265914448e-14
SRT,12,10,5,0.8749999999999999,0.4583333333333333,0.6258524552010934,-7.04028664738049e-16
SRT,12,10,6,0.8749999999999999,0.5416666666666666,-0.6258524552010888,2.49439735500912e-14
SRT,12,10,7,0.8749999999999999,0.6249999999999999,-1.7098607056511106,3.242404322497207e-14
SRT,12,10,8,0.8749999999999999,0.7083333333333333,-2.3357131608521997,2.029009816464404e-14
SRT,12,10,9,0.8749999999999999,0.7916666666666666,-2.3357131608521993,-7.269337753313685e-15
SRT,12,10,10,0.8749999999999999,0.8749999999999999,-1.7098607056510855,-1.236624432769287e-14
SRT,12,10,11,0.8749999999999999,0.9583333333333333,-0.6258524552010728,-1.5894637979164492e-14
SRT,12,11,0,0.9583333333333333,0.041666666666666664,0.625852455201111,-1.1101615479327606e-14
SRT,12,11,1,0.9583333333333333,0.125,1.7098607056511308,-1.678181200385076e-14
SRT,12,11,2,0.9583333333333333,0.20833333333333331,2.335713160852242,-2.961870129014158e-14
SRT,12,11,3,0.9583333333333333,0.2916666666666667,2.335713160852233,-1.0708300169837718e-14
SRT,12,11,4,0.9583333333333333,0.375,1.709860705651128,-1.1515302294668098e-14
SRT,12,11,5,0.9583333333333333,0.4583333333333333,0.6258524552011131,-2.038705223158633e-15
SRT,12,11,6,0.9583333333333333,0.5416666666666666,-0.6258524552010836,1.6859908245331517e-14
SRT,12,11,7,0.9583333333333333,0.6249999999999999,-1.709860705651098,1.847677505933644e-14
SRT,12,11,8,0.9583333333333333,0.7083333333333333,-2.3357131608522077,2.1705248989845726e-14
SRT,12,11,9,0.9583333333333333,0.7916666666666666,-2.335713160852196,6.093110570380733e-15
SRT,12,11,10,0.9583333333333333,0.8749999999999999,-1.7098607056511006,-7.995034205948854e-15
SRT,12,11,11,0.9583333333333333,0.9583333333333333,-0.6258524552010754,-1.7112012411234376e-14
TRT,24,0,0,0.020833333333333332,0.020833333333333332,0.33246494416746203,-9.803047547002003e-14
TRT,24,0,1,0.020833333333333332,0.0625,0.9747378959816378,-1.0589554341737426e-13
TRT,24,0,2,0.020833333333333332,0.10416666666666666,1.5505840710152217,-1.0753929214429714e-13
TRT,24,0,3,0.020833333333333332,0.14583333333333334,2.020760504070421,-1.1250721067534281e-13
TRT,24,0,4,0.020833333333333332,0.1875,2.353225448237856,-1.0614645181559311e-13
TRT,24,0,5,0.020833333333333332,0.22916666666666666,2.525321966996813,-1.2080768171165702e-13
TRT,24,0,6,0.020833333333333332,0.2708333333333333,2.525321966996816,-1.1094813181602088e-13
TRT,24,0,7,0.020833333333333332,0.31249999999999994,2.353225448237845,-1.0234252988766394e-13
TRT,24,0,8,0.020833333333333332,0.35416666666666663,2.0207605040704233,-1.0442272739332398e-13
TRT,24,0,9,0.020833333333333332,0.3958333333333333,1.550584071015199,-9.636003034474951e-14
TRT,24,0,10,0.020833333333333332,0.43749999999999994,0.9747378959816269,-8.980801147131465e-14
TRT,24,0,11,0.020833333333333332,0.47916666666666663,0.3324649441674341,-7.993845841829616e-14
TRT,24,0,12,0.020833333333333332,0.5208333333333334,-0.3324649441674467,-7.625569668852119e-14
TRT,24,0,13,0.020833333333333332,0.5625,-0.9747378959816309,-7.00190384103009e-14
TRT,24,0,14,0.020833333333333332,0.6041666666666666,-1.550584071015203,-7.285976482015648e-14
TRT,24,0,15,0.020833333333333332,0.6458333333333334,-2.020760504070417,-6.138070322035074e-14
TRT,24,0,16,0.020833333333333332,0.6875,-2.3532254482378523,-6.128039952025189e-14
TRT,24,0,17,0.020833333333333332,0.7291666666666666,-2.5253219669968074,-5.310305668321506e-14
TRT,24,0,18,0.020833333333333332,0.7708333333333334,-2.5253219669968168,-5.739884631806386e-14
TRT,24,0,19,0.020833333333333332,0.8125,-2.353225448237851,-7.282852983612348e-14
TRT,24,0,20,0.020833333333333332,0.8541666666666666,-2.020760504070421,-7.39928479343245e-14
TRT,24,0,21,0.020833333333333332,0.8958333333333334,-1.550584071015213,-7.460069223930082e-14
TRT,24,0,22,0.020833333333333332,0.9375,-0.9747378959816272,-8.153965004623e-14
TRT,24,0,23,0.020833333333333332,0.9791666666666666,-0.3324649441674474,-9.524625466427016e-14
TRT,24,1,0,0.0625,0.020833333333333332,0.33246494416745653,-2.1797818025113469e-13
TRT,24,1,1,0.0625,0.0625,0.9747378959816482,-2.2053306829213824e-13
TRT,24,1,2,0.0625,0.10416666666666666,1.550584071015218,-2.2584929425431765e-13
TRT,24,1,3,0.0625,0.14583333333333334,2.020760504070434,-2.2479166206849411e-13
TRT,24,1,4,0.0625,0.1875,2.3532254482378616,-2.293143748728929e-13
TRT,24,1,5,0.0625,0.22916666666666666,2.52532196699682,-2.3175752759624676e-13
TRT,24,1,6,0.0625,0.2708333333333333,2.52532196699681,-2.3212911030831634e-13
TRT,24,1,7,0.0625,0.31249999999999994,2.3532254482378496,-2.2262189238890558e-13
TRT,24,1,8,0.0625,0.35416666666666663,2.020760504070413,-2.1717847813065402e-13
TRT,24,1,9,0.0625,0.3958333333333333,1.5505840710152037,-2.1183691795930702e-13
TRT,24,1,10,0.0625,0.43749999999999994,0.974737895981621,-2.0983453064704924e-13
TRT,24,1,11,0.0625,0.47916666666666663,0.3324649441674369,-1.9583092180301748e-13
TRT,24,1,12,0.0625,0.5208333333333334,-0.3324649441674461,-1.956208007286852e-13
TRT,24,1,13,0.0625,0.5625,-0.9747378959816293,-1.8897346980858851e-13
TRT,24,1,14,0.0625,0.6041666666666666,-1.5505840710152066,-1.8033441571248306e-13
TRT,24,1,15,0.0625,0.6458333333333334,-2.020760504070424,-1.8354762006075126e-13
TRT,24,1,16,0.0625,0.6875,-2.3532254482378456,-1.7982582735550834e-13
TRT,24,1,17,0.0625,0.7291666666666666,-2.5253219669968145,-1.7902064520624576e-13
TRT,24,1,18,0.0625,0.7708333333333334,-2.5253219669968106,-1.8448302793198237e-13
TRT,24,1,19,0.0625,0.8125,-2.3532254482378545,-1.890573464699037e-13
TRT,24,1,20,0.0625,0.8541666666666666,-2.020760504070415,-1.9531346618757226e-13
TRT,24,1,21,0.0625,0.8958333333333334,-1.5505840710152092,-2.0338036898334682e-13
TRT,24,1,22,0.0625,0.9375,-0.9747378959816346,-2.0847159017583785e-13
TRT,24,1,23,0.0625,0.9791666666666666,-0.3324649441674407,-2.1190863110956778e-13
TRT,24,2,0,0.10416666666666666,0.020833333333333332,0.33246494416746286,-3.1941370502994885e-13
TRT,24,2,1,0.10416666666666666,0.0625,0.9747378959816516,-3.248628251128709e-13
TRT,24,2,2,0.10416666666666666,0.10416666666666666,1.5505840710152232,-3.2692224167904117e-13
TRT,24,2,3,0.10416666666666666,0.14583333333333334,2.020760504070433,-3.291417411469826e-13
TRT,24,2,4,0.10416666666666666,0.1875,2.3532254482378554,-3.2993200725347796e-13
TRT,24,2,5,0.10416666666666666,0.22916666666666666,2.52532196699682,-3.395422723539938e-13
TRT,24,2,6,0.10416666666666666,0.2708333333333333,2.5253219669968097,-3.297692944573849e-13
TRT,24,2,7,0.10416666666666666,0.31249999999999994,2.353225448237837,-3.2643511945688044e-13
TRT,24,2,8,0.10416666666666666,0.35416666666666663,2.0207605040704144,-3.205603007467376e-13
TRT,24,2,9,0.10416666666666666,0.3958333333333333,1.5505840710151926,-3.128243087072432e-13
TRT,24,2,10,0.10416666666666666,0.43749999999999994,0.974737895981627,-3.1219435260546145e-13
TRT,24,2,11,0.10416666666666666,0.47916666666666663,0.3324649441674405,-3.0600459826663615e-13
TRT,24,2,12,0.10416666666666666,0.5208333333333334,-0.33246494416744804,-2.9835577083917967e-13
TRT,24,2,13,0.10416666666666666,0.5625,-0.974737895981631,-2.9579664594780414e-13
TRT,24,2,14,0.10416666666666666,0.6041666666666666,-1.5505840710152106,-3.0037755239818363e-13
TRT,24,2,15,0.10416666666666666,0.6458333333333334,-2.020760504070428,-2.851886764942814e-13
TRT,24,2,16,0.10416666666666666,0.6875,-2.3532254482378603,-2.937144581879082e-13
TRT,24,2,17,0.10416666666666666,0.7291666666666666,-2.525321966996812,-2.848288633232783e-13
TRT,24,2,18,0.10416666666666666,0.7708333333333334,-2.525321966996814,-2.879109244599132e-13
TRT,24,2,19,0.10416666666666666,0.8125,-2.3532254482378447,-3.0541374717615963e-13
TRT,24,2,20,0.10416666666666666,0.8541666666666666,-2.0207605040704166,-2.971167824229959e-13
TRT,24,2,21,0.10416666666666666,0.8958333333333334,-1.5505840710152012,-3.105401519049186e-13
TRT,24,2,22,0.10416666666666666,0.9375,-0.974737895981622,-3.074193356773424e-13
TRT,24,2,23,0.10416666666666666,0.9791666666666666,-0.3324649441674362,-3.1509032041185715e-13
TRT,24,3,0,0.14583333333333334,0.020833333333333332,0.3324649441674625,-4.039515616006094e-13
TRT,24,3,1,0.14583333333333334,0.0625,0.9747378959816503,-4.076357469806038e-13
TRT,24,3,2,0.14583333333333334,0.10416666666666666,1.5505840710152325,-4.132166891679419e-13
TRT,24,3,3,0.14583333333333334,0.14583333333333334,2.0207605040704375,-4.0994893062204715e-13
TRT,24,3,4,0.14583333333333334,0.1875,2.353225448237867,-4.1309931440459127e-13
TRT,24,3,5,0.14583333333333334,0.22916666666666666,2.5253219669968265,-4.101231201620855e-13
TRT,24,3,6,0.14583333333333334,0.2708333333333333,2.5253219669968106,-4.159246447566427e-13
TRT,24,3,7,0.14583333333333334,0.31249999999999994,2.3532254482378447,-4.0452319252065517e-13
TRT,24,3,8,0.14583333333333334,0.35416666666666663,2.0207605040704077,-4.038441425779216e-13
TRT,24,3,9,0.14583333333333334,0.3958333333333333,1.5505840710152,-3.925001774211136e-13
TRT,24,3,10,0.14583333333333334,0.43749999999999994,0.9747378959816265,-3.906347439638094e-13
TRT,24,3,11,0.14583333333333334,0.47916666666666663,0.3324649441674407,-3.8781302519878984e-13
TRT,24,3,12,0.14583333333333334,0.5208333333333334,-0.33246494416744415,-3.8852253635092177e-13
TRT,24,3,13,0.14583333333333334,0.5625,-0.9747378959816336,-3.820749752389661e-13
TRT,24,3,14,0.14583333333333334,0.6041666666666666,-1.5505840710152103,-3.799411983661799e-13
TRT,24,3,15,0.14583333333333334,0.6458333333333334,-2.0207605040704224,-3.857038980521698e-13
TRT,24,3,16,0.14583333333333334,0.6875,-2.3532254482378545,-3.7460586557299364e-13
TRT,24,3,17,0.14583333333333334,0.7291666666666666,-2.5253219669968106,-3.728326606899503e-13
TRT,24,3,18,0.14583333333333334,0.7708333333333334,-2.525321966996812,-3.776550991294391e-13
TRT,24,3,19,0.14583333333333334,0.8125,-2.353225448237839,-3.841480726548685e-13
TRT,24,3,20,0.14583333333333334,0.8541666666666666,-2.0207605040704113,-3.8883573502862586e-13
TRT,24,3,21,0.14583333333333334,0.8958333333333334,-1.550584071015198,-3.9277050312771574e-13
TRT,24,3,22,0.14583333333333334,0.9375,-0.9747378959816203,-4.0299359605144566e-13
TRT,24,3,23,0.14583333333333334,0.9791666666666666,-0.3324649441674342,-4.0806006611132027e-13
TRT,24,4,0,0.1875,0.020833333333333332,0.33246494416746575,-4.64994748630001e-13
TRT,24,4,1,0.1875,0.0625,0.9747378959816486,-4.609777065661593e-13
TRT,24,4,2,0.1875,0.10416666666666666,1.5505840710152345,-4.643806472854081e-13
TRT,24,4,3,0.1875,0.14583333333333334,2.020760504070438,-4.64626262322057e-13
TRT,24,4,4,0.1875,0.1875,2.353225448237865,-4.6148712296593e-13
TRT,24,4,5,0.1875,0.22916666666666666,2.525321966996823,-4.711455594924249e-13
TRT,24,4,6,0.1875,0.2708333333333333,2.5253219669968106,-4.587886247366362e-13
TRT,24,4,7,0.1875,0.31249999999999994,2.353225448237837,-4.586777725384509e-13
TRT,24,4,8,0.1875,0.35416666666666663,2.0207605040704126,-4.568775627363729e-13
TRT,24,4,9,0.1875,0.3958333333333333,1.5505840710151977,-4.4430996562332815e-13
TRT,24,4,10,0.1875,0.43749999999999994,0.9747378959816216,-4.4677929192776876e-13
TRT,24,4,11,0.1875,0.47916666666666663,0.3324649441674398,-4.4395235958875807e-13
TRT,24,4,12,0.1875,0.5208333333333334,-0.33246494416745404,-4.4102998364000825e-13
TRT,24,4,13,0.1875,0.5625,-0.9747378959816352,-4.39720075902316e-13
TRT,24,4,14,0.1875,0.6041666666666666,-1.5505840710152203,-4.428591321514516e-13
TRT,24,4,15,0.1875,0.6458333333333334,-2.020760504070428,-4.37384194004039e-13
TRT,24,4,16,0.1875,0.6875,-2.3532254482378527,-4.466916137873746e-13
TRT,24,4,17,0.1875,0.7291666666666666,-2.5253219669968168,-4.3786769272011804e-13
TRT,24,4,18,0.1875,0.7708333333333334,-2.5253219669968074,-4.384170269613294e-13
TRT,24,4,19,0.1875,0.8125,-2.3532254482378403,-4.5246523213000765e-13
TRT,24,4,20,0.1875,0.8541666666666666,-2.0207605040704104,-4.4479476768764376e-13
TRT,24,4,21,0.1875,0.8958333333333334,-1.550584071015195,-4.586813171243584e-13
TRT,24,4,22,0.1875,0.9375,-0.9747378959816265,-4.562622475162787e-13
TRT,24,4,23,0.1875,0.9791666666666666,-0.3324649441674338,-4.634230122450268e-13
TRT,24,5,0,0.22916666666666666,0.020833333333333332,0.3324649441674541,-4.91251497008885e-13
TRT,24,5,1,0.22916666666666666,0.0625,0.9747378959816458,-4.885987117935894e-13
TRT,24,5,2,0.22916666666666666,0.10416666666666666,1.5505840710152277,-4.90467545123104e-13
TRT,24,5,3,0.22916666666666666,0.14583333333333334,2.0207605040704424,-4.892549098377093e-13
TRT,24,5,4,0.22916666666666666,0.1875,2.3532254482378643,-4.851825904197867e-13
TRT,24,5,5,0.22916666666666666,0.22916666666666666,2.525321966996826,-4.826649370244594e-13
TRT,24,5,6,0.22916666666666666,0.2708333333333333,2.5253219669968123,-4.918998777996596e-13
TRT,24,5,7,0.22916666666666666,0.31249999999999994,2.353225448237832,-4.738782453394443e-13
TRT,24,5,8,0.22916666666666666,0.35416666666666663,2.0207605040704077,-4.735007561316127e-13
TRT,24,5,9,0.22916666666666666,0.3958333333333333,1.5505840710152006,-4.74511137900634e-13
TRT,24,5,10,0.22916666666666666,0.43749999999999994,0.9747378959816253,-4.705506010305562e-13
TRT,24,5,11,0.22916666666666666,0.47916666666666663,0.33246494416743966,-4.701477076470336e-13
TRT,24,5,12,0.22916666666666666,0.5208333333333334,-0.3324649441674498,-4.697931249012833e-13
TRT,24,5,13,0.22916666666666666,0.5625,-0.9747378959816405,-4.690113851399834e-13
TRT,24,5,14,0.22916666666666666,0.6041666666666666,-1.550584071015217,-4.702294303557405e-13
TRT,24,5,15,0.22916666666666666,0.6458333333333334,-2.020760504070429,-4.752899694411573e-13
TRT,24,5,16,0.22916666666666666,0.6875,-2.3532254482378603,-4.686772065402839e-13
TRT,24,5,17,0.22916666666666666,0.7291666666666666,-2.525321966996813,-4.689000630561687e-13
TRT,24,5,18,0.22916666666666666,0.7708333333333334,-2.52532196699681,-4.722221786464118e-13
TRT,24,5,19,0.22916666666666666,0.8125,-2.353225448237831,-4.804436846560364e-13
TRT,24,5,20,0.22916666666666666,0.8541666666666666,-2.020760504070406,-4.783271969130299e-13
TRT,24,5,21,0.22916666666666666,0.8958333333333334,-1.550584071015197,-4.84924901393063e-13
TRT,24,5,22,0.22916666666666666,0.9375,-0.9747378959816183,-4.931977296942837e-13
TRT,24,5,23,0.22916666666666666,0.9791666666666666,-0.3324649441674383,-4.853930917394142e-13
TRT,24,6,0,0.2708333333333333,0.020833333333333332,0.3324649441674547,-4.813261876667149e-13
TRT,24,6,1,0.2708333333333333,0.0625,0.9747378959816385,-4.762450469372711e-13
TRT,24,6,2,0.2708333333333333,0.10416666666666666,1.5505840710152292,-4.757304078143796e-13
TRT,24,6,3,0.2708333333333333,0.14583333333333334,2.0207605040704357,-4.785477108244894e-13
TRT,24,6,4,0.2708333333333333,0.1875,2.353225448237867,-4.720994171235649e-13
TRT,24,6,5,0.2708333333333333,0.22916666666666666,2.525321966996816,-4.668315227859681e-13
TRT,24,6,6,0.2708333333333333,0.2708333333333333,2.525321966996814,-4.697090337584364e-13
TRT,24,6,7,0.2708333333333333,0.31249999999999994,2.3532254482378385,-4.662774312052366e-13
TRT,24,6,8,0.2708333333333333,0.35416666666666663,2.020760504070408,-4.618877209579148e-13
TRT,24,6,9,0.2708333333333333,0.3958333333333333,1.5505840710152,-4.59773996404345e-13
TRT,24,6,10,0.2708333333333333,0.43749999999999994,0.9747378959816259,-4.639837223191252e-13
TRT,24,6,11,0.2708333333333333,0.47916666666666663,0.3324649441674439,-4.598859106312775e-13
TRT,24,6,12,0.2708333333333333,0.5208333333333334,-0.3324649441674612,-4.631151911464018e-13
TRT,24,6,13,0.2708333333333333,0.5625,-0.9747378959816408,-4.662943882711159e-13
TRT,24,6,14,0.2708333333333333,0.6041666666666666,-1.550584071015221,-4.640319549719245e-13
TRT,24,6,15,0.2708333333333333,0.6458333333333334,-2.0207605040704277,-4.709478172243886e-13
TRT,24,6,16,0.2708333333333333,0.6875,-2.353225448237859,-4.743864773628593e-13
TRT,24,6,17,0.2708333333333333,0.7291666666666666,-2.5253219669968137,-4.74280034434466e-13
TRT,24,6,18,0.2708333333333333,0.7708333333333334,-2.52532196699681,-4.701029014716764e-13
TRT,24,6,19,0.2708333333333333,0.8125,-2.353225448237829,-4.785812953634507e-13
TRT,24,6,20,0.2708333333333333,0.8541666666666666,-2.02076050407041,-4.804049705359437e-13
TRT,24,6,21,0.2708333333333333,0.8958333333333334,-1.550584071015193,-4.848765297808643e-13
TRT,24,6,22,0.2708333333333333,0.9375,-0.9747378959816145,-4.830553887963475e-13
TRT,24,6,23,0.2708333333333333,0.9791666666666666,-0.33246494416743094,-4.936914203709982e-13
TRT,24,7,0,0.31249999999999994,0.020833333333333332,0.33246494416746114,-4.520311051958643e-13
TRT,24,7,1,0.31249999999999994,0.0625,0.9747378959816446,-4.3060387516228363e-13
TRT,24,7,2,0.31249999999999994,0.10416666666666666,1.550584071015221,-4.3751658978596475e-13
TRT,24,7,3,0.31249999999999994,0.14583333333333334,2.02076050407044,-4.3469539046800226e-13
TRT,24,7,4,0.31249999999999994,0.1875,2.353225448237865,-4.3146183905640365e-13
TRT,24,7,5,0.31249999999999994,0.22916666666666666,2.5253219669968145,-4.2469619530111326e-13
TRT,24,7,6,0.31249999999999994,0.2708333333333333,2.5253219669968168,-4.2440623570450745e-13
TRT,24,7,7,0.31249999999999994,0.31249999999999994,2.35322544823784,-4.195483792116201e-13
TRT,24,7,8,0.31249999999999994,0.35416666666666663,2.0207605040704086,-4.149501449956483e-13
TRT,24,7,9,0.31249999999999994,0.3958333333333333,1.5505840710151992,-4.2332076567131e-13
TRT,24,7,10,0.31249999999999994,0.43749999999999994,0.9747378959816263,-4.166862860683882e-13
TRT,24,7,11,0.31249999999999994,0.47916666666666663,0.3324649441674384,-4.262665838099956e-13
TRT,24,7,12,0.31249999999999994,0.5208333333333334,-0.33246494416745576,-4.260750198246992e-13
TRT,24,7,13,0.31249999999999994,0.5625,-0.9747378959816413,-4.2156980897845265e-13
TRT,24,7,14,0.31249999999999994,0.6041666666666666,-1.5505840710152166,-4.263002940851226e-13
TRT,24,7,15,0.31249999999999994,0.6458333333333334,-2.020760504070431,-4.369059612441999e-13
TRT,24,7,16,0.31249999999999994,0.6875,-2.353225448237856,-4.353811770958737e-13
TRT,24,7,17,0.31249999999999994,0.7291666666666666,-2.5253219669968145,-4.4200967372501667e-13
TRT,24,7,18,0.31249999999999994,0.7708333333333334,-2.5253219669968066,-4.397047103641102e-13
TRT,24,7,19,0.31249999999999994,0.8125,-2.353225448237835,-4.454462021759607e-13
TRT,24,7,20,0.31249999999999994,0.8541666666666666,-2.020760504070403,-4.4617604863689335e-13
TRT,24,7,21,0.31249999999999994,0.8958333333333334,-1.5505840710151972,-4.3967909772551063e-13
TRT,24,7,22,0.31249999999999994,0.9375,-0.9747378959816172,-4.509027314651986e-13
TRT,24,7,23,0.31249999999999994,0.9791666666666666,-0.33246494416743266,-4.4671500276494695e-13
TRT,24,8,0,0.35416666666666663,0.020833333333333332,0.3324649441674553,-3.6935917957987457e-13
TRT,24,8,1,0.35416666666666663,0.0625,0.974737895981642,-3.6756128143881406e-13
TRT,24,8,2,0.35416666666666663,0.10416666666666666,1.5505840710152177,-3.6323306975032926e-13
TRT,24,8,3,0.35416666666666663,0.14583333333333334,2.0207605040704304,-3.5855276391800063e-13
TRT,24,8,4,0.35416666666666663,0.1875,2.3532254482378643,-3.615121271592098e-13
TRT,24,8,5,0.35416666666666663,0.22916666666666666,2.52532196699681,-3.440045741715155e-13
TRT,24,8,6,0.35416666666666663,0.2708333333333333,2.525321966996819,-3.456942182427751e-13
TRT,24,8,7,0.35416666666666663,0.31249999999999994,2.3532254482378434,-3.4968206030036364e-13
TRT,24,8,8,0.35416666666666663,0.35416666666666663,2.0207605040704117,-3.474942663382315e-13
TRT,24,8,9,0.35416666666666663,0.3958333333333333,1.550584071015205,-3.4473180879077034e-13
TRT,24,8,10,0.35416666666666663,0.43749999999999994,0.9747378959816255,-3.4970321296082624e-13
TRT,24,8,11,0.35416666666666663,0.47916666666666663,0.3324649441674421,-3.4428677139752523e-13
TRT,24,8,12,0.35416666666666663,0.5208333333333334,-0.3324649441674589,-3.5271456641655573e-13
TRT,24,8,13,0.35416666666666663,0.5625,-0.9747378959816372,-3.57890831414505e-13
TRT,24,8,14,0.35416666666666663,0.6041666666666666,-1.5505840710152226,-3.6298580485298545e-13
TRT,24,8,15,0.35416666666666663,0.6458333333333334,-2.020760504070425,-3.705198060026975e-13
TRT,24,8,16,0.35416666666666663,0.6875,-2.353225448237865,-3.7323856000365975e-13
TRT,24,8,17,0.35416666666666663,0.7291666666666666,-2.525321966996817,-3.853911808911773e-13
TRT,24,8,18,0.35416666666666663,0.7708333333333334,-2.5253219669968106,-3.766620332853694e-13
TRT,24,8,19,0.35416666666666663,0.8125,-2.353225448237839,-3.82163318964999e-13
TRT,24,8,20,0.35416666666666663,0.8541666666666666,-2.0207605040704135,-3.861951017786139e-13
TRT,24,8,21,0.35416666666666663,0.8958333333333334,-1.5505840710151912,-3.8345556090506727e-13
TRT,24,8,22,0.35416666666666663,0.9375,-0.974737895981622,-3.7613225516028595e-13
TRT,24,8,23,0.35416666666666663,0.9791666666666666,-0.3324649441674304,-3.8564989782927766e-13
TRT,24,9,0,0.3958333333333333,0.020833333333333332,0.33246494416745714,-2.844409069311911e-13
TRT,24,9,1,0.3958333333333333,0.0625,0.9747378959816442,-2.672325526891353e-13
TRT,24,9,2,0.3958333333333333,0.10416666666666666,1.550584071015214,-2.7331286064739e-13
TRT,24,9,3,0.3958333333333333,0.14583333333333334,2.0207605040704277,-2.6005116687483093e-13
TRT,24,9,4,0.3958333333333333,0.1875,2.353225448237858,-2.635052958611454e-13
TRT,24,9,5,0.3958333333333333,0.22916666666666666,2.5253219669968194,-2.490153312239845e-13
TRT,24,9,6,0.3958333333333333,0.2708333333333333,2.5253219669968163,-2.4782363678666934e-13
TRT,24,9,7,0.3958333333333333,0.31249999999999994,2.353225448237844,-2.5197381241374594e-13
TRT,24,9,8,0.3958333333333333,0.35416666666666663,2.0207605040704117,-2.4274406242875923e-13
TRT,24,9,9,0.3958333333333333,0.3958333333333333,1.5505840710152006,-2.581229812346819e-13
TRT,24,9,10,0.3958333333333333,0.43749999999999994,0.9747378959816249,-2.4881189210390347e-13
TRT,24,9,11,0.3958333333333333,0.47916666666666663,0.33246494416744227,-2.58807581155126e-13
TRT,24,9,12,0.3958333333333333,0.5208333333333334,-0.332464944167461,-2.579702630225114e-13
TRT,24,9,13,0.3958333333333333,0.5625,-0.9747378959816375,-2.6607694571653554e-13
TRT,24,9,14,0.3958333333333333,0.6041666666666666,-1.5505840710152232,-2.6835115267777556e-13
TRT,24,9,15,0.3958333333333333,0.6458333333333334,-2.020760504070429,-2.849396826401549e-13
TRT,24,9,16,0.3958333333333333,0.6875,-2.353225448237862,-2.857336961602957e-13
TRT,24,9,17,0.3958333333333333,0.7291666666666666,-2.5253219669968217,-2.943391450246197e-13
TRT,24,9,18,0.3958333333333333,0.7708333333333334,-2.5253219669968066,-2.911202495886341e-13
TRT,24,9,19,0.3958333333333333,0.8125,-2.353225448237843,-2.875065493471729e-13
TRT,24,9,20,0.3958333333333333,0.8541666666666666,-2.0207605040704095,-2.910763492016373e-13
TRT,24,9,21,0.3958333333333333,0.8958333333333334,-1.5505840710152012,-2.79733639727641e-13
TRT,24,9,22,0.3958333333333333,0.9375,-0.9747378959816159,-2.9078810736467655e-13
TRT,24,9,23,0.3958333333333333,0.9791666666666666,-0.33246494416742906,-2.82022505121469e-13
TRT,24,10,0,0.43749999999999994,0.020833333333333332,0.3324649441674514,-1.6201747565803743e-13
TRT,24,10,1,0.43749999999999994,0.0625,0.974737895981633,-1.6257118300953093e-13
TRT,24,10,2,0.43749999999999994,0.10416666666666666,1.5505840710152146,-1.6139274771417698e-13
TRT,24,10,3,0.43749999999999994,0.14583333333333334,2.0207605040704264,-1.4630642096392062e-13
TRT,24,10,4,0.43749999999999994,0.1875,2.3532254482378514,-1.4477787897959705e-13
TRT,24,10,5,0.43749999999999994,0.22916666666666666,2.525321966996816,-1.30004424062149e-13
TRT,24,10,6,0.43749999999999994,0.2708333333333333,2.5253219669968123,-1.3784096749238325e-13
TRT,24,10,7,0.43749999999999994,0.31249999999999994,2.3532254482378585,-1.3728774357417565e-13
TRT,24,10,8,0.43749999999999994,0.35416666666666663,2.020760504070409,-1.3895235142722527e-13
TRT,24,10,9,0.43749999999999994,0.3958333333333333,1.550584071015211,-1.3922921493874474e-13
TRT,24,10,10,0.43749999999999994,0.43749999999999994,0.9747378959816272,-1.3615166063638175e-13
TRT,24,10,11,0.43749999999999994,0.47916666666666663,0.33246494416744754,-1.3540862940575942e-13
TRT,24,10,12,0.43749999999999994,0.5208333333333334,-0.33246494416745637,-1.5189653006632255e-13
TRT,24,10,13,0.43749999999999994,0.5625,-0.9747378959816352,-1.6096066729982204e-13
TRT,24,10,14,0.43749999999999994,0.6041666666666666,-1.5505840710152146,-1.7008012484404322e-13
TRT,24,10,15,0.43749999999999994,0.6458333333333334,-2.0207605040704233,-1.6882336262672408e-13
TRT,24,10,16,0.43749999999999994,0.6875,-2.3532254482378545,-1.691690802978067e-13
TRT,24,10,17,0.43749999999999994,0.7291666666666666,-2.5253219669968185,-1.8474423339388296e-13
TRT,24,10,18,0.43749999999999994,0.7708333333333334,-2.525321966996805,-1.7941140142456745e-13
TRT,24,10,19,0.43749999999999994,0.8125,-2.353225448237846,-1.828552264985069e-13
TRT,24,10,20,0.43749999999999994,0.8541666666666666,-2.0207605040704193,-1.8421215190153006e-13
TRT,24,10,21,0.43749999999999994,0.8958333333333334,-1.5505840710152,-1.7860968807649743e-13
TRT,24,10,22,0.43749999999999994,0.9375,-0.9747378959816283,-1.689847785854355e-13
TRT,24,10,23,0.43749999999999994,0.9791666666666666,-0.3324649441674333,-1.8386407229791748e-13
TRT,24,11,0,0.47916666666666663,0.020833333333333332,0.33246494416745126,-5.6052030360237446e-14
TRT,24,11,1,0.47916666666666663,0.0625,0.9747378959816323,-3.1429339192378636e-14
TRT,24,11,2,0.47916666666666663,0.10416666666666666,1.5505840710152077,-3.480628545735029e-14
TRT,24,11,3,0.47916666666666663,0.14583333333333334,2.0207605040704233,-2.7508701057646242e-14
TRT,24,11,4,0.47916666666666663,0.1875,2.353225448237848,-2.201856017040114e-14
TRT,24,11,5,0.47916666666666663,0.22916666666666666,2.525321966996807,-1.2725712958926084e-14
TRT,24,11,6,0.47916666666666663,0.2708333333333333,2.525321966996817,-3.6939048280852234e-15
TRT,24,11,7,0.47916666666666663,0.31249999999999994,2.353225448237851,-1.5409437979143276e-14
TRT,24,11,8,0.47916666666666663,0.35416666666666663,2.020760504070421,-1.1670366050028384e-14
TRT,24,11,9,0.47916666666666663,0.3958333333333333,1.5505840710152072,-1.5001894151937774e-14
TRT,24,11,10,0.47916666666666663,0.43749999999999994,0.9747378959816352,-9.560690449682825e-15
TRT,24,11,11,0.47916666666666663,0.47916666666666663,0.3324649441674447,-2.6376429747294694e-14
TRT,24,11,12,0.47916666666666663,0.5208333333333334,-0.3324649441674507,-3.5212674906151907e-14
TRT,24,11,13,0.47916666666666663,0.5625,-0.9747378959816282,-4.163655332220496e-14
TRT,24,11,14,0.47916666666666663,0.6041666666666666,-1.5505840710152137,-4.0488342218361724e-14
TRT,24,11,15,0.47916666666666663,0.6458333333333334,-2.020760504070413,-5.308748801235269e-14
TRT,24,11,16,0.47916666666666663,0.6875,-2.3532254482378554,-5.305199128096653e-14
TRT,24,11,17,0.47916666666666663,0.7291666666666666,-2.5253219669968163,-6.08111477975866e-14
TRT,24,11,18,0.47916666666666663,0.7708333333333334,-2.5253219669968088,-6.600584483170435e-14
TRT,24,11,19,0.47916666666666663,0.8125,-2.3532254482378483,-6.537376712588875e-14
TRT,24,11,20,0.47916666666666663,0.8541666666666666,-2.0207605040704255,-5.6361954099681815e-14
TRT,24,11,21,0.47916666666666663,0.8958333333333334,-1.5505840710152066,-4.679080845104999e-14
TRT,24,11,22,0.47916666666666663,0.9375,-0.9747378959816353,-5.804208588784033e-14
TRT,24,11,23,0.47916666666666663,0.9791666666666666,-0.33246494416745137,-5.130560532430359e-14
TRT,24,12,0,0.5208333333333334,0.020833333333333332,0.33246494416744615,8.608709817850166e-14
TRT,24,12,1,0.5208333333333334,0.0625,0.9747378959816243,8.123800594994057e-14
TRT,24,12,2,0.5208333333333334,0.10416666666666666,1.550584071015206,8.334928733749513e-14
TRT,24,12,3,0.5208333333333334,0.14583333333333334,2.0207605040704175,9.827005036549417e-14
TRT,24,12,4,0.5208333333333334,0.1875,2.3532254482378483,1.0291941367149047e-13
TRT,24,12,5,0.5208333333333334,0.22916666666666666,2.5253219669968106,1.2169017718390882e-13
TRT,24,12,6,0.5208333333333334,0.2708333333333333,2.525321966996814,1.1152741993127078e-13
TRT,24,12,7,0.5208333333333334,0.31249999999999994,2.3532254482378576,1.1112067124742868e-13
TRT,24,12,8,0.5208333333333334,0.35416666666666663,2.020760504070419,1.066272672202493e-13
TRT,24,12,9,0.5208333333333334,0.3958333333333333,1.550584071015216,1.096239204211428e-13
TRT,24,12,10,0.5208333333333334,0.43749999999999994,0.974737895981634,1.0700693342980255e-13
TRT,24,12,11,0.5208333333333334,0.47916666666666663,0.33246494416745354,1.0262612052739118e-13
TRT,24,12,12,0.5208333333333334,0.5208333333333334,-0.33246494416743894,8.992997626366787e-14
TRT,24,12,13,0.5208333333333334,0.5625,-0.9747378959816249,7.945760642376053e-14
TRT,24,12,14,0.5208333333333334,0.6041666666666666,-1.550584071015205,7.776610914148973e-14
TRT,24,12,15,0.5208333333333334,0.6458333333333334,-2.0207605040704175,7.371280482439077e-14
TRT,24,12,16,0.5208333333333334,0.6875,-2.353225448237846,7.279576721273438e-14
TRT,24,12,17,0.5208333333333334,0.7291666666666666,-2.5253219669968168,6.578715958903107e-14
TRT,24,12,18,0.5208333333333334,0.7708333333333334,-2.52532196699681,6.408376358249761e-14
TRT,24,12,19,0.5208333333333334,0.8125,-2.3532254482378527,5.92352889396768e-14
TRT,24,12,20,0.5208333333333334,0.8541666666666666,-2.0207605040704246,6.200728553800985e-14
TRT,24,12,21,0.5208333333333334,0.8958333333333334,-1.5505840710152192,6.694082538865937e-14
TRT,24,12,22,0.5208333333333334,0.9375,-0.9747378959816386,6.962523181390731e-14
TRT,24,12,23,0.5208333333333334,0.9791666666666666,-0.33246494416745453,6.544348063730576e-14
TRT,24,13,0,0.5625,0.020833333333333332,0.3324649441674391,1.8703213433911247e-13
TRT,24,13,1,0.5625,0.0625,0.974737895981623,2.0391021789767746e-13
TRT,24,13,2,0.5625,0.10416666666666666,1.5505840710152023,2.0755150674596548e-13
TRT,24,13,3,0.5625,0.14583333333333334,2.0207605040704153,2.1235430688034705e-13
TRT,24,13,4,0.5625,0.1875,2.353225448237843,2.244751828251831e-13
TRT,24,13,5,0.5625,0.22916666666666666,2.525321966996809,2.2968162864226326e-13
TRT,24,13,6,0.5625,0.2708333333333333,2.5253219669968137,2.4066451542116035e-13
TRT,24,13,7,0.5625,0.31249999999999994,2.353225448237852,2.280291639746275e-13
TRT,24,13,8,0.5625,0.35416666666666663,2.0207605040704224,2.277100298947163e-13
TRT,24,13,9,0.5625,0.3958333333333333,1.550584071015218,2.2423496977139389e-13
TRT,24,13,10,0.5625,0.43749999999999994,0.9747378959816408,2.273995045458099e-13
TRT,24,13,11,0.5625,0.47916666666666663,0.33246494416745803,2.1098137928072453e-13
TRT,24,13,12,0.5625,0.5208333333333334,-0.3324649441674402,2.0713045974069167e-13
TRT,24,13,13,0.5625,0.5625,-0.9747378959816222,2.000196998702863e-13
TRT,24,13,14,0.5625,0.6041666666666666,-1.5505840710152077,2.008122440431822e-13
TRT,24,13,15,0.5625,0.6458333333333334,-2.0207605040704046,1.89934461452064e-13
TRT,24,13,16,0.5625,0.6875,-2.3532254482378474,1.9286268533126972e-13
TRT,24,13,17,0.5625,0.7291666666666666,-2.525321966996812,1.8470446893501188e-13
TRT,24,13,18,0.5625,0.7708333333333334,-2.525321966996813,1.7763169643370474e-13
TRT,24,13,19,0.5625,0.8125,-2.3532254482378563,1.7675425525424528e-13
TRT,24,13,20,0.5625,0.8541666666666666,-2.020760504070435,1.8244135832508804e-13
TRT,24,13,21,0.5625,0.8958333333333334,-1.5505840710152132,1.9631191807422507e-13
TRT,24,13,22,0.5625,0.9375,-0.9747378959816392,1.87641465647286e-13
TRT,24,13,23,0.5625,0.9791666666666666,-0.33246494416745537,1.9505609513337427e-13
TRT,24,14,0,0.6041666666666666,0.020833333333333332,0.332464944167429,3.0424002283049553e-13
TRT,24,14,1,0.6041666666666666,0.0625,0.9747378959816262,3.077350629406473e-13
TRT,24,14,2,0.6041666666666666,0.10416666666666666,1.5505840710151952,3.0434142993332694e-13
TRT,24,14,3,0.6041666666666666,0.14583333333333334,2.0207605040704184,3.148520909632763e-13
TRT,24,14,4,0.6041666666666666,0.1875,2.3532254482378416,3.242283584139532e-13
TRT,24,14,5,0.6041666666666666,0.22916666666666666,2.5253219669968106,3.373969915069009e-13
TRT,24,14,6,0.6041666666666666,0.2708333333333333,2.5253219669968128,3.309678527171638e-13
TRT,24,14,7,0.6041666666666666,0.31249999999999994,2.353225448237858,3.296211092205631e-13
TRT,24,14,8,0.6041666666666666,0.35416666666666663,2.02076050407042,3.2949042494261766e-13
TRT,24,14,9,0.6041666666666666,0.3958333333333333,1.5505840710152219,3.335841886272807e-13
TRT,24,14,10,0.6041666666666666,0.43749999999999994,0.9747378959816408,3.201986893626716e-13
TRT,24,14,11,0.6041666666666666,0.47916666666666663,0.33246494416746236,3.2374369597384484e-13
TRT,24,14,12,0.6041666666666666,0.5208333333333334,-0.3324649441674374,3.198598614600614e-13
TRT,24,14,13,0.6041666666666666,0.5625,-0.9747378959816252,3.062514091758157e-13
TRT,24,14,14,0.6041666666666666,0.6041666666666666,-1.550584071015198,3.080595893820181e-13
TRT,24,14,15,0.6041666666666666,0.6458333333333334,-2.0207605040704126,3.06627599448816e-13
TRT,24,14,16,0.6041666666666666,0.6875,-2.3532254482378416,3.0109878700296876e-13
TRT,24,14,17,0.6041666666666666,0.7291666666666666,-2.5253219669968168,2.9038406272115666e-13
TRT,24,14,18,0.6041666666666666,0.7708333333333334,-2.525321966996814,2.8461198082229726e-13
TRT,24,14,19,0.6041666666666666,0.8125,-2.3532254482378616,2.8405058088865735e-13
TRT,24,14,20,0.6041666666666666,0.8541666666666666,-2.0207605040704215,2.917559925183258e-13
TRT,24,14,21,0.6041666666666666,0.8958333333333334,-1.5505840710152219,2.9546726655604574e-13
TRT,24,14,22,0.6041666666666666,0.9375,-0.974737895981642,2.917542219868964e-13
TRT,24,14,23,0.6041666666666666,0.9791666666666666,-0.3324649441674568,2.9115550350720407e-13
TRT,24,15,0,0.6458333333333334,0.020833333333333332,0.3324649441674371,3.864570631972431e-13
TRT,24,15,1,0.6458333333333334,0.0625,0.9747378959816155,3.8904018749202297e-13
TRT,24,15,2,0.6458333333333334,0.10416666666666666,1.5505840710152,3.9543276405416503e-13
TRT,24,15,3,0.6458333333333334,0.14583333333333334,2.0207605040704077,4.0105589720116e-13
TRT,24,15,4,0.6458333333333334,0.1875,2.3532254482378465,4.057757158426267e-13
TRT,24,15,5,0.6458333333333334,0.22916666666666666,2.5253219669968,4.055844887527259e-13
TRT,24,15,6,0.6458333333333334,0.2708333333333333,2.52532196699682,4.1499304861180835e-13
TRT,24,15,7,0.6458333333333334,0.31249999999999994,2.353225448237857,4.1382332509396295e-13
TRT,24,15,8,0.6458333333333334,0.35416666666666663,2.0207605040704344,4.1229716153687414e-13
TRT,24,15,9,0.6458333333333334,0.3958333333333333,1.5505840710152166,4.1120426452570604e-13
TRT,24,15,10,0.6458333333333334,0.43749999999999994,0.9747378959816425,4.106007696404497e-13
TRT,24,15,11,0.6458333333333334,0.47916666666666663,0.3324649441674615,4.0367489876268713e-13
TRT,24,15,12,0.6458333333333334,0.5208333333333334,-0.3324649441674435,3.9616104395430513e-13
TRT,24,15,13,0.6458333333333334,0.5625,-0.9747378959816199,3.9643898200694114e-13
TRT,24,15,14,0.6458333333333334,0.6041666666666666,-1.550584071015196,3.9489091129297993e-13
TRT,24,15,15,0.6458333333333334,0.6458333333333334,-2.0207605040704038,3.85778871765036e-13
TRT,24,15,16,0.6458333333333334,0.6875,-2.3532254482378403,3.8794295977047296e-13
TRT,24,15,17,0.6458333333333334,0.7291666666666666,-2.525321966996817,3.758238746014896e-13
TRT,24,15,18,0.6458333333333334,0.7708333333333334,-2.525321966996818,3.7105359567619464e-13
TRT,24,15,19,0.6458333333333334,0.8125,-2.3532254482378563,3.781912512969631e-13
TRT,24,15,20,0.6458333333333334,0.8541666666666666,-2.020760504070428,3.8057844846531924e-13
TRT,24,15,21,0.6458333333333334,0.8958333333333334,-1.5505840710152192,3.8096503581617764e-13
TRT,24,15,22,0.6458333333333334,0.9375,-0.9747378959816418,3.811772458059931e-13
TRT,24,15,23,0.6458333333333334,0.9791666666666666,-0.33246494416745653,3.85318433682724e-13
TRT,24,16,0,0.6875,0.020833333333333332,0.33246494416744,4.428518875747264e-13
TRT,24,16,1,0.6875,0.0625,0.9747378959816289,4.475143449567198e-13
TRT,24,16,2,0.6875,0.10416666666666666,1.550584071015201,4.433729601776263e-13
TRT,24,16,3,0.6875,0.14583333333333334,2.0207605040704104,4.5116663998393186e-13
TRT,24,16,4,0.6875,0.1875,2.353225448237839,4.559366659896381e-13
TRT,24,16,5,0.6875,0.22916666666666666,2.5253219669968097,4.628685864213613e-13
TRT,24,16,6,0.6875,0.2708333333333333,2.525321966996816,4.631988669198792e-13
TRT,24,16,7,0.6875,0.31249999999999994,2.353225448237867,4.621432216846077e-13
TRT,24,16,8,0.6875,0.35416666666666663,2.020760504070429,4.619340048029172e-13
TRT,24,16,9,0.6875,0.3958333333333333,1.5505840710152223,4.629939859169244e-13
TRT,24,16,10,0.6875,0.43749999999999994,0.9747378959816396,4.633528201439814e-13
TRT,24,16,11,0.6875,0.47916666666666663,0.3324649441674581,4.643141978109026e-13
TRT,24,16,12,0.6875,0.5208333333333334,-0.3324649441674343,4.678375814762375e-13
TRT,24,16,13,0.6875,0.5625,-0.9747378959816192,4.607572107392646e-13
TRT,24,16,14,0.6875,0.6041666666666666,-1.5505840710151977,4.533997763856394e-13
TRT,24,16,15,0.6875,0.6458333333333334,-2.020760504070402,4.5427830644688897e-13
TRT,24,16,16,0.6875,0.6875,-2.353225448237836,4.4764699266233454e-13
TRT,24,16,17,0.6875,0.7291666666666666,-2.5253219669968128,4.41086091430392e-13
TRT,24,16,18,0.6875,0.7708333333333334,-2.5253219669968097,4.4056591329780224e-13
TRT,24,16,19,0.6875,0.8125,-2.353225448237863,4.398827774870892e-13
TRT,24,16,20,0.6875,0.8541666666666666,-2.020760504070429,4.383374256290749e-13
TRT,24,16,21,0.6875,0.8958333333333334,-1.5505840710152283,4.3959697808756784e-13
TRT,24,16,22,0.6875,0.9375,-0.9747378959816386,4.3704861338506927e-13
TRT,24,16,23,0.6875,0.9791666666666666,-0.33246494416745753,4.3778670616392173e-13
TRT,24,17,0,0.7291666666666666,0.020833333333333332,0.33246494416744155,4.774838863919988e-13
TRT,24,17,1,0.7291666666666666,0.0625,0.9747378959816199,4.70213220517706e-13
TRT,24,17,2,0.7291666666666666,0.10416666666666666,1.5505840710152006,4.688506263258502e-13
TRT,24,17,3,0.7291666666666666,0.14583333333333334,2.0207605040704104,4.762068843383815e-13
TRT,24,17,4,0.7291666666666666,0.1875,2.353225448237835,4.783922126650802e-13
TRT,24,17,5,0.7291666666666666,0.22916666666666666,2.525321966996806,4.70577636928532e-13
TRT,24,17,6,0.7291666666666666,0.2708333333333333,2.525321966996818,4.875776972898434e-13
TRT,24,17,7,0.7291666666666666,0.31249999999999994,2.3532254482378643,4.874568293368579e-13
TRT,24,17,8,0.7291666666666666,0.35416666666666663,2.0207605040704366,4.82002203327828e-13
TRT,24,17,9,0.7291666666666666,0.3958333333333333,1.550584071015218,4.920596507503653e-13
TRT,24,17,10,0.7291666666666666,0.43749999999999994,0.9747378959816422,4.928429730258234e-13
TRT,24,17,11,0.7291666666666666,0.47916666666666663,0.33246494416745603,4.943287728004574e-13
TRT,24,17,12,0.7291666666666666,0.5208333333333334,-0.3324649441674409,4.897108218525657e-13
TRT,24,17,13,0.7291666666666666,0.5625,-0.9747378959816245,4.835853665714249e-13
TRT,24,17,14,0.7291666666666666,0.6041666666666666,-1.5505840710151957,4.875154453295636e-13
TRT,24,17,15,0.7291666666666666,0.6458333333333334,-2.020760504070406,4.818381659671187e-13
TRT,24,17,16,0.7291666666666666,0.6875,-2.353225448237834,4.783340254465531e-13
TRT,24,17,17,0.7291666666666666,0.7291666666666666,-2.5253219669968114,4.744079927250338e-13
TRT,24,17,18,0.7291666666666666,0.7708333333333334,-2.52532196699682,4.643542491675301e-13
TRT,24,17,19,0.7291666666666666,0.8125,-2.353225448237862,4.708089325032863e-13
TRT,24,17,20,0.7291666666666666,0.8541666666666666,-2.020760504070437,4.721663556128181e-13
TRT,24,17,21,0.7291666666666666,0.8958333333333334,-1.5505840710152219,4.682982932160385e-13
TRT,24,17,22,0.7291666666666666,0.9375,-0.9747378959816446,4.725759226352544e-13
TRT,24,17,23,0.7291666666666666,0.9791666666666666,-0.3324649441674555,4.771227963245255e-13
TRT,24,18,0,0.7708333333333334,0.020833333333333332,0.3324649441674381,4.623204174959934e-13
TRT,24,18,1,0.7708333333333334,0.0625,0.9747378959816256,4.604643883920664e-13
TRT,24,18,2,0.7708333333333334,0.10416666666666666,1.5505840710152023,4.660391883577477e-13
TRT,24,18,3,0.7708333333333334,0.14583333333333334,2.020760504070417,4.632721930511757e-13
TRT,24,18,4,0.7708333333333334,0.1875,2.353225448237834,4.639692633362657e-13
TRT,24,18,5,0.7708333333333334,0.22916666666666666,2.525321966996817,4.644105965570216e-13
TRT,24,18,6,0.7708333333333334,0.2708333333333333,2.5253219669968145,4.635272530649155e-13
TRT,24,18,7,0.7708333333333334,0.31249999999999994,2.35322544823786,4.713847619348588e-13
TRT,24,18,8,0.7708333333333334,0.35416666666666663,2.020760504070433,4.725566342363874e-13
TRT,24,18,9,0.7708333333333334,0.3958333333333333,1.5505840710152232,4.794670522023062e-13
TRT,24,18,10,0.7708333333333334,0.43749999999999994,0.97473789598164,4.843052869975694e-13
TRT,24,18,11,0.7708333333333334,0.47916666666666663,0.33246494416745204,4.880562209374985e-13
TRT,24,18,12,0.7708333333333334,0.5208333333333334,-0.33246494416743627,4.884062617656651e-13
TRT,24,18,13,0.7708333333333334,0.5625,-0.9747378959816203,4.883046537787358e-13
TRT,24,18,14,0.7708333333333334,0.6041666666666666,-1.550584071015188,4.824753304663712e-13
TRT,24,18,15,0.7708333333333334,0.6458333333333334,-2.020760504070405,4.876856923771404e-13
TRT,24,18,16,0.7708333333333334,0.6875,-2.353225448237834,4.826544554861798e-13
TRT,24,18,17,0.7708333333333334,0.7291666666666666,-2.5253219669968052,4.716759533655982e-13
TRT,24,18,18,0.7708333333333334,0.7708333333333334,-2.52532196699682,4.747351812297488e-13
TRT,24,18,19,0.7708333333333334,0.8125,-2.35322544823786,4.700700303544589e-13
TRT,24,18,20,0.7708333333333334,0.8541666666666666,-2.02076050407043,4.677622644098013e-13
TRT,24,18,21,0.7708333333333334,0.8958333333333334,-1.5505840710152237,4.687234494591833e-13
TRT,24,18,22,0.7708333333333334,0.9375,-0.97473789598164,4.609363645455385e-13
TRT,24,18,23,0.7708333333333334,0.9791666666666666,-0.3324649441674557,4.657225682204146e-13
TRT,24,19,0,0.8125,0.020833333333333332,0.33246494416744266,4.2711466311380497e-13
TRT,24,19,1,0.8125,0.0625,0.9747378959816302,4.219896541064395e-13
TRT,24,19,2,0.8125,0.10416666666666666,1.5505840710152092,4.2707461487664364e-13
TRT,24,19,3,0.8125,0.14583333333333334,2.02076050407041,4.1676325568556277e-13
TRT,24,19,4,0.8125,0.1875,2.353225448237842,4.1952119867678824e-13
TRT,24,19,5,0.8125,0.22916666666666666,2.525321966996805,4.1483008227896866e-13
TRT,24,19,6,0.8125,0.2708333333333333,2.52532196699682,4.182542933915907e-13
TRT,24,19,7,0.8125,0.31249999999999994,2.3532254482378576,4.3434515036124063e-13
TRT,24,19,8,0.8125,0.35416666666666663,2.0207605040704375,4.306963114471189e-13
TRT,24,19,9,0.8125,0.3958333333333333,1.5505840710152197,4.393321082863734e-13
TRT,24,19,10,0.8125,0.43749999999999994,0.9747378959816393,4.403830847730985e-13
TRT,24,19,11,0.8125,0.47916666666666663,0.33246494416745437,4.468286539041198e-13
TRT,24,19,12,0.8125,0.5208333333333334,-0.33246494416744066,4.4957393524236645e-13
TRT,24,19,13,0.8125,0.5625,-0.9747378959816202,4.4721136279439496e-13
TRT,24,19,14,0.8125,0.6041666666666666,-1.5505840710151906,4.485983850824662e-13
TRT,24,19,15,0.8125,0.6458333333333334,-2.0207605040704086,4.4250647834597434e-13
TRT,24,19,16,0.8125,0.6875,-2.3532254482378376,4.4580540398322197e-13
TRT,24,19,17,0.8125,0.7291666666666666,-2.5253219669968106,4.4356534521015436e-13
TRT,24,19,18,0.8125,0.7708333333333334,-2.525321966996818,4.407328604349009e-13
TRT,24,19,19,0.8125,0.8125,-2.3532254482378625,4.399617940266125e-13
TRT,24,19,20,0.8125,0.8541666666666666,-2.020760504070432,4.346974297562135e-13
TRT,24,19,21,0.8125,0.8958333333333334,-1.5505840710152252,4.2521900448389923e-13
TRT,24,19,22,0.8125,0.9375,-0.974737895981646,4.286829708660249e-13
TRT,24,19,23,0.8125,0.9791666666666666,-0.3324649441674547,4.2660157237799454e-13
TRT,24,20,0,0.8541666666666666,0.020833333333333332,0.33246494416744693,3.505136567895123e-13
TRT,24,20,1,0.8541666666666666,0.0625,0.9747378959816305,3.5138109698919706e-13
TRT,24,20,2,0.8541666666666666,0.10416666666666666,1.550584071015206,3.4929325558353227e-13
TRT,24,20,3,0.8541666666666666,0.14583333333333334,2.020760504070407,3.442386039752044e-13
TRT,24,20,4,0.8541666666666666,0.1875,2.3532254482378456,3.447740358722111e-13
TRT,24,20,5,0.8541666666666666,0.22916666666666666,2.5253219669968083,3.4451278838429995e-13
TRT,24,20,6,0.8541666666666666,0.2708333333333333,2.52532196699682,3.4789801585700107e-13
TRT,24,20,7,0.8541666666666666,0.31249999999999994,2.3532254482378607,3.546099461355076e-13
TRT,24,20,8,0.8541666666666666,0.35416666666666663,2.0207605040704295,3.5659136163901987e-13
TRT,24,20,9,0.8541666666666666,0.3958333333333333,1.550584071015217,3.61788353120467e-13
TRT,24,20,10,0.8541666666666666,0.43749999999999994,0.9747378959816353,3.6947433735161097e-13
TRT,24,20,11,0.8541666666666666,0.47916666666666663,0.3324649441674452,3.775979900848027e-13
TRT,24,20,12,0.8541666666666666,0.5208333333333334,-0.33246494416743666,3.807192287103625e-13
TRT,24,20,13,0.8541666666666666,0.5625,-0.9747378959816233,3.883761073096848e-13
TRT,24,20,14,0.8541666666666666,0.6041666666666666,-1.550584071015191,3.782885099685416e-13
TRT,24,20,15,0.8541666666666666,0.6458333333333334,-2.0207605040704095,3.84132713953191e-13
TRT,24,20,16,0.8541666666666666,0.6875,-2.353225448237835,3.865718107177849e-13
TRT,24,20,17,0.8541666666666666,0.7291666666666666,-2.5253219669968043,3.818788482898103e-13
TRT,24,20,18,0.8541666666666666,0.7708333333333334,-2.525321966996818,3.8506041014987367e-13
TRT,24,20,19,0.8541666666666666,0.8125,-2.3532254482378603,3.786897385785703e-13
TRT,24,20,20,0.8541666666666666,0.8541666666666666,-2.0207605040704286,3.706343188138449e-13
TRT,24,20,21,0.8541666666666666,0.8958333333333334,-1.550584071015229,3.649491855016943e-13
TRT,24,20,22,0.8541666666666666,0.9375,-0.9747378959816396,3.556385428068017e-13
TRT,24,20,23,0.8541666666666666,0.9791666666666666,-0.33246494416745903,3.5761591374059513e-13
TRT,24,21,0,0.8958333333333334,0.020833333333333332,0.33246494416744315,2.6155691855926215e-13
TRT,24,21,1,0.8958333333333334,0.0625,0.9747378959816332,2.522416469541118e-13
TRT,24,21,2,0.8958333333333334,0.10416666666666666,1.5505840710152,2.5134757618333735e-13
TRT,24,21,3,0.8958333333333334,0.14583333333333334,2.0207605040704193,2.5028099674458404e-13
TRT,24,21,4,0.8958333333333334,0.1875,2.3532254482378443,2.5081284799238075e-13
TRT,24,21,5,0.8958333333333334,0.22916666666666666,2.525321966996817,2.4818279456230924e-13
TRT,24,21,6,0.8958333333333334,0.2708333333333333,2.5253219669968066,2.5216312708570027e-13
TRT,24,21,7,0.8958333333333334,0.31249999999999994,2.353225448237861,2.598322777902468e-13
TRT,24,21,8,0.8958333333333334,0.35416666666666663,2.0207605040704246,2.6212956488876323e-13
TRT,24,21,9,0.8958333333333334,0.3958333333333333,1.5505840710152203,2.6976401684086175e-13
TRT,24,21,10,0.8958333333333334,0.43749999999999994,0.9747378959816296,2.677989507694289e-13
TRT,24,21,11,0.8958333333333334,0.47916666666666663,0.33246494416745437,2.817919028193954e-13
TRT,24,21,12,0.8958333333333334,0.5208333333333334,-0.3324649441674382,2.896726091174152e-13
TRT,24,21,13,0.8958333333333334,0.5625,-0.9747378959816196,2.897657439696303e-13
TRT,24,21,14,0.8958333333333334,0.6041666666666666,-1.5505840710151977,2.9094972864893827e-13
TRT,24,21,15,0.8958333333333334,0.6458333333333334,-2.0207605040704046,2.89322131590153e-13
TRT,24,21,16,0.8958333333333334,0.6875,-2.3532254482378407,2.9824084405776867e-13
TRT,24,21,17,0.8958333333333334,0.7291666666666666,-2.5253219669968066,2.9199363442221253e-13
TRT,24,21,18,0.8958333333333334,0.7708333333333334,-2.5253219669968168,2.931636704351581e-13
TRT,24,21,19,0.8958333333333334,0.8125,-2.353225448237862,2.913109223451277e-13
TRT,24,21,20,0.8958333333333334,0.8541666666666666,-2.020760504070434,2.7963589878757806e-13
TRT,24,21,21,0.8958333333333334,0.8958333333333334,-1.550584071015225,2.690564191793277e-13
TRT,24,21,22,0.8958333333333334,0.9375,-0.974737895981646,2.6675764744111973e-13
TRT,24,21,23,0.8958333333333334,0.9791666666666666,-0.33246494416745653,2.5879756695684906e-13
TRT,24,22,0,0.9375,0.020833333333333332,0.33246494416744604,1.4568086499838629e-13
TRT,24,22,1,0.9375,0.0625,0.9747378959816306,1.3926284111491678e-13
TRT,24,22,2,0.9375,0.10416666666666666,1.5505840710152132,1.444122517304101e-13
TRT,24,22,3,0.9375,0.14583333333333334,2.0207605040704197,1.3755955310276878e-13
TRT,24,22,4,0.9375,0.1875,2.3532254482378523,1.3729244947957123e-13
TRT,24,22,5,0.9375,0.22916666666666666,2.525321966996812,1.2972137835559686e-13
TRT,24,22,6,0.9375,0.2708333333333333,2.525321966996816,1.3558618132169766e-13
TRT,24,22,7,0.9375,0.31249999999999994,2.3532254482378443,1.4778960979325077e-13
TRT,24,22,8,0.9375,0.35416666666666663,2.0207605040704277,1.4622731633125264e-13
TRT,24,22,9,0.9375,0.3958333333333333,1.5505840710152043,1.4898108748827143e-13
TRT,24,22,10,0.9375,0.43749999999999994,0.9747378959816329,1.5432670792819124e-13
TRT,24,22,11,0.9375,0.47916666666666663,0.3324649441674512,1.721135813906248e-13
TRT,24,22,12,0.9375,0.5208333333333334,-0.3324649441674399,1.698541304840249e-13
TRT,24,22,13,0.9375,0.5625,-0.9747378959816206,1.8042903537504547e-13
TRT,24,22,14,0.9375,0.6041666666666666,-1.550584071015202,1.7972600002391652e-13
TRT,24,22,15,0.9375,0.6458333333333334,-2.020760504070413,1.813495431883593e-13
TRT,24,22,16,0.9375,0.6875,-2.353225448237839,1.8766405454364007e-13
TRT,24,22,17,0.9375,0.7291666666666666,-2.525321966996808,1.9565387765320945e-13
TRT,24,22,18,0.9375,0.7708333333333334,-2.52532196699682,1.8585626673008148e-13
TRT,24,22,19,0.9375,0.8125,-2.3532254482378643,1.7592291496015625e-13
TRT,24,22,20,0.9375,0.8541666666666666,-2.0207605040704304,1.7005677483100279e-13
TRT,24,22,21,0.9375,0.8958333333333334,-1.5505840710152263,1.656750442573144e-13
TRT,24,22,22,0.9375,0.9375,-0.9747378959816465,1.5526662192670477e-13
TRT,24,22,23,0.9375,0.9791666666666666,-0.3324649441674552,1.5084051236049712e-13
TRT,24,23,0,0.9791666666666666,0.020833333333333332,0.3324649441674524,2.247074851401143e-14
TRT,24,23,1,0.9791666666666666,0.0625,0.9747378959816393,2.1296121242116254e-14
TRT,24,23,2,0.9791666666666666,0.10416666666666666,1.5505840710152163,1.9903683043767475e-14
TRT,24,23,3,0.9791666666666666,0.14583333333333334,2.0207605040704193,1.4345172498438723e-14
TRT,24,23,4,0.9791666666666666,0.1875,2.3532254482378536,7.959565280063697e-15
TRT,24,23,5,0.9791666666666666,0.22916666666666666,2.5253219669968177,9.437381287891495e-15
TRT,24,23,6,0.9791666666666666,0.2708333333333333,2.525321966996809,1.1593727758195186e-14
TRT,24,23,7,0.9791666666666666,0.31249999999999994,2.3532254482378523,2.3136870106396288e-14
TRT,24,23,8,0.9791666666666666,0.35416666666666663,2.020760504070417,2.5416451880238074e-14
TRT,24,23,9,0.9791666666666666,0.3958333333333333,1.5505840710152063,3.0259830719564897e-14
TRT,24,23,10,0.9791666666666666,0.43749999999999994,0.9747378959816259,3.812444705151909e-14
TRT,24,23,11,0.9791666666666666,0.47916666666666663,0.33246494416744926,4.278758873167944e-14
TRT,24,23,12,0.9791666666666666,0.5208333333333334,-0.33246494416744543,4.896387702691179e-14
TRT,24,23,13,0.9791666666666666,0.5625,-0.9747378959816225,5.2691889407110806e-14
TRT,24,23,14,0.9791666666666666,0.6041666666666666,-1.5505840710152017,5.659475217796984e-14
TRT,24,23,15,0.9791666666666666,0.6458333333333334,-2.02076050407042,6.321406364003974e-14
TRT,24,23,16,0.9791666666666666,0.6875,-2.3532254482378403,7.052535974610275e-14
TRT,24,23,17,0.9791666666666666,0.7291666666666666,-2.5253219669968145,6.398163055064909e-14
TRT,24,23,18,0.9791666666666666,0.7708333333333334,-2.525321966996816,6.180328444610454e-14
TRT,24,23,19,0.9791666666666666,0.8125,-2.353225448237859,5.812049172189892e-14
TRT,24,23,20,0.9791666666666666,0.8541666666666666,-2.0207605040704304,4.916155069852131e-14
TRT,24,23,21,0.9791666666666666,0.8958333333333334,-1.5505840710152192,3.60178153840441e-14
TRT,24,23,22,0.9791666666666666,0.9375,-0.974737895981636,3.868599965573986e-14
TRT,24,23,23,0.9791666666666666,0.9791666666666666,-0.33246494416744793,3.058347997037222e-14
SRT,24,0,0,0.020833333333333332,0.020833333333333332,0.32685696336541975,2.2947571669942283e-14
SRT,24,0,1,0.020833333333333332,0.0625,0.9582961281996017,4.14826156350972e-16
SRT,24,0,2,0.020833333333333332,0.10416666666666666,1.5244289955562367,-1.6498492554789658e-14
SRT,24,0,3,0.020833333333333332,0.14583333333333334,1.9866745461037443,2.9538932137805005e-15
SRT,24,0,4,0.020833333333333332,0.1875,2.313531509469202,-1.5493194141445718e-14
SRT,24,0,5,0.020833333333333332,0.22916666666666666,2.4827251237559245,-3.249707556730564e-14
SRT,24,0,6,0.020833333333333332,0.2708333333333333,2.482725123755913,-1.1928988340647876e-14
SRT,24,0,7,0.020833333333333332,0.31249999999999994,2.313531509469193,-2.8240604407728593e-14
SRT,24,0,8,0.020833333333333332,0.35416666666666663,1.9866745461037587,-3.297436857042232e-14
SRT,24,0,9,0.020833333333333332,0.3958333333333333,1.5244289955562524,1.114895191170744e-14
SRT,24,0,10,0.020833333333333332,0.43749999999999994,0.9582961281996236,1.5698764350727038e-14
SRT,24,0,11,0.020833333333333332,0.47916666666666663,0.32685696336543557,1.6996047732056892e-14
SRT,24,0,12,0.020833333333333332,0.5208333333333334,-0.3268569633654204,-6.2810839615826e-15
SRT,24,0,13,0.020833333333333332,0.5625,-0.9582961281996227,7.918632407975776e-15
SRT,24,0,14,0.020833333333333332,0.6041666666666666,-1.5244289955562693,2.7061610417984493e-14
SRT,24,0,15,0.020833333333333332,0.6458333333333334,-1.9866745461037842,5.384697733778735e-15
SRT,24,0,16,0.020833333333333332,0.6875,-2.313531509469247,-9.915685888513287e-15
SRT,24,0,17,0.020833333333333332,0.7291666666666666,-2.482725123755957,-1.8519099531318255e-14
SRT,24,0,18,0.020833333333333332,0.7708333333333334,-2.4827251237559587,-1.9657920951866207e-14
SRT,24,0,19,0.020833333333333332,0.8125,-2.313531509469258,-4.401216986917387e-15
SRT,24,0,20,0.020833333333333332,0.8541666666666666,-1.9866745461037794,1.7515047263770196e-14
SRT,24,0,21,0.020833333333333332,0.8958333333333334,-1.5244289955562993,2.6505598650007082e-14
SRT,24,0,22,0.020833333333333332,0.9375,-0.9582961281996599,1.6671697319351879e-15
SRT,24,0,23,0.020833333333333332,0.9791666666666666,-0.32685696336547937,-1.091678341025407e-14
SRT,24,1,0,0.0625,0.020833333333333332,0.32685696336542425,1.7961346964174245e-14
SRT,24,1,1,0.0625,0.0625,0.958296128199575,-3.65238524148838e-15
SRT,24,1,2,0.0625,0.10416666666666666,1.5244289955562267,-2.209002695770622e-15
SRT,24,1,3,0.0625,0.14583333333333334,1.9866745461037227,-7.080783232919165e-15
SRT,24,1,4,0.0625,0.1875,2.3135315094691795,6.97116431776904e-15
SRT,24,1,5,0.0625,0.22916666666666666,2.4827251237559023,-1.7512861473018036e-15
SRT,24,1,6,0.0625,0.2708333333333333,2.4827251237559187,-4.041306222663256e-15
SRT,24,1,7,0.0625,0.31249999999999994,2.31353150946921,-8.507022157324e-15
SRT,24,1,8,0.0625,0.35416666666666663,1.986674546103775,-3.4666864757749255e-14
SRT,24,1,9,0.0625,0.3958333333333333,1.5244289955562667,-1.1660972088112417e-15
SRT,24,1,10,0.0625,0.43749999999999994,0.9582961281996354,1.3986364593793315e-14
SRT,24,1,11,0.0625,0.47916666666666663,0.32685696336544373,1.5558818046796462e-15
SRT,24,1,12,0.0625,0.5208333333333334,-0.3268569633654201,7.167132652458494e-15
SRT,24,1,13,0.0625,0.5625,-0.9582961281996177,-1.3101924703197876e-14
SRT,24,1,14,0.0625,0.6041666666666666,-1.5244289955562818,-2.409555547370131e-14
SRT,24,1,15,0.0625,0.6458333333333334,-1.986674546103797,-8.216263546135767e-15
SRT,24,1,16,0.0625,0.6875,-2.3135315094692435,7.142606567106448e-15
SRT,24,1,17,0.0625,0.7291666666666666,-2.4827251237559502,-1.9160372179391545e-14
SRT,24,1,18,0.0625,0.7708333333333334,-2.482725123755928,-1.8016434089141734e-14
SRT,24,1,19,0.0625,0.8125,-2.31353150946924,7.87605353531436e-15
SRT,24,1,20,0.0625,0.8541666666666666,-1.9866745461037656,2.25350248497032e-14
SRT,24,1,21,0.0625,0.8958333333333334,-1.5244289955562724,3.549565260487357e-14
SRT,24,1,22,0.0625,0.9375,-0.9582961281996354,4.460694807114959e-15
SRT,24,1,23,0.0625,0.9791666666666666,-0.3268569633654692,2.0359013980324435e-14
SRT,24,2,0,0.10416666666666666,0.020833333333333332,0.32685696336539233,4.222443271023819e-14
SRT,24,2,1,0.10416666666666666,0.0625,0.9582961281996014,7.506589702438596e-15
SRT,24,2,2,0.10416666666666666,0.10416666666666666,1.5244289955561954,3.1707056007218714e-15
SRT,24,2,3,0.10416666666666666,0.14583333333333334,1.986674546103719,1.6100090180925556e-14
SRT,24,2,4,0.10416666666666666,0.1875,2.3135315094691675,-4.758978916541738e-15
SRT,24,2,5,0.10416666666666666,0.22916666666666666,2.4827251237558894,-3.426670489798457e-15
SRT,24,2,6,0.10416666666666666,0.2708333333333333,2.4827251237558907,6.9650517229369445e-15
SRT,24,2,7,0.10416666666666666,0.31249999999999994,2.313531509469213,-1.0627996142029587e-14
SRT,24,2,8,0.10416666666666666,0.35416666666666663,1.9866745461037476,-2.7065348086503947e-14
SRT,24,2,9,0.10416666666666666,0.3958333333333333,1.524428995556261,1.1711812237284817e-15
SRT,24,2,10,0.10416666666666666,0.43749999999999994,0.9582961281996151,2.948688614345433e-15
SRT,24,2,11,0.10416666666666666,0.47916666666666663,0.32685696336542386,1.306270913669541e-14
SRT,24,2,12,0.10416666666666666,0.5208333333333334,-0.32685696336544284,2.1579807258560816e-15
SRT,24,2,13,0.10416666666666666,0.5625,-0.9582961281996217,-3.471214765427502e-14
SRT,24,2,14,0.10416666666666666,0.6041666666666666,-1.5244289955562664,-3.3450139799196844e-14
SRT,24,2,15,0.10416666666666666,0.6458333333333334,-1.9866745461037614,-1.971194607225928e-14
SRT,24,2,16,0.10416666666666666,0.6875,-2.3135315094692492,-5.482351769511613e-15
SRT,24,2,17,0.10416666666666666,0.7291666666666666,-2.482725123755937,1.3078892734861254e-14
SRT,24,2,18,0.10416666666666666,0.7708333333333334,-2.482725123755932,-6.173082565857622e-15
SRT,24,2,19,0.10416666666666666,0.8125,-2.3135315094691933,-1.2164218965441546e-15
SRT,24,2,20,0.10416666666666666,0.8541666666666666,-1.9866745461037583,3.742071500368437e-14
SRT,24,2,21,0.10416666666666666,0.8958333333333334,-1.5244289955562491,2.542270647144636e-14
SRT,24,2,22,0.10416666666666666,0.9375,-0.9582961281996449,4.698724485952853e-15
SRT,24,2,23,0.10416666666666666,0.9791666666666666,-0.32685696336545783,1.916677593064099e-14
SRT,24,3,0,0.14583333333333334,0.020833333333333332,0.32685696336539916,2.544874056464924e-14
SRT,24,3,1,0.14583333333333334,0.0625,0.9582961281995968,-2.6490911695340656e-15
SRT,24,3,2,0.14583333333333334,0.10416666666666666,1.5244289955562118,2.311982062664228e-15
SRT,24,3,3,0.14583333333333334,0.14583333333333334,1.9866745461037134,2.4914681681447823e-14
SRT,24,3,4,0.14583333333333334,0.1875,2.313531509469163,1.0581100126557084e-14
SRT,24,3,5,0.14583333333333334,0.22916666666666666,2.4827251237558876,1.1376531069149781e-14
SRT,24,3,6,0.14583333333333334,0.2708333333333333,2.4827251237558787,1.3207229391088507e-14
SRT,24,3,7,0.14583333333333334,0.31249999999999994,2.3135315094691693,1.4744728561524956e-14
SRT,24,3,8,0.14583333333333334,0.35416666666666663,1.9866745461037167,-8.652142482893596e-15
SRT,24,3,9,0.14583333333333334,0.3958333333333333,1.5244289955562325,-1.0474743998386708e-14
SRT,24,3,10,0.14583333333333334,0.43749999999999994,0.9582961281996186,3.877771439400249e-15
SRT,24,3,11,0.14583333333333334,0.47916666666666663,0.3268569633654396,5.135447315006457e-15
SRT,24,3,12,0.14583333333333334,0.5208333333333334,-0.32685696336543646,1.556862303143014e-14
SRT,24,3,13,0.14583333333333334,0.5625,-0.9582961281996087,-4.203737758793772e-14
SRT,24,3,14,0.14583333333333334,0.6041666666666666,-1.524428995556224,-4.606537826657777e-14
SRT,24,3,15,0.14583333333333334,0.6458333333333334,-1.9866745461037387,-4.00297299135053e-14
SRT,24,3,16,0.14583333333333334,0.6875,-2.3135315094692017,-2.1639250123741342e-14
SRT,24,3,17,0.14583333333333334,0.7291666666666666,-2.482725123755941,6.731549529073259e-15
SRT,24,3,18,0.14583333333333334,0.7708333333333334,-2.4827251237559436,6.947801541584531e-15
SRT,24,3,19,0.14583333333333334,0.8125,-2.313531509469208,2.026216079670356e-14
SRT,24,3,20,0.14583333333333334,0.8541666666666666,-1.9866745461037616,2.6776113348081318e-14
SRT,24,3,21,0.14583333333333334,0.8958333333333334,-1.5244289955562644,4.319736392331439e-14
SRT,24,3,22,0.14583333333333334,0.9375,-0.9582961281996311,1.5920961246713194e-14
SRT,24,3,23,0.14583333333333334,0.9791666666666666,-0.3268569633654414,1.5130067047458154e-14
SRT,24,4,0,0.1875,0.020833333333333332,0.32685696336539843,1.991729517872101e-14
SRT,24,4,1,0.1875,0.0625,0.9582961281995593,2.6515013333384375e-14
SRT,24,4,2,0.1875,0.10416666666666666,1.5244289955561892,1.0929876768228914e-16
SRT,24,4,3,0.1875,0.14583333333333334,1.9866745461036983,2.0183425302701928e-14
SRT,24,4,4,0.1875,0.1875,2.313531509469149,1.9656002032703777e-14
SRT,24,4,5,0.1875,0.22916666666666666,2.482725123755885,1.8692559658661603e-14
SRT,24,4,6,0.1875,0.2708333333333333,2.4827251237558636,7.989357863099818e-15
SRT,24,4,7,0.1875,0.31249999999999994,2.31353150946917,-3.783530298475444e-15
SRT,24,4,8,0.1875,0.35416666666666663,1.986674546103703,-9.718667096601329e-15
SRT,24,4,9,0.1875,0.3958333333333333,1.5244289955562185,-2.856477758432408e-15
SRT,24,4,10,0.1875,0.43749999999999994,0.9582961281996016,1.449587310019198e-14
SRT,24,4,11,0.1875,0.47916666666666663,0.32685696336544345,1.3323544420228593e-14
SRT,24,4,12,0.1875,0.5208333333333334,-0.32685696336544773,-8.727580759409678e-16
SRT,24,4,13,0.1875,0.5625,-0.9582961281996296,-1.3762486182977824e-14
SRT,24,4,14,0.1875,0.6041666666666666,-1.5244289955562405,-2.6257384384679448e-14
SRT,24,4,15,0.1875,0.6458333333333334,-1.986674546103734,-4.529879779900968e-14
SRT,24,4,16,0.1875,0.6875,-2.313531509469188,-2.5793849532261042e-14
SRT,24,4,17,0.1875,0.7291666666666666,-2.482725123755915,-6.20030949520377e-16
SRT,24,4,18,0.1875,0.7708333333333334,-2.482725123755916,1.184759858086279e-14
SRT,24,4,19,0.1875,0.8125,-2.3135315094692186,2.6063947445621244e-14
SRT,24,4,20,0.1875,0.8541666666666666,-1.9866745461037543,2.7905691590218147e-14
SRT,24,4,21,0.1875,0.8958333333333334,-1.5244289955562593,1.953511977539235e-14
SRT,24,4,22,0.1875,0.9375,-0.9582961281996566,2.6554467722479596e-14
SRT,24,4,23,0.1875,0.9791666666666666,-0.326856963365471,7.207446152175919e-15
SRT,24,5,0,0.22916666666666666,0.020833333333333332,0.3268569633653838,1.4897227069262485e-14
SRT,24,5,1,0.22916666666666666,0.0625,0.9582961281995984,-1.09975248185229e-15
SRT,24,5,2,0.22916666666666666,0.10416666666666666,1.5244289955561952,2.4135227965764203e-15
SRT,24,5,3,0.22916666666666666,0.14583333333333334,1.9866745461037134,2.4357135440708174e-14
SRT,24,5,4,0.22916666666666666,0.1875,2.3135315094691262,4.4595350821111203e-14
SRT,24,5,5,0.22916666666666666,0.22916666666666666,2.4827251237558654,8.38884398560149e-15
SRT,24,5,6,0.22916666666666666,0.2708333333333333,2.482725123755854,1.6204591433897782e-15
SRT,24,5,7,0.22916666666666666,0.31249999999999994,2.31353150946916,2.1937874174124703e-14
SRT,24,5,8,0.22916666666666666,0.35416666666666663,1.9866745461037123,-1.7635643939739503e-15
SRT,24,5,9,0.22916666666666666,0.3958333333333333,1.5244289955562158,6.9536405658676025e-15
SRT,24,5,10,0.22916666666666666,0.43749999999999994,0.9582961281995851,2.5327589520988158e-14
SRT,24,5,11,0.22916666666666666,0.47916666666666663,0.3268569633654106,1.5797916539686077e-14
SRT,24,5,12,0.22916666666666666,0.5208333333333334,-0.326856963365472,-9.062222416369733e-15
SRT,24,5,13,0.22916666666666666,0.5625,-0.9582961281996416,-2.6327101566655785e-14
SRT,24,5,14,0.22916666666666666,0.6041666666666666,-1.524428995556282,-8.252504890684543e-15
SRT,24,5,15,0.22916666666666666,0.6458333333333334,-1.986674546103755,-4.5274099281270406e-14
SRT,24,5,16,0.22916666666666666,0.6875,-2.3135315094692346,-2.786179029097807e-14
SRT,24,5,17,0.22916666666666666,0.7291666666666666,-2.4827251237559143,-1.219106295309879e-14
SRT,24,5,18,0.22916666666666666,0.7708333333333334,-2.482725123755905,6.064138646840195e-15
SRT,24,5,19,0.22916666666666666,0.8125,-2.3135315094691893,3.8963919874786917e-14
SRT,24,5,20,0.22916666666666666,0.8541666666666666,-1.986674546103773,2.7333369780303132e-14
SRT,24,5,21,0.22916666666666666,0.8958333333333334,-1.5244289955562607,1.7408691591832545e-14
SRT,24,5,22,0.22916666666666666,0.9375,-0.9582961281996736,9.463697379007783e-15
SRT,24,5,23,0.22916666666666666,0.9791666666666666,-0.32685696336547987,3.1656212139240294e-14
SRT,24,6,0,0.2708333333333333,0.020833333333333332,0.32685696336539266,3.3648801516098005e-14
SRT,24,6,1,0.2708333333333333,0.0625,0.9582961281995954,2.6866511753803545e-14
SRT,24,6,2,0.2708333333333333,0.10416666666666666,1.5244289955562151,-5.442764735107761e-15
SRT,24,6,3,0.2708333333333333,0.14583333333333334,1.9866745461036937,5.466496490972502e-15
SRT,24,6,4,0.2708333333333333,0.1875,2.3135315094691316,1.1944949890878798e-14
SRT,24,6,5,0.2708333333333333,0.22916666666666666,2.4827251237558436,3.237774175514368e-14
SRT,24,6,6,0.2708333333333333,0.2708333333333333,2.4827251237558357,1.3771388782914879e-14
SRT,24,6,7,0.2708333333333333,0.31249999999999994,2.313531509469166,1.1020339463890282e-14
SRT,24,6,8,0.2708333333333333,0.35416666666666663,1.9866745461036877,8.091695525474442e-16
SRT,24,6,9,0.2708333333333333,0.3958333333333333,1.5244289955562105,3.0010076019025845e-15
SRT,24,6,10,0.2708333333333333,0.43749999999999994,0.9582961281995878,2.3680950192889907e-14
SRT,24,6,11,0.2708333333333333,0.47916666666666663,0.32685696336540815,6.640172448536754e-15
SRT,24,6,12,0.2708333333333333,0.5208333333333334,-0.3268569633654756,-1.0264732783632061e-14
SRT,24,6,13,0.2708333333333333,0.5625,-0.958296128199674,-2.3236249941084526e-14
SRT,24,6,14,0.2708333333333333,0.6041666666666666,-1.5244289955563004,-1.5159696141274625e-14
SRT,24,6,15,0.2708333333333333,0.6458333333333334,-1.986674546103802,-2.5085973079304107e-14
SRT,24,6,16,0.2708333333333333,0.6875,-2.313531509469235,-1.971415888073524e-15
SRT,24,6,17,0.2708333333333333,0.7291666666666666,-2.4827251237559333,2.55986724983297e-14
SRT,24,6,18,0.2708333333333333,0.7708333333333334,-2.482725123755904,9.332467005690173e-15
SRT,24,6,19,0.2708333333333333,0.8125,-2.3135315094692035,6.833151462429412e-16
SRT,24,6,20,0.2708333333333333,0.8541666666666666,-1.9866745461037667,1.9608333581215106e-14
SRT,24,6,21,0.2708333333333333,0.8958333333333334,-1.5244289955562726,1.963007189754093e-14
SRT,24,6,22,0.2708333333333333,0.9375,-0.958296128199654,9.621266869763168e-15
SRT,24,6,23,0.2708333333333333,0.9791666666666666,-0.32685696336545317,2.0262605291876056e-15
SRT,24,7,0,0.31249999999999994,0.020833333333333332,0.3268569633654124,1.581297862020091e-14
SRT,24,7,1,0.31249999999999994,0.0625,0.9582961281995861,2.3795956805749158e-14
SRT,24,7,2,0.31249999999999994,0.10416666666666666,1.524428995556196,-1.830490372966607e-14
SRT,24,7,3,0.31249999999999994,0.14583333333333334,1.9866745461037214,-9.163911018284183e-15
SRT,24,7,4,0.31249999999999994,0.1875,2.313531509469147,1.8978151020379944e-14
SRT,24,7,5,0.31249999999999994,0.22916666666666666,2.4827251237558627,6.89674710232931e-15
SRT,24,7,6,0.31249999999999994,0.2708333333333333,2.4827251237558494,2.955686606531943e-14
SRT,24,7,7,0.31249999999999994,0.31249999999999994,2.3135315094691564,1.7797968201633504e-14
SRT,24,7,8,0.31249999999999994,0.35416666666666663,1.98667454610369,-1.3845119437557288e-14
SRT,24,7,9,0.31249999999999994,0.3958333333333333,1.524428995556198,1.7378095688771477e-14
SRT,24,7,10,0.31249999999999994,0.43749999999999994,0.9582961281995783,2.90904876996662e-14
SRT,24,7,11,0.31249999999999994,0.47916666666666663,0.326856963365381,-1.1381720672760018e-14
SRT,24,7,12,0.31249999999999994,0.5208333333333334,-0.32685696336548387,-1.188058292704461e-14
SRT,24,7,13,0.31249999999999994,0.5625,-0.9582961281996834,-3.464692012858816e-14
SRT,24,7,14,0.31249999999999994,0.6041666666666666,-1.5244289955562746,-3.3345557626262953e-15
SRT,24,7,15,0.31249999999999994,0.6458333333333334,-1.9866745461037756,-2.0690667999151884e-14
SRT,24,7,16,0.31249999999999994,0.6875,-2.3135315094692115,-7.920898195585648e-15
SRT,24,7,17,0.31249999999999994,0.7291666666666666,-2.4827251237559236,3.038327277993562e-14
SRT,24,7,18,0.31249999999999994,0.7708333333333334,-2.482725123755928,1.2456114000574291e-14
SRT,24,7,19,0.31249999999999994,0.8125,-2.3135315094692173,2.73895760379756e-14
SRT,24,7,20,0.31249999999999994,0.8541666666666666,-1.986674546103756,1.3754642871409885e-14
SRT,24,7,21,0.31249999999999994,0.8958333333333334,-1.5244289955562504,1.8877412858123157e-14
SRT,24,7,22,0.31249999999999994,0.9375,-0.958296128199636,1.7027270358980896e-14
SRT,24,7,23,0.31249999999999994,0.9791666666666666,-0.32685696336544884,1.1130333917527089e-14
SRT,24,8,0,0.35416666666666663,0.020833333333333332,0.3268569633654118,1.8087657262374267e-14
SRT,24,8,1,0.35416666666666663,0.0625,0.9582961281995941,1.912081327213728e-15
SRT,24,8,2,0.35416666666666663,0.10416666666666666,1.524428995556216,3.6466213740803584e-15
SRT,24,8,3,0.35416666666666663,0.14583333333333334,1.9866745461037207,-6.255810610828938e-16
SRT,24,8,4,0.35416666666666663,0.1875,2.3135315094691804,-8.242968468748457e-15
SRT,24,8,5,0.35416666666666663,0.22916666666666666,2.4827251237558783,2.6637149272764097e-14
SRT,24,8,6,0.35416666666666663,0.2708333333333333,2.482725123755883,3.727257143670982e-15
SRT,24,8,7,0.35416666666666663,0.31249999999999994,2.3135315094691333,2.761941063416526e-15
SRT,24,8,8,0.35416666666666663,0.35416666666666663,1.9866745461037134,-3.3849476933952592e-15
SRT,24,8,9,0.35416666666666663,0.3958333333333333,1.5244289955562167,6.13572948283098e-15
SRT,24,8,10,0.35416666666666663,0.43749999999999994,0.9582961281995741,6.047958881649486e-15
SRT,24,8,11,0.35416666666666663,0.47916666666666663,0.3268569633653789,-1.1953088532668977e-14
SRT,24,8,12,0.35416666666666663,0.5208333333333334,-0.32685696336549064,-7.077223329961306e-15
SRT,24,8,13,0.35416666666666663,0.5625,-0.958296128199649,-2.5328078342586053e-14
SRT,24,8,14,0.35416666666666663,0.6041666666666666,-1.5244289955562853,-2.8479291533757913e-16
SRT,24,8,15,0.35416666666666663,0.6458333333333334,-1.9866745461037723,-6.372831423364287e-15
SRT,24,8,16,0.35416666666666663,0.6875,-2.313531509469231,2.0421723878660068e-14
SRT,24,8,17,0.35416666666666663,0.7291666666666666,-2.482725123755914,3.756466042987776e-14
SRT,24,8,18,0.35416666666666663,0.7708333333333334,-2.4827251237559365,8.928661769585046e-15
SRT,24,8,19,0.35416666666666663,0.8125,-2.3135315094692,1.3095777208595393e-14
SRT,24,8,20,0.35416666666666663,0.8541666666666666,-1.98667454610375,1.5181108361159055e-14
SRT,24,8,21,0.35416666666666663,0.8958333333333334,-1.5244289955562407,1.7143167832559692e-14
SRT,24,8,22,0.35416666666666663,0.9375,-0.9582961281996244,1.1375963991855662e-14
SRT,24,8,23,0.35416666666666663,0.9791666666666666,-0.32685696336543324,2.778012300999822e-15
SRT,24,9,0,0.3958333333333333,0.020833333333333332,0.32685696336542125,-1.4513169884600195e-14
SRT,24,9,1,0.3958333333333333,0.0625,0.9582961281995996,2.9755890621851737e-14
SRT,24,9,2,0.3958333333333333,0.10416666666666666,1.5244289955562391,-7.233303437537823e-15
SRT,24,9,3,0.3958333333333333,0.14583333333333334,1.986674546103727,-5.819300074325882e-15
SRT,24,9,4,0.3958333333333333,0.1875,2.313531509469169,4.738557968756005e-15
SRT,24,9,5,0.3958333333333333,0.22916666666666666,2.482725123755873,-1.4494852016747543e-14
SRT,24,9,6,0.3958333333333333,0.2708333333333333,2.4827251237558614,-3.784935455985207e-15
SRT,24,9,7,0.3958333333333333,0.31249999999999994,2.3135315094691484,-6.228528809584434e-15
SRT,24,9,8,0.3958333333333333,0.35416666666666663,1.9866745461037014,1.3602439152684534e-14
SRT,24,9,9,0.3958333333333333,0.3958333333333333,1.5244289955561867,-9.316059709563472e-15
SRT,24,9,10,0.3958333333333333,0.43749999999999994,0.9582961281995824,-1.3101789558728852e-14
SRT,24,9,11,0.3958333333333333,0.47916666666666663,0.3268569633653814,-2.1822020754332973e-14
SRT,24,9,12,0.3958333333333333,0.5208333333333334,-0.32685696336546555,1.0019483758508185e-14
SRT,24,9,13,0.3958333333333333,0.5625,-0.9582961281996654,-1.0950371385625122e-14
SRT,24,9,14,0.3958333333333333,0.6041666666666666,-1.524428995556264,-1.1846039308436902e-14
SRT,24,9,15,0.3958333333333333,0.6458333333333334,-1.9866745461037776,3.645020142624944e-15
SRT,24,9,16,0.3958333333333333,0.6875,-2.313531509469212,2.4513535719569663e-14
SRT,24,9,17,0.3958333333333333,0.7291666666666666,-2.48272512375591,3.3548519355346485e-14
SRT,24,9,18,0.3958333333333333,0.7708333333333334,-2.4827251237558774,1.884851544224734e-14
SRT,24,9,19,0.3958333333333333,0.8125,-2.313531509469169,3.357742058250796e-14
SRT,24,9,20,0.3958333333333333,0.8541666666666666,-1.9866745461037174,2.0728041846058186e-14
SRT,24,9,21,0.3958333333333333,0.8958333333333334,-1.5244289955562444,1.9315122676146052e-14
SRT,24,9,22,0.3958333333333333,0.9375,-0.9582961281996193,4.7240744497006275e-15
SRT,24,9,23,0.3958333333333333,0.9791666666666666,-0.3268569633654559,-3.2250502447297305e-15
SRT,24,10,0,0.43749999999999994,0.020833333333333332,0.3268569633654196,1.0072224086492234e-14
SRT,24,10,1,0.43749999999999994,0.0625,0.9582961281996061,9.73121869427255e-15
SRT,24,10,2,0.43749999999999994,0.10416666666666666,1.5244289955562251,9.908977053166808e-15
SRT,24,10,3,0.43749999999999994,0.14583333333333334,1.986674546103712,-1.8909570956755888e-14
SRT,24,10,4,0.43749999999999994,0.1875,2.313531509469158,-1.6545598163067236e-14
SRT,24,10,5,0.43749999999999994,0.22916666666666666,2.4827251237558636,9.914153843611862e-15
SRT,24,10,6,0.43749999999999994,0.2708333333333333,2.4827251237558867,-2.612315231177194e-15
SRT,24,10,7,0.43749999999999994,0.31249999999999994,2.313531509469173,-1.0428815107690654e-14
SRT,24,10,8,0.43749999999999994,0.35416666666666663,1.9866745461036968,-2.0903584755337866e-14
SRT,24,10,9,0.43749999999999994,0.3958333333333333,1.5244289955561892,-6.404224884859183e-15
SRT,24,10,10,0.43749999999999994,0.43749999999999994,0.9582961281995916,-1.8955426600316086e-14
SRT,24,10,11,0.43749999999999994,0.47916666666666663,0.3268569633654079,-2.0785235029376223e-14
SRT,24,10,12,0.43749999999999994,0.5208333333333334,-0.32685696336545855,-4.1524470561351215e-15
SRT,24,10,13,0.43749999999999994,0.5625,-0.9582961281996399,6.727222181774661e-15
SRT,24,10,14,0.43749999999999994,0.6041666666666666,-1.5244289955562538,7.505443270631479e-16
SRT,24,10,15,0.43749999999999994,0.6458333333333334,-1.986674546103741,-2.65459044269624e-15
SRT,24,10,16,0.43749999999999994,0.6875,-2.3135315094691986,3.539944423993642e-14
SRT,24,10,17,0.43749999999999994,0.7291666666666666,-2.482725123755895,7.088498189686264e-14
SRT,24,10,18,0.43749999999999994,0.7708333333333334,-2.482725123755881,5.164312610040164e-14
SRT,24,10,19,0.43749999999999994,0.8125,-2.3135315094691626,1.962428304923727e-15
SRT,24,10,20,0.43749999999999994,0.8541666666666666,-1.9866745461037327,-4.009146990962909e-15
SRT,24,10,21,0.43749999999999994,0.8958333333333334,-1.5244289955562451,-7.503234113962383e-15
SRT,24,10,22,0.43749999999999994,0.9375,-0.958296128199646,-7.528650551342331e-15
SRT,24,10,23,0.43749999999999994,0.9791666666666666,-0.3268569633654675,-1.8865533607185233e-15
SRT,24,11,0,0.47916666666666663,0.020833333333333332,0.32685696336542697,1.348121026742375e-14
SRT,24,11,1,0.47916666666666663,0.0625,0.9582961281995961,2.320601992182953e-14
SRT,24,11,2,0.47916666666666663,0.10416666666666666,1.5244289955562351,-9.462265921017123e-15
SRT,24,11,3,0.47916666666666663,0.14583333333333334,1.986674546103702,-1.2665142421078589e-14
SRT,24,11,4,0.47916666666666663,0.1875,2.3135315094691773,-2.1367248522030214e-14
SRT,24,11,5,0.47916666666666663,0.22916666666666666,2.4827251237558694,-1.3826982694761934e-14
SRT,24,11,6,0.47916666666666663,0.2708333333333333,2.4827251237558827,2.9051243255699896e-15
SRT,24,11,7,0.47916666666666663,0.31249999999999994,2.3135315094691484,-2.40694287047115e-14
SRT,24,11,8,0.47916666666666663,0.35416666666666663,1.986674546103717,-2.0887426149716958e-14
SRT,24,11,9,0.47916666666666663,0.3958333333333333,1.5244289955562234,-8.370417494888747e-15
SRT,24,11,10,0.47916666666666663,0.43749999999999994,0.9582961281995921,-1.580173965348534e-15
SRT,24,11,11,0.47916666666666663,0.47916666666666663,0.3268569633654221,-2.3600307088452212e-14
SRT,24,11,12,0.47916666666666663,0.5208333333333334,-0.32685696336545,2.0983569439301597e-15
SRT,24,11,13,0.47916666666666663,0.5625,-0.9582961281996386,9.198273810635309e-15
SRT,24,11,14,0.47916666666666663,0.6041666666666666,-1.5244289955562498,1.5978596226406815e-14
SRT,24,11,15,0.47916666666666663,0.6458333333333334,-1.9866745461037356,9.00320440894288e-16
SRT,24,11,16,0.47916666666666663,0.6875,-2.3135315094691755,3.259935296364737e-14
SRT,24,11,17,0.47916666666666663,0.7291666666666666,-2.4827251237558925,7.441626540195568e-14
SRT,24,11,18,0.47916666666666663,0.7708333333333334,-2.4827251237559045,3.074175468270825e-14
SRT,24,11,19,0.47916666666666663,0.8125,-2.313531509469197,-3.7624564505943805e-15
SRT,24,11,20,0.47916666666666663,0.8541666666666666,-1.9866745461037556,-1.258720323539287e-14
SRT,24,11,21,0.47916666666666663,0.8958333333333334,-1.5244289955562533,-8.389574915159536e-15
SRT,24,11,22,0.47916666666666663,0.9375,-0.9582961281996446,-1.8754767495855974e-14
SRT,24,11,23,0.47916666666666663,0.9791666666666666,-0.326856963365454,4.620822893083347e-16
SRT,24,12,0,0.5208333333333334,0.020833333333333332,0.32685696336542075,2.1923905932037724e-14
SRT,24,12,1,0.5208333333333334,0.0625,0.9582961281996067,2.2696157572419278e-14
SRT,24,12,2,0.5208333333333334,0.10416666666666666,1.5244289955562278,8.77474508217776e-15
SRT,24,12,3,0.5208333333333334,0.14583333333333334,1.986674546103737,-3.029878387569028e-14
SRT,24,12,4,0.5208333333333334,0.1875,2.3135315094691937,-2.1283771682765968e-14
SRT,24,12,5,0.5208333333333334,0.22916666666666666,2.482725123755908,4.6557337819861014e-15
SRT,24,12,6,0.5208333333333334,0.2708333333333333,2.4827251237558925,-3.121591608941119e-14
SRT,24,12,7,0.5208333333333334,0.31249999999999994,2.313531509469156,-2.6187106768411615e-14
SRT,24,12,8,0.5208333333333334,0.35416666666666663,1.9866745461037363,-1.661868546360882e-14
SRT,24,12,9,0.5208333333333334,0.3958333333333333,1.5244289955562051,-1.7876488951554013e-14
SRT,24,12,10,0.5208333333333334,0.43749999999999994,0.9582961281996083,-2.4942100908232908e-14
SRT,24,12,11,0.5208333333333334,0.47916666666666663,0.32685696336537473,-2.054485245540867e-14
SRT,24,12,12,0.5208333333333334,0.5208333333333334,-0.32685696336546555,-9.851409264127092e-15
SRT,24,12,13,0.5208333333333334,0.5625,-0.9582961281996656,2.6053177464555564e-14
SRT,24,12,14,0.5208333333333334,0.6041666666666666,-1.5244289955562504,2.510821085811973e-14
SRT,24,12,15,0.5208333333333334,0.6458333333333334,-1.9866745461037647,9.59842343341546e-15
SRT,24,12,16,0.5208333333333334,0.6875,-2.3135315094692035,3.710662993650342e-14
SRT,24,12,17,0.5208333333333334,0.7291666666666666,-2.4827251237559347,5.955116003197608e-14
SRT,24,12,18,0.5208333333333334,0.7708333333333334,-2.4827251237559356,3.73311146441469e-14
SRT,24,12,19,0.5208333333333334,0.8125,-2.3135315094692337,-1.5152444001722002e-15
SRT,24,12,20,0.5208333333333334,0.8541666666666666,-1.986674546103767,-1.543979646422486e-14
SRT,24,12,21,0.5208333333333334,0.8958333333333334,-1.5244289955562833,-3.4870681421652784e-14
SRT,24,12,22,0.5208333333333334,0.9375,-0.958296128199634,-9.493930066126134e-15
SRT,24,12,23,0.5208333333333334,0.9791666666666666,-0.32685696336545006,1.2006788471897147e-14
SRT,24,13,0,0.5625,0.020833333333333332,0.3268569633654,1.7432962332169206e-14
SRT,24,13,1,0.5625,0.0625,0.9582961281995914,2.1314842892130767e-14
SRT,24,13,2,0.5625,0.10416666666666666,1.5244289955562127,7.764444874315966e-15
SRT,24,13,3,0.5625,0.14583333333333334,1.9866745461037163,-1.4874942018000456e-14
SRT,24,13,4,0.5625,0.1875,2.313531509469201,-1.3919551424243148e-14
SRT,24,13,5,0.5625,0.22916666666666666,2.4827251237559063,-2.060402512841476e-14
SRT,24,13,6,0.5625,0.2708333333333333,2.482725123755906,-3.4211604814169565e-14
SRT,24,13,7,0.5625,0.31249999999999994,2.313531509469184,-1.8706555171783807e-14
SRT,24,13,8,0.5625,0.35416666666666663,1.986674546103714,-3.0962901712812906e-14
SRT,24,13,9,0.5625,0.3958333333333333,1.5244289955562045,-2.625560469658445e-14
SRT,24,13,10,0.5625,0.43749999999999994,0.9582961281995727,-1.899169617387348e-14
SRT,24,13,11,0.5625,0.47916666666666663,0.3268569633653768,-4.1802257716211745e-14
SRT,24,13,12,0.5625,0.5208333333333334,-0.3268569633654627,2.0075335060690634e-14
SRT,24,13,13,0.5625,0.5625,-0.958296128199661,3.020651290208352e-14
SRT,24,13,14,0.5625,0.6041666666666666,-1.524428995556279,2.3988894946448588e-14
SRT,24,13,15,0.5625,0.6458333333333334,-1.986674546103772,7.046893976867416e-15
SRT,24,13,16,0.5625,0.6875,-2.3135315094692412,1.8817489429043258e-14
SRT,24,13,17,0.5625,0.7291666666666666,-2.4827251237559502,5.560338011740061e-14
SRT,24,13,18,0.5625,0.7708333333333334,-2.4827251237559564,1.3522712604679723e-14
SRT,24,13,19,0.5625,0.8125,-2.3135315094692435,3.438448663230508e-15
SRT,24,13,20,0.5625,0.8541666666666666,-1.986674546103788,-2.241542241188336e-14
SRT,24,13,21,0.5625,0.8958333333333334,-1.5244289955562784,-7.983366298508285e-15
SRT,24,13,22,0.5625,0.9375,-0.9582961281996523,8.063339964000485e-15
SRT,24,13,23,0.5625,0.9791666666666666,-0.3268569633654649,-3.013739223104953e-16
SRT,24,14,0,0.6041666666666666,0.020833333333333332,0.3268569633654092,8.008047178153382e-15
SRT,24,14,1,0.6041666666666666,0.0625,0.958296128199581,2.7992271227044036e-14
SRT,24,14,2,0.6041666666666666,0.10416666666666666,1.5244289955561985,1.7986958158835123e-14
SRT,24,14,3,0.6041666666666666,0.14583333333333334,1.986674546103721,1.4099149424403142e-14
SRT,24,14,4,0.6041666666666666,0.1875,2.313531509469193,1.2063435888023927e-14
SRT,24,14,5,0.6041666666666666,0.22916666666666666,2.4827251237559067,-2.6676409776987002e-14
SRT,24,14,6,0.6041666666666666,0.2708333333333333,2.482725123755899,-5.66785729661757e-14
SRT,24,14,7,0.6041666666666666,0.31249999999999994,2.31353150946917,-6.453160547199432e-14
SRT,24,14,8,0.6041666666666666,0.35416666666666663,1.9866745461037163,-3.032483151263658e-14
SRT,24,14,9,0.6041666666666666,0.3958333333333333,1.5244289955561958,-3.693854893585148e-14
SRT,24,14,10,0.6041666666666666,0.43749999999999994,0.9582961281995884,-4.1631325186720135e-14
SRT,24,14,11,0.6041666666666666,0.47916666666666663,0.32685696336540887,-7.6380469214706e-15
SRT,24,14,12,0.6041666666666666,0.5208333333333334,-0.32685696336542824,1.0051232274328588e-14
SRT,24,14,13,0.6041666666666666,0.5625,-0.9582961281996523,1.3634735914582716e-14
SRT,24,14,14,0.6041666666666666,0.6041666666666666,-1.5244289955562451,2.845554807804824e-14
SRT,24,14,15,0.6041666666666666,0.6458333333333334,-1.986674546103753,1.4944811264841428e-14
SRT,24,14,16,0.6041666666666666,0.6875,-2.3135315094691995,8.631411781615734e-15
SRT,24,14,17,0.6041666666666666,0.7291666666666666,-2.482725123755951,3.749502103726244e-14
SRT,24,14,18,0.6041666666666666,0.7708333333333334,-2.4827251237559365,1.9646729977701422e-14
SRT,24,14,19,0.6041666666666666,0.8125,-2.313531509469251,4.0843851669093094e-15
SRT,24,14,20,0.6041666666666666,0.8541666666666666,-1.9866745461037736,-4.424888187609248e-15
SRT,24,14,21,0.6041666666666666,0.8958333333333334,-1.524428995556265,-1.6938714949820794e-14
SRT,24,14,22,0.6041666666666666,0.9375,-0.9582961281996336,2.8580743164287884e-15
SRT,24,14,23,0.6041666666666666,0.9791666666666666,-0.32685696336545567,1.7823790136770734e-14
SRT,24,15,0,0.6458333333333334,0.020833333333333332,0.3268569633654156,2.6736473444645268e-15
SRT,24,15,1,0.6458333333333334,0.0625,0.9582961281995986,1.658167977890148e-14
SRT,24,15,2,0.6458333333333334,0.10416666666666666,1.5244289955562058,1.2668464065221657e-14
SRT,24,15,3,0.6458333333333334,0.14583333333333334,1.986674546103717,8.343591438962149e-15
SRT,24,15,4,0.6458333333333334,0.1875,2.3135315094691635,2.057175944593222e-15
SRT,24,15,5,0.6458333333333334,0.22916666666666666,2.4827251237558623,-3.152501376499963e-14
SRT,24,15,6,0.6458333333333334,0.2708333333333333,2.4827251237558854,-3.2983250705600686e-14
SRT,24,15,7,0.6458333333333334,0.31249999999999994,2.3135315094691555,-4.274903091616268e-14
SRT,24,15,8,0.6458333333333334,0.35416666666666663,1.9866745461037223,-6.372876508082452e-14
SRT,24,15,9,0.6458333333333334,0.3958333333333333,1.524428995556204,-3.3592573946520244e-14
SRT,24,15,10,0.6458333333333334,0.43749999999999994,0.9582961281996101,-1.4598667313478174e-14
SRT,24,15,11,0.6458333333333334,0.47916666666666663,0.3268569633654115,-1.4369945020135018e-14
SRT,24,15,12,0.6458333333333334,0.5208333333333334,-0.32685696336545705,2.4847313417092698e-14
SRT,24,15,13,0.6458333333333334,0.5625,-0.9582961281996094,3.0529983108816654e-14
SRT,24,15,14,0.6458333333333334,0.6041666666666666,-1.5244289955562131,3.264847100980601e-14
SRT,24,15,15,0.6458333333333334,0.6458333333333334,-1.9866745461037154,1.1274732371452877e-14
SRT,24,15,16,0.6458333333333334,0.6875,-2.3135315094691786,-4.56786045556586e-15
SRT,24,15,17,0.6458333333333334,0.7291666666666666,-2.482725123755909,1.3933382804216727e-14
SRT,24,15,18,0.6458333333333334,0.7708333333333334,-2.482725123755905,-2.5902398607192397e-15
SRT,24,15,19,0.6458333333333334,0.8125,-2.313531509469218,-1.8550781010743514e-15
SRT,24,15,20,0.6458333333333334,0.8541666666666666,-1.9866745461037676,1.3986993265217615e-15
SRT,24,15,21,0.6458333333333334,0.8958333333333334,-1.5244289955562644,1.116380920762149e-14
SRT,24,15,22,0.6458333333333334,0.9375,-0.9582961281996417,1.1691685826650149e-14
SRT,24,15,23,0.6458333333333334,0.9791666666666666,-0.3268569633654642,-1.9096270334813634e-15
SRT,24,16,0,0.6875,0.020833333333333332,0.32685696336541403,8.620026926268207e-15
SRT,24,16,1,0.6875,0.0625,0.9582961281995914,2.5499084858565055e-14
SRT,24,16,2,0.6875,0.10416666666666666,1.5244289955562271,1.6855598060938597e-14
SRT,24,16,3,0.6875,0.14583333333333334,1.9866745461037127,1.4117319703956477e-14
SRT,24,16,4,0.6875,0.1875,2.313531509469152,-3.876705986583062e-15
SRT,24,16,5,0.6875,0.22916666666666666,2.4827251237558667,-1.5049810709799968e-14
SRT,24,16,6,0.6875,0.2708333333333333,2.4827251237558863,-4.5783419800133675e-14
SRT,24,16,7,0.6875,0.31249999999999994,2.3135315094691804,-8.224765729129532e-14
SRT,24,16,8,0.6875,0.35416666666666663,1.9866745461037283,-2.1171081491017365e-14
SRT,24,16,9,0.6875,0.3958333333333333,1.5244289955562405,-2.6328472552234482e-14
SRT,24,16,10,0.6875,0.43749999999999994,0.9582961281996176,-3.8807676930927064e-14
SRT,24,16,11,0.6875,0.47916666666666663,0.32685696336543285,-1.7734065625262107e-14
SRT,24,16,12,0.6875,0.5208333333333334,-0.3268569633654279,2.1648902440912942e-14
SRT,24,16,13,0.6875,0.5625,-0.958296128199591,5.717473429388668e-14
SRT,24,16,14,0.6875,0.6041666666666666,-1.5244289955562025,3.863826538448169e-14
SRT,24,16,15,0.6875,0.6458333333333334,-1.986674546103699,3.045281852182934e-15
SRT,24,16,16,0.6875,0.6875,-2.313531509469154,-1.3452051672608607e-14
SRT,24,16,17,0.6875,0.7291666666666666,-2.48272512375588,2.664891284325745e-15
SRT,24,16,18,0.6875,0.7708333333333334,-2.482725123755897,-9.549596287263623e-16
SRT,24,16,19,0.6875,0.8125,-2.313531509469188,-1.6255704726401823e-14
SRT,24,16,20,0.6875,0.8541666666666666,-1.986674546103748,-4.5572358891130054e-15
SRT,24,16,21,0.6875,0.8958333333333334,-1.5244289955562564,-1.6592589158980275e-15
SRT,24,16,22,0.6875,0.9375,-0.9582961281996466,-3.789949301646358e-16
SRT,24,16,23,0.6875,0.9791666666666666,-0.3268569633654643,1.209924759603845e-14
SRT,24,17,0,0.7291666666666666,0.020833333333333332,0.32685696336541664,8.293421796708162e-15
SRT,24,17,1,0.7291666666666666,0.0625,0.958296128199586,2.841329403973553e-14
SRT,24,17,2,0.7291666666666666,0.10416666666666666,1.5244289955562274,2.342869647711897e-14
SRT,24,17,3,0.7291666666666666,0.14583333333333334,1.9866745461037134,-1.7106439973073993e-14
SRT,24,17,4,0.7291666666666666,0.1875,2.3135315094691675,-2.1620788746059553e-14
SRT,24,17,5,0.7291666666666666,0.22916666666666666,2.482725123755876,-1.114083841046947e-14
SRT,24,17,6,0.7291666666666666,0.2708333333333333,2.482725123755876,-1.9907798573442142e-14
SRT,24,17,7,0.7291666666666666,0.31249999999999994,2.31353150946918,-4.9706848478960026e-14
SRT,24,17,8,0.7291666666666666,0.35416666666666663,1.9866745461037263,-4.4798326079506376e-14
SRT,24,17,9,0.7291666666666666,0.3958333333333333,1.52442899555623,-3.13624220037251e-14
SRT,24,17,10,0.7291666666666666,0.43749999999999994,0.958296128199615,-1.8489071816197594e-14
SRT,24,17,11,0.7291666666666666,0.47916666666666663,0.3268569633654554,1.2523935828473437e-15
SRT,24,17,12,0.7291666666666666,0.5208333333333334,-0.32685696336540554,3.3456634372908803e-14
SRT,24,17,13,0.7291666666666666,0.5625,-0.9582961281995983,4.917216470063305e-14
SRT,24,17,14,0.7291666666666666,0.6041666666666666,-1.5244289955562333,4.2314003076318857e-14
SRT,24,17,15,0.7291666666666666,0.6458333333333334,-1.9866745461037143,2.688529675558399e-14
SRT,24,17,16,0.7291666666666666,0.6875,-2.3135315094691644,5.04994597300802e-15
SRT,24,17,17,0.7291666666666666,0.7291666666666666,-2.4827251237558645,-2.469821930196583e-14
SRT,24,17,18,0.7291666666666666,0.7708333333333334,-2.482725123755881,-3.1178194505536036e-14
SRT,24,17,19,0.7291666666666666,0.8125,-2.3135315094691724,-2.3312615018238388e-14
SRT,24,17,20,0.7291666666666666,0.8541666666666666,-1.986674546103728,-2.0332044476180804e-14
SRT,24,17,21,0.7291666666666666,0.8958333333333334,-1.5244289955562405,1.8776269527826733e-16
SRT,24,17,22,0.7291666666666666,0.9375,-0.9582961281996326,-6.382069712627131e-16
SRT,24,17,23,0.7291666666666666,0.9791666666666666,-0.3268569633654424,2.2591773700675323e-15
SRT,24,18,0,0.7708333333333334,0.020833333333333332,0.32685696336543524,-1.5505465734926798e-14
SRT,24,18,1,0.7708333333333334,0.0625,0.9582961281996036,1.5301525082441488e-14
SRT,24,18,2,0.7708333333333334,0.10416666666666666,1.5244289955562167,3.390681286437926e-14
SRT,24,18,3,0.7708333333333334,0.14583333333333334,1.9866745461036988,-9.83760318997021e-16
SRT,24,18,4,0.7708333333333334,0.1875,2.313531509469177,-1.3046812465074324e-14
SRT,24,18,5,0.7708333333333334,0.22916666666666666,2.482725123755866,-9.553225449089408e-15
SRT,24,18,6,0.7708333333333334,0.2708333333333333,2.4827251237558783,-2.6184673061554876e-14
SRT,24,18,7,0.7708333333333334,0.31249999999999994,2.3135315094691538,-4.167471177500014e-14
SRT,24,18,8,0.7708333333333334,0.35416666666666663,1.9866745461037223,-3.6202484545499576e-14
SRT,24,18,9,0.7708333333333334,0.3958333333333333,1.524428995556242,-3.1313743714785076e-14
SRT,24,18,10,0.7708333333333334,0.43749999999999994,0.9582961281996103,-2.1685355884464315e-14
SRT,24,18,11,0.7708333333333334,0.47916666666666663,0.326856963365428,3.756505764198007e-15
SRT,24,18,12,0.7708333333333334,0.5208333333333334,-0.3268569633654289,2.7546666185104603e-14
SRT,24,18,13,0.7708333333333334,0.5625,-0.9582961281996064,3.7746821173999026e-14
SRT,24,18,14,0.7708333333333334,0.6041666666666666,-1.5244289955562473,5.210849895165283e-14
SRT,24,18,15,0.7708333333333334,0.6458333333333334,-1.9866745461037263,2.626808236583515e-14
SRT,24,18,16,0.7708333333333334,0.6875,-2.313531509469153,5.946542517737708e-15
SRT,24,18,17,0.7708333333333334,0.7291666666666666,-2.4827251237558627,-2.0008885743893698e-14
SRT,24,18,18,0.7708333333333334,0.7708333333333334,-2.482725123755868,-3.948123013183651e-14
SRT,24,18,19,0.7708333333333334,0.8125,-2.3135315094691737,-2.2541226497401307e-14
SRT,24,18,20,0.7708333333333334,0.8541666666666666,-1.986674546103716,-1.0278642711906598e-14
SRT,24,18,21,0.7708333333333334,0.8958333333333334,-1.5244289955562065,-1.3096759059984684e-14
SRT,24,18,22,0.7708333333333334,0.9375,-0.9582961281995991,-1.2424348829684588e-14
SRT,24,18,23,0.7708333333333334,0.9791666666666666,-0.3268569633654166,2.1544869243502577e-15
SRT,24,19,0,0.8125,0.020833333333333332,0.32685696336544684,1.3956341284995955e-16
SRT,24,19,1,0.8125,0.0625,0.9582961281996041,8.260613119123005e-15
SRT,24,19,2,0.8125,0.10416666666666666,1.5244289955562154,3.9555450300072736e-15
SRT,24,19,3,0.8125,0.14583333333333334,1.986674546103704,-2.5137450809317398e-15
SRT,24,19,4,0.8125,0.1875,2.3135315094691635,-1.531158283295489e-14
SRT,24,19,5,0.8125,0.22916666666666666,2.4827251237558894,-2.6578458273557848e-14
SRT,24,19,6,0.8125,0.2708333333333333,2.4827251237558627,-2.95883064900757e-14
SRT,24,19,7,0.8125,0.31249999999999994,2.313531509469174,-1.269858584595551e-14
SRT,24,19,8,0.8125,0.35416666666666663,1.986674546103721,-1.3227931273448238e-14
SRT,24,19,9,0.8125,0.3958333333333333,1.5244289955562413,-3.558202488408596e-14
SRT,24,19,10,0.8125,0.43749999999999994,0.9582961281996106,-3.064545282880571e-14
SRT,24,19,11,0.8125,0.47916666666666663,0.32685696336542575,1.768417158122479e-14
SRT,24,19,12,0.8125,0.5208333333333334,-0.3268569633654337,3.6164819435687977e-14
SRT,24,19,13,0.8125,0.5625,-0.9582961281995971,2.0936487292482842e-14
SRT,24,19,14,0.8125,0.6041666666666666,-1.524428995556214,5.269364212412239e-14
SRT,24,19,15,0.8125,0.6458333333333334,-1.9866745461037143,6.452387335015574e-14
SRT,24,19,16,0.8125,0.6875,-2.313531509469181,4.503086304331298e-15
SRT,24,19,17,0.8125,0.7291666666666666,-2.4827251237558894,-3.9320102144456276e-14
SRT,24,19,18,0.8125,0.7708333333333334,-2.4827251237558983,-4.279250784455399e-14
SRT,24,19,19,0.8125,0.8125,-2.313531509469182,-3.4151927093549694e-14
SRT,24,19,20,0.8125,0.8541666666666666,-1.986674546103718,2.9118419371588627e-15
SRT,24,19,21,0.8125,0.8958333333333334,-1.5244289955562214,5.650331320254968e-15
SRT,24,19,22,0.8125,0.9375,-0.958296128199569,-2.8236305410172353e-14
SRT,24,19,23,0.8125,0.9791666666666666,-0.32685696336541925,-2.553577359920021e-14
SRT,24,20,0,0.8541666666666666,0.020833333333333332,0.32685696336544673,-2.866726958904635e-14
SRT,24,20,1,0.8541666666666666,0.0625,0.9582961281996231,-1.3445636804734418e-14
SRT,24,20,2,0.8541666666666666,0.10416666666666666,1.5244289955562353,3.2076093101240344e-15
SRT,24,20,3,0.8541666666666666,0.14583333333333334,1.9866745461037327,3.8760538206541176e-15
SRT,24,20,4,0.8541666666666666,0.1875,2.3135315094691746,-1.591857576087473e-14
SRT,24,20,5,0.8541666666666666,0.22916666666666666,2.4827251237558707,-4.110694444486967e-14
SRT,24,20,6,0.8541666666666666,0.2708333333333333,2.4827251237558716,-3.222798974997789e-14
SRT,24,20,7,0.8541666666666666,0.31249999999999994,2.3135315094691644,-4.820733261466725e-15
SRT,24,20,8,0.8541666666666666,0.35416666666666663,1.9866745461037147,-2.4868824394866332e-14
SRT,24,20,9,0.8541666666666666,0.3958333333333333,1.52442899555621,-3.735775622149932e-14
SRT,24,20,10,0.8541666666666666,0.43749999999999994,0.9582961281996124,-1.4628958621159583e-14
SRT,24,20,11,0.8541666666666666,0.47916666666666663,0.32685696336544645,1.2363805723157028e-14
SRT,24,20,12,0.8541666666666666,0.5208333333333334,-0.3268569633654285,4.4154678250676194e-14
SRT,24,20,13,0.8541666666666666,0.5625,-0.9582961281995981,5.4291052339769196e-14
SRT,24,20,14,0.8541666666666666,0.6041666666666666,-1.5244289955561978,5.4076286167987634e-14
SRT,24,20,15,0.8541666666666666,0.6458333333333334,-1.986674546103724,2.5294019476970444e-14
SRT,24,20,16,0.8541666666666666,0.6875,-2.3135315094691866,5.017671343850769e-15
SRT,24,20,17,0.8541666666666666,0.7291666666666666,-2.482725123755896,-3.702706631652543e-14
SRT,24,20,18,0.8541666666666666,0.7708333333333334,-2.4827251237559,-6.212334553186159e-14
SRT,24,20,19,0.8541666666666666,0.8125,-2.3135315094691835,-1.9713153141837244e-14
SRT,24,20,20,0.8541666666666666,0.8541666666666666,-1.986674546103738,1.678752977584121e-14
SRT,24,20,21,0.8541666666666666,0.8958333333333334,-1.5244289955562287,1.8098604564842525e-14
SRT,24,20,22,0.8541666666666666,0.9375,-0.9582961281996011,-1.1058695571506305e-14
SRT,24,20,23,0.8541666666666666,0.9791666666666666,-0.3268569633653981,-2.7674941155803876e-14
SRT,24,21,0,0.8958333333333334,0.020833333333333332,0.3268569633654374,-3.8449970078464494e-14
SRT,24,21,1,0.8958333333333334,0.0625,0.9582961281996413,-9.031254024926416e-15
SRT,24,21,2,0.8958333333333334,0.10416666666666666,1.5244289955562391,-1.3712209444689547e-14
SRT,24,21,3,0.8958333333333334,0.14583333333333334,1.9866745461037294,-1.7593890102693112e-14
SRT,24,21,4,0.8958333333333334,0.1875,2.3135315094691635,-2.5349359976337255e-14
SRT,24,21,5,0.8958333333333334,0.22916666666666666,2.4827251237558614,-2.457907368625847e-14
SRT,24,21,6,0.8958333333333334,0.2708333333333333,2.482725123755883,-2.7338730726023592e-14
SRT,24,21,7,0.8958333333333334,0.31249999999999994,2.313531509469161,1.3358478646327872e-15
SRT,24,21,8,0.8958333333333334,0.35416666666666663,1.986674546103705,-2.177337875812672e-14
SRT,24,21,9,0.8958333333333334,0.3958333333333333,1.5244289955562207,-4.3561675967295866e-14
SRT,24,21,10,0.8958333333333334,0.43749999999999994,0.95829612819961,1.2952800820097088e-14
SRT,24,21,11,0.8958333333333334,0.47916666666666663,0.32685696336543646,2.6559184437801553e-14
SRT,24,21,12,0.8958333333333334,0.5208333333333334,-0.32685696336541575,3.341407334583323e-14
SRT,24,21,13,0.8958333333333334,0.5625,-0.9582961281996211,5.83708855377624e-14
SRT,24,21,14,0.8958333333333334,0.6041666666666666,-1.524428995556272,3.160297420548531e-14
SRT,24,21,15,0.8958333333333334,0.6458333333333334,-1.986674546103755,8.075660551388905e-15
SRT,24,21,16,0.8958333333333334,0.6875,-2.3135315094692124,-4.722890277535943e-15
SRT,24,21,17,0.8958333333333334,0.7291666666666666,-2.4827251237559214,-4.005482916810411e-14
SRT,24,21,18,0.8958333333333334,0.7708333333333334,-2.4827251237559063,-3.0543865194619546e-14
SRT,24,21,19,0.8958333333333334,0.8125,-2.3135315094691915,-2.471173246141064e-14
SRT,24,21,20,0.8958333333333334,0.8541666666666666,-1.9866745461037316,2.0573172474226962e-14
SRT,24,21,21,0.8958333333333334,0.8958333333333334,-1.5244289955562347,2.876569771193564e-14
SRT,24,21,22,0.8958333333333334,0.9375,-0.9582961281996244,-6.966832516923863e-15
SRT,24,21,23,0.8958333333333334,0.9791666666666666,-0.3268569633654209,-3.08452648265859e-14
SRT,24,22,0,0.9375,0.020833333333333332,0.3268569633654234,-1.825387973420579e-14
SRT,24,22,1,0.9375,0.0625,0.95829612819961,-1.0532984088427098e-14
SRT,24,22,2,0.9375,0.10416666666666666,1.5244289955562424,-1.6117436507251963e-14
SRT,24,22,3,0.9375,0.14583333333333334,1.986674546103714,-3.37651009194678e-14
SRT,24,22,4,0.9375,0.1875,2.3135315094691578,-3.307841714619178e-14
SRT,24,22,5,0.9375,0.22916666666666666,2.482725123755868,-2.673075517722987e-14
SRT,24,22,6,0.9375,0.2708333333333333,2.4827251237558787,-2.2316393793600898e-14
SRT,24,22,7,0.9375,0.31249999999999994,2.313531509469161,-9.124519340101986e-15
SRT,24,22,8,0.9375,0.35416666666666663,1.9866745461037083,-2.6708884947692542e-14
SRT,24,22,9,0.9375,0.3958333333333333,1.524428995556216,-1.465002990410626e-14
SRT,24,22,10,0.9375,0.43749999999999994,0.9582961281996113,1.2701292219187482e-14
SRT,24,22,11,0.9375,0.47916666666666663,0.3268569633654311,2.6427268351851436e-14
SRT,24,22,12,0.9375,0.5208333333333334,-0.326856963365454,3.4166635468047004e-14
SRT,24,22,13,0.9375,0.5625,-0.9582961281996556,1.518687832322143e-14
SRT,24,22,14,0.9375,0.6041666666666666,-1.5244289955562904,3.892837179247859e-14
SRT,24,22,15,0.9375,0.6458333333333334,-1.986674546103772,2.989430339090904e-14
SRT,24,22,16,0.9375,0.6875,-2.3135315094692364,-8.212450664789228e-15
SRT,24,22,17,0.9375,0.7291666666666666,-2.48272512375593,-2.5611585823455106e-14
SRT,24,22,18,0.9375,0.7708333333333334,-2.482725123755926,-4.611478444429632e-14
SRT,24,22,19,0.9375,0.8125,-2.313531509469189,-4.411033138851385e-15
SRT,24,22,20,0.9375,0.8541666666666666,-1.9866745461037523,2.3000609131145797e-14
SRT,24,22,21,0.9375,0.8958333333333334,-1.5244289955562453,2.224303215493667e-14
SRT,24,22,22,0.9375,0.9375,-0.9582961281996483,-9.94682910893835e-16
SRT,24,22,23,0.9375,0.9791666666666666,-0.3268569633654572,-3.0875328104764614e-14
SRT,24,23,0,0.9791666666666666,0.020833333333333332,0.3268569633654002,-3.3707743877057623e-15
SRT,24,23,1,0.9791666666666666,0.0625,0.958296128199616,-2.1396371394241725e-15
SRT,24,23,2,0.9791666666666666,0.10416666666666666,1.524428995556212,-2.0544536458194576e-14
SRT,24,23,3,0.9791666666666666,0.14583333333333334,1.9866745461037334,-4.2708217088415146e-14
SRT,24,23,4,0.9791666666666666,0.1875,2.3135315094691955,-1.585027654352598e-14
SRT,24,23,5,0.9791666666666666,0.22916666666666666,2.482725123755907,-1.3035879954759378e-14
SRT,24,23,6,0.9791666666666666,0.2708333333333333,2.4827251237559036,-1.6209391051584546e-14
SRT,24,23,7,0.9791666666666666,0.31249999999999994,2.3135315094691875,-9.453506381587076e-15
SRT,24,23,8,0.9791666666666666,0.35416666666666663,1.9866745461037247,-3.40899076738928e-14
SRT,24,23,9,0.9791666666666666,0.3958333333333333,1.5244289955562413,-1.3883907957133847e-14
SRT,24,23,10,0.9791666666666666,0.43749999999999994,0.9582961281996154,4.1600342443659496e-14
SRT,24,23,11,0.9791666666666666,0.47916666666666663,0.3268569633654387,2.89189994460088e-15
SRT,24,23,12,0.9791666666666666,0.5208333333333334,-0.3268569633654495,-2.4280581410598798e-15
SRT,24,23,13,0.9791666666666666,0.5625,-0.9582961281996584,3.2133046486272206e-14
SRT,24,23,14,0.9791666666666666,0.6041666666666666,-1.5244289955562471,2.587402744495156e-14
SRT,24,23,15,0.9791666666666666,0.6458333333333334,-1.986674546103779,2.1181714013693242e-14
SRT,24,23,16,0.9791666666666666,0.6875,-2.313531509469222,-3.2292370572387964e-15
SRT,24,23,17,0.9791666666666666,0.7291666666666666,-2.4827251237559547,-2.7937878950809545e-14
SRT,24,23,18,0.9791666666666666,0.7708333333333334,-2.482725123755946,-1.4591264176804104e-14
SRT,24,23,19,0.9791666666666666,0.8125,-2.313531509469217,-5.755418167401941e-15
SRT,24,23,20,0.9791666666666666,0.8541666666666666,-1.9866745461037754,1.0050045527968652e-14
SRT,24,23,21,0.9791666666666666,0.8958333333333334,-1.524428995556265,2.094422963486653e-14
SRT,24,23,22,0.9791666666666666,0.9375,-0.9582961281996702,-1.9253558939405606e-14
SRT,24,23,23,0.9791666666666666,0.9791666666666666,-0.3268569633654546,-8.192567277800366e-15
TRT,48,0,0,0.010416666666666666,0.010416666666666666,0.16589772425545884,-1.7258410452695353e-13
TRT,48,0,1,0.010416666666666666,0.03125,0.494854616708846,-1.880009895564306e-13
TRT,48,0,2,0.010416666666666666,0.05208333333333333,0.8153444094707013,-1.9606945081632803e-13
TRT,48,0,3,0.010416666666666666,0.07291666666666667,1.1218834333303676,-1.976295070994751e-13
TRT,48,0,4,0.010416666666666666,0.09375,1.4092267206008664,-2.2223022383146772e-13
TRT,48,0,5,0.010416666666666666,0.11458333333333333,1.6724577479704492,-2.336836582634054e-13
TRT,48,0,6,0.010416666666666666,0.13541666666666666,1.9070725595793327,-2.640650311062919e-13
TRT,48,0,7,0.010416666666666666,0.15624999999999997,2.109056830953416,-2.5182414445020667e-13
TRT,48,0,8,0.010416666666666666,0.17708333333333331,2.274954555208853,-2.532163313341079e-13
TRT,48,0,9,0.010416666666666666,0.19791666666666666,2.4019271762881282,-2.8576846258913156e-13
TRT,48,0,10,0.010416666666666666,0.21874999999999997,2.4878021574410822,-2.9742855755258757e-13
TRT,48,0,11,0.010416666666666666,0.23958333333333331,2.5311101539311642,-2.9212558027622395e-13
TRT,48,0,12,0.010416666666666666,0.2604166666666667,2.5311101539311385,-3.106144044175254e-13
TRT,48,0,13,0.010416666666666666,0.28125,2.4878021574410476,-3.016230926389316e-13
TRT,48,0,14,0.010416666666666666,0.3020833333333333,2.401927176288091,-2.868065384794197e-13
TRT,48,0,15,0.010416666666666666,0.3229166666666667,2.274954555208821,-2.783840170506858e-13
TRT,48,0,16,0.010416666666666666,0.34375,2.1090568309534006,-2.525809106346954e-13
TRT,48,0,17,0.010416666666666666,0.3645833333333333,1.907072559579318,-2.4389504151834543e-13
TRT,48,0,18,0.010416666666666666,0.3854166666666667,1.672457747970429,-2.3385507597999507e-13
TRT,48,0,19,0.010416666666666666,0.40625,1.4092267206008608,-2.294364578070223e-13
TRT,48,0,20,0.010416666666666666,0.4270833333333333,1.1218834333303513,-2.1873521328601724e-13
TRT,48,0,21,0.010416666666666666,0.4479166666666667,0.8153444094707162,-2.0806505351173903e-13
TRT,48,0,22,0.010416666666666666,0.46875,0.49485461670883313,-1.9394889528930162e-13
TRT,48,0,23,0.010416666666666666,0.4895833333333333,0.1658977242554781,-1.6558503325092563e-13
TRT,48,0,24,0.010416666666666666,0.5104166666666666,-0.16589772425547392,-1.546858901450905e-13
TRT,48,0,25,0.010416666666666666,0.5312499999999999,-0.4948546167088205,-1.3894363830838605e-13
TRT,48,0,26,0.010416666666666666,0.5520833333333333,-0.8153444094707132,-1.1914495497875428e-13
TRT,48,0,27,0.010416666666666666,0.5729166666666666,-1.1218834333303502,-8.93348210226125e-14
TRT,48,0,28,0.010416666666666666,0.5937499999999999,-1.4092267206008742,-9.574245011252902e-14
TRT,48,0,29,0.010416666666666666,0.6145833333333333,-1.672457747970421,-1.0683332632389139e-13
TRT,48,0,30,0.010416666666666666,0.6354166666666666,-1.9070725595793188,-8.446201969312477e-14
TRT,48,0,31,0.010416666666666666,0.6562499999999999,-2.109056830953376,-5.334378383505803e-14
TRT,48,0,32,0.010416666666666666,0.6770833333333333,-2.2749545552088,-4.477692644206803e-14
TRT,48,0,33,0.010416666666666666,0.6979166666666666,-2.401927176288078,-6.620754859997393e-14
TRT,48,0,34,0.010416666666666666,0.7187499999999999,-2.487802157441029,-4.028214807757342e-14
TRT,48,0,35,0.010416666666666666,0.7395833333333333,-2.531110153931123,-3.509977476565166e-14
TRT,48,0,36,0.010416666666666666,0.7604166666666666,-2.5311101539311447,-4.6533121979886456e-14
TRT,48,0,37,0.010416666666666666,0.7812499999999999,-2.4878021574410782,-3.2645155400683097e-14
TRT,48,0,38,0.010416666666666666,0.8020833333333333,-2.4019271762881096,-2.4981460899872826e-14
TRT,48,0,39,0.010416666666666666,0.8229166666666666,-2.2749545552088497,-8.793616031519337e-14
TRT,48,0,40,0.010416666666666666,0.8437499999999999,-2.1090568309533975,-8.412159709409484e-14
TRT,48,0,41,0.010416666666666666,0.8645833333333333,-1.9070725595793334,-5.2322763045229876e-14
TRT,48,0,42,0.010416666666666666,0.8854166666666666,-1.6724577479704366,-6.694682273047554e-14
TRT,48,0,43,0.010416666666666666,0.9062499999999999,-1.4092267206008682,-1.1551453583967602e-13
TRT,48,0,44,0.010416666666666666,0.9270833333333333,-1.1218834333303564,-1.1902469422304236e-13
TRT,48,0,45,0.010416666666666666,0.9479166666666666,-0.8153444094707132,-1.2464204603889577e-13
TRT,48,0,46,0.010416666666666666,0.9687499999999999,-0.4948546167088463,-1.2986675029822807e-13
TRT,48,0,47,0.010416666666666666,0.9895833333333333,-0.16589772425545732,-1.4902626690571105e-13
TRT,48,1,0,0.03125,0.010416666666666666,0.16589772425548638,-5.025225663490151e-13
TRT,48,1,1,0.03125,0.03125,0.4948546167088525,-5.136502424308423e-13
TRT,48,1,2,0.03125,0.05208333333333333,0.8153444094707326,-5.112496108902702e-13
TRT,48,1,3,0.03125,0.07291666666666667,1.1218834333303551,-5.20994729009784e-13
TRT,48,1,4,0.03125,0.09375,1.409226720600892,-5.388514241231142e-13
TRT,48,1,5,0.03125,0.11458333333333333,1.6724577479704383,-5.700408275938822e-13
TRT,48,1,6,0.03125,0.13541666666666666,1.9070725595793534,-5.765697462164607e-13
TRT,48,1,7,0.03125,0.15624999999999997,2.109056830953419,-5.642371738105386e-13
TRT,48,1,8,0.03125,0.17708333333333331,2.2749545552088772,-5.777351401837733e-13
TRT,48,1,9,0.03125,0.19791666666666666,2.4019271762881287,-6.145889493135571e-13
TRT,48,1,10,0.03125,0.21874999999999997,2.4878021574411053,-6.253895280267945e-13
TRT,48,1,11,0.03125,0.23958333333333331,2.5311101539311536,-6.206287830513282e-13
TRT,48,1,12,0.03125,0.2604166666666667,2.5311101539311434,-6.305473454312777e-13
TRT,48,1,13,0.03125,0.28125,2.487802157441057,-6.172097020365989e-13
TRT,48,1,14,0.03125,0.3020833333333333,2.401927176288081,-6.038404683779617e-13
TRT,48,1,15,0.03125,0.3229166666666667,2.2749545552088284,-6.000597525093242e-13
TRT,48,1,16,0.03125,0.34375,2.109056830953386,-5.927298680240956e-13
TRT,48,1,17,0.03125,0.3645833333333333,1.9070725595793212,-5.741507231339009e-13
TRT,48,1,18,0.03125,0.3854166666666667,1.6724577479704144,-5.450615209932163e-13
TRT,48,1,19,0.03125,0.40625,1.4092267206008493,-5.520113859559872e-13
TRT,48,1,20,0.03125,0.4270833333333333,1.121883433330345,-5.324605857937364e-13
TRT,48,1,21,0.03125,0.4479166666666667,0.8153444094706872,-5.262542651018006e-13
TRT,48,1,22,0.03125,0.46875,0.4948546167088408,-5.071975900615723e-13
TRT,48,1,23,0.03125,0.4895833333333333,0.1658977242554481,-4.915996549063351e-13
TRT,48,1,24,0.03125,0.5104166666666666,-0.16589772425546817,-4.685646657024851e-13
TRT,48,1,25,0.03125,0.5312499999999999,-0.4948546167088551,-4.569828668934534e-13
TRT,48,1,26,0.03125,0.5520833333333333,-0.8153444094707142,-4.630141719295171e-13
TRT,48,1,27,0.03125,0.5729166666666666,-1.1218834333303531,-4.439002989713502e-13
TRT,48,1,28,0.03125,0.5937499999999999,-1.409226720600862,-3.992121660596608e-13
TRT,48,1,29,0.03125,0.6145833333333333,-1.672457747970428,-4.0862318332309854e-13
TRT,48,1,30,0.03125,0.6354166666666666,-1.9070725595793272,-4.325446280899948e-13
TRT,48,1,31,0.03125,0.6562499999999999,-2.1090568309533775,-3.970345083295953e-13
TRT,48,1,32,0.03125,0.6770833333333333,-2.2749545552088115,-3.672936770226609e-13
TRT,48,1,33,0.03125,0.6979166666666666,-2.4019271762880767,-3.689903082854213e-13
TRT,48,1,34,0.03125,0.7187499999999999,-2.487802157441037,-3.914144650836661e-13
TRT,48,1,35,0.03125,0.7395833333333333,-2.5311101539311336,-3.7134452054365886e-13
TRT,48,1,36,0.03125,0.7604166666666666,-2.5311101539311394,-3.522207483747164e-13
TRT,48,1,37,0.03125,0.7812499999999999,-2.4878021574410702,-3.4141631917634034e-13
TRT,48,1,38,0.03125,0.8020833333333333,-2.401927176288104,-3.734788222473787e-13
TRT,48,1,39,0.03125,0.8229166666666666,-2.2749545552088417,-3.967597648933061e-13
TRT,48,1,40,0.03125,0.8437499999999999,-2.109056830953388,-4.146926101421884e-13
TRT,48,1,41,0.03125,0.8645833333333333,-1.9070725595793292,-3.767863188563032e-13
TRT,48,1,42,0.03125,0.8854166666666666,-1.6724577479704177,-3.875715781641483e-13
TRT,48,1,43,0.03125,0.9062499999999999,-1.4092267206008628,-4.309931413026881e-13
TRT,48,1,44,0.03125,0.9270833333333333,-1.121883433330336,-4.512196906156963e-13
TRT,48,1,45,0.03125,0.9479166666666666,-0.8153444094707012,-4.4411814674753696e-13
TRT,48,1,46,0.03125,0.9687499999999999,-0.49485461670881653,-4.516760163636054e-13
TRT,48,1,47,0.03125,0.9895833333333333,-0.16589772425545085,-4.803504690945838e-13
TRT,48,2,0,0.05208333333333333,0.010416666666666666,0.1658977242555026,-8.041604163754165e-13
TRT,48,2,1,0.05208333333333333,0.03125,0.49485461670888914,-8.197625037667779e-13
TRT,48,2,2,0.05208333333333333,0.05208333333333333,0.8153444094707393,-8.406487681505476e-13
TRT,48,2,3,0.05208333333333333,0.07291666666666667,1.121883433330391,-8.319809758857697e-13
TRT,48,2,4,0.05208333333333333,0.09375,1.409226720600888,-8.489314553196555e-13
TRT,48,2,5,0.05208333333333333,0.11458333333333333,1.672457747970463,-8.727470430052667e-13
TRT,48,2,6,0.05208333333333333,0.13541666666666666,1.9070725595793605,-8.887257306106857e-13
TRT,48,2,7,0.05208333333333333,0.15624999999999997,2.109056830953438,-8.79180528768298e-13
TRT,48,2,8,0.05208333333333333,0.17708333333333331,2.2749545552088617,-8.837327565652317e-13
TRT,48,2,9,0.05208333333333333,0.19791666666666666,2.401927176288126,-9.232413693462272e-13
TRT,48,2,10,0.05208333333333333,0.21874999999999997,2.487802157441095,-9.453199543789278e-13
TRT,48,2,11,0.05208333333333333,0.23958333333333331,2.5311101539311576,-9.330577080001986e-13
TRT,48,2,12,0.05208333333333333,0.2604166666666667,2.5311101539311394,-9.37573943989567e-13
TRT,48,2,13,0.05208333333333333,0.28125,2.4878021574410525,-9.42799477330829e-13
TRT,48,2,14,0.05208333333333333,0.3020833333333333,2.4019271762880745,-9.17877268456115e-13
TRT,48,2,15,0.05208333333333333,0.3229166666666667,2.274954555208816,-9.116700424136188e-13
TRT,48,2,16,0.05208333333333333,0.34375,2.1090568309533784,-8.949384022547854e-13
TRT,48,2,17,0.05208333333333333,0.3645833333333333,1.9070725595793232,-8.885543784852277e-13
TRT,48,2,18,0.05208333333333333,0.3854166666666667,1.6724577479704186,-8.791008994603981e-13
TRT,48,2,19,0.05208333333333333,0.40625,1.4092267206008475,-8.541670158288788e-13
TRT,48,2,20,0.05208333333333333,0.4270833333333333,1.1218834333303302,-8.524948637727353e-13
TRT,48,2,21,0.05208333333333333,0.4479166666666667,0.8153444094706876,-8.2970112356828e-13
TRT,48,2,22,0.05208333333333333,0.46875,0.4948546167088085,-8.198529244143469e-13
TRT,48,2,23,0.05208333333333333,0.4895833333333333,0.16589772425543026,-8.096221733489403e-13
TRT,48,2,24,0.05208333333333333,0.5104166666666666,-0.16589772425549076,-7.986765398398367e-13
TRT,48,2,25,0.05208333333333333,0.5312499999999999,-0.49485461670887426,-7.872695324528241e-13
TRT,48,2,26,0.05208333333333333,0.5520833333333333,-0.8153444094707296,-7.567223459003561e-13
TRT,48,2,27,0.05208333333333333,0.5729166666666666,-1.1218834333303631,-7.29930999258845e-13
TRT,48,2,28,0.05208333333333333,0.5937499999999999,-1.4092267206008648,-7.463164017745706e-13
TRT,48,2,29,0.05208333333333333,0.6145833333333333,-1.672457747970449,-7.580293903585346e-13
TRT,48,2,30,0.05208333333333333,0.6354166666666666,-1.9070725595793228,-7.272078151534865e-13
TRT,48,2,31,0.05208333333333333,0.6562499999999999,-2.1090568309533997,-6.895598913353545e-13
TRT,48,2,32,0.05208333333333333,0.6770833333333333,-2.274954555208808,-7.026438742380785e-13
TRT,48,2,33,0.05208333333333333,0.6979166666666666,-2.401927176288084,-7.164482707989548e-13
TRT,48,2,34,0.05208333333333333,0.7187499999999999,-2.4878021574410316,-6.928953418586351e-13
TRT,48,2,35,0.05208333333333333,0.7395833333333333,-2.531110153931116,-6.780712186302249e-13
TRT,48,2,36,0.05208333333333333,0.7604166666666666,-2.5311101539311385,-6.756506798492803e-13
TRT,48,2,37,0.05208333333333333,0.7812499999999999,-2.4878021574410676,-6.853103077277379e-13
TRT,48,2,38,0.05208333333333333,0.8020833333333333,-2.4019271762880945,-6.718078734832923e-13
TRT,48,2,39,0.05208333333333333,0.8229166666666666,-2.2749545552088484,-7.25500273322503e-13
TRT,48,2,40,0.05208333333333333,0.8437499999999999,-2.109056830953383,-7.322624008732429e-13
TRT,48,2,41,0.05208333333333333,0.8645833333333333,-1.9070725595793065,-6.972394702737566e-13
TRT,48,2,42,0.05208333333333333,0.8854166666666666,-1.6724577479704177,-7.096287167694717e-13
TRT,48,2,43,0.05208333333333333,0.9062499999999999,-1.409226720600856,-7.548417655632101e-13
TRT,48,2,44,0.05208333333333333,0.9270833333333333,-1.1218834333303358,-7.609885153473755e-13
TRT,48,2,45,0.05208333333333333,0.9479166666666666,-0.815344409470682,-7.671170372573972e-13
TRT,48,2,46,0.05208333333333333,0.9687499999999999,-0.49485461670881,-7.695125897814935e-13
TRT,48,2,47,0.05208333333333333,0.9895833333333333,-0.16589772425542149,-7.867726630201585e-13
TRT,48,3,0,0.07291666666666667,0.010416666666666666,0.16589772425552643,-1.105686552930949e-12
TRT,48,3,1,0.07291666666666667,0.03125,0.49485461670888875,-1.1294380707837419e-12
TRT,48,3,2,0.07291666666666667,0.05208333333333333,0.8153444094707605,-1.1319910723338031e-12
TRT,48,3,3,0.07291666666666667,0.07291666666666667,1.1218834333304002,-1.1367500254403656e-12
TRT,48,3,4,0.07291666666666667,0.09375,1.4092267206009101,-1.1529746729624081e-12
TRT,48,3,5,0.07291666666666667,0.11458333333333333,1.6724577479704732,-1.1710275837641227e-12
TRT,48,3,6,0.07291666666666667,0.13541666666666666,1.9070725595793698,-1.182341284344974e-12
TRT,48,3,7,0.07291666666666667,0.15624999999999997,2.1090568309534286,-1.1777619333023326e-12
TRT,48,3,8,0.07291666666666667,0.17708333333333331,2.2749545552088777,-1.2048965975207738e-12
TRT,48,3,9,0.07291666666666667,0.19791666666666666,2.4019271762881367,-1.2236797609329489e-12
TRT,48,3,10,0.07291666666666667,0.21874999999999997,2.4878021574411044,-1.2328148219851646e-12
TRT,48,3,11,0.07291666666666667,0.23958333333333331,2.5311101539311696,-1.2283016358501752e-12
TRT,48,3,12,0.07291666666666667,0.2604166666666667,2.531110153931125,-1.2294314524775511e-12
TRT,48,3,13,0.07291666666666667,0.28125,2.4878021574410516,-1.2376828766368893e-12
TRT,48,3,14,0.07291666666666667,0.3020833333333333,2.401927176288072,-1.2175082909212695e-12
TRT,48,3,15,0.07291666666666667,0.3229166666666667,2.2749545552088097,-1.2053553301157629e-12
TRT,48,3,16,0.07291666666666667,0.34375,2.1090568309533784,-1.1939922225478472e-12
TRT,48,3,17,0.07291666666666667,0.3645833333333333,1.9070725595792994,-1.1826811003494644e-12
TRT,48,3,18,0.07291666666666667,0.3854166666666667,1.672457747970409,-1.1675635727777257e-12
TRT,48,3,19,0.07291666666666667,0.40625,1.4092267206008398,-1.166577136633658e-12
TRT,48,3,20,0.07291666666666667,0.4270833333333333,1.1218834333303238,-1.1398454550417113e-12
TRT,48,3,21,0.07291666666666667,0.4479166666666667,0.8153444094706696,-1.1389620045836992e-12
TRT,48,3,22,0.07291666666666667,0.46875,0.4948546167087912,-1.128085572925288e-12
TRT,48,3,23,0.07291666666666667,0.4895833333333333,0.16589772425541785,-1.1056154646068317e-12
TRT,48,3,24,0.07291666666666667,0.5104166666666666,-0.16589772425550625,-1.096755598350734e-12
TRT,48,3,25,0.07291666666666667,0.5312499999999999,-0.4948546167088641,-1.0848392301135231e-12
TRT,48,3,26,0.07291666666666667,0.5520833333333333,-0.8153444094707348,-1.0708035945692853e-12
TRT,48,3,27,0.07291666666666667,0.5729166666666666,-1.1218834333303684,-1.0598183229779672e-12
TRT,48,3,28,0.07291666666666667,0.5937499999999999,-1.409226720600889,-1.03932611506915e-12
TRT,48,3,29,0.07291666666666667,0.6145833333333333,-1.67245774797043,-1.0408582169883798e-12
TRT,48,3,30,0.07291666666666667,0.6354166666666666,-1.90707255957934,-1.051968883295329e-12
TRT,48,3,31,0.07291666666666667,0.6562499999999999,-2.109056830953388,-1.0191136408794126e-12
TRT,48,3,32,0.07291666666666667,0.6770833333333333,-2.2749545552088404,-9.910669715893528e-13
TRT,48,3,33,0.07291666666666667,0.6979166666666666,-2.4019271762880776,-9.984365965403886e-13
TRT,48,3,34,0.07291666666666667,0.7187499999999999,-2.4878021574410476,-1.0128520250609008e-12
TRT,48,3,35,0.07291666666666667,0.7395833333333333,-2.5311101539311167,-1.003565132704225e-12
TRT,48,3,36,0.07291666666666667,0.7604166666666666,-2.5311101539311327,-9.859025368143956e-13
TRT,48,3,37,0.07291666666666667,0.7812499999999999,-2.48780215744107,-9.657695063191659e-13
TRT,48,3,38,0.07291666666666667,0.8020833333333333,-2.4019271762880994,-1.0118534019078314e-12
TRT,48,3,39,0.07291666666666667,0.8229166666666666,-2.274954555208839,-1.0167345815242393e-12
TRT,48,3,40,0.07291666666666667,0.8437499999999999,-2.1090568309533713,-1.0171429424808908e-12
TRT,48,3,41,0.07291666666666667,0.8645833333333333,-1.9070725595793112,-1.01099849879158e-12
TRT,48,3,42,0.07291666666666667,0.8854166666666666,-1.672457747970411,-1.0288043677519003e-12
TRT,48,3,43,0.07291666666666667,0.9062499999999999,-1.4092267206008413,-1.0554399254753513e-12
TRT,48,3,44,0.07291666666666667,0.9270833333333333,-1.1218834333303223,-1.0638860888663018e-12
TRT,48,3,45,0.07291666666666667,0.9479166666666666,-0.8153444094706682,-1.0661540967419828e-12
TRT,48,3,46,0.07291666666666667,0.9687499999999999,-0.49485461670878617,-1.0660985994708135e-12
TRT,48,3,47,0.07291666666666667,0.9895833333333333,-0.1658977242554071,-1.0888845668305097e-12
TRT,48,4,0,0.09375,0.010416666666666666,0.16589772425552518,-1.3921802297644244e-12
TRT,48,4,1,0.09375,0.03125,0.4948546167088954,-1.4055619266521434e-12
TRT,48,4,2,0.09375,0.05208333333333333,0.8153444094707745,-1.4155783811804292e-12
TRT,48,4,3,0.09375,0.07291666666666667,1.1218834333303973,-1.4117368923431031e-12
TRT,48,4,4,0.09375,0.09375,1.4092267206009188,-1.4239962116780781e-12
TRT,48,4,5,0.09375,0.11458333333333333,1.672457747970479,-1.453243213168445e-12
TRT,48,4,6,0.09375,0.13541666666666666,1.9070725595793754,-1.472791180866219e-12
TRT,48,4,7,0.09375,0.15624999999999997,2.1090568309534525,-1.4554446230280927e-12
TRT,48,4,8,0.09375,0.17708333333333331,2.2749545552088803,-1.45150894408581e-12
TRT,48,4,9,0.09375,0.19791666666666666,2.401927176288149,-1.4982820090602935e-12
TRT,48,4,10,0.09375,0.21874999999999997,2.4878021574411116,-1.5140414127307071e-12
TRT,48,4,11,0.09375,0.23958333333333331,2.5311101539311758,-1.5158304129071436e-12
TRT,48,4,12,0.09375,0.2604166666666667,2.5311101539311482,-1.5154873131777658e-12
TRT,48,4,13,0.09375,0.28125,2.4878021574410494,-1.5068504476812347e-12
TRT,48,4,14,0.09375,0.3020833333333333,2.401927176288077,-1.501331788278691e-12
TRT,48,4,15,0.09375,0.3229166666666667,2.274954555208807,-1.4830630892996761e-12
TRT,48,4,16,0.09375,0.34375,2.1090568309533624,-1.474020047998274e-12
TRT,48,4,17,0.09375,0.3645833333333333,1.9070725595792934,-1.4669548028663715e-12
TRT,48,4,18,0.09375,0.3854166666666667,1.672457747970389,-1.4499408706119588e-12
TRT,48,4,19,0.09375,0.40625,1.4092267206008218,-1.4338814375054257e-12
TRT,48,4,20,0.09375,0.4270833333333333,1.1218834333303107,-1.4349539485170036e-12
TRT,48,4,21,0.09375,0.4479166666666667,0.815344409470658,-1.4206097817291438e-12
TRT,48,4,22,0.09375,0.46875,0.4948546167087968,-1.4051419426759303e-12
TRT,48,4,23,0.09375,0.4895833333333333,0.16589772425540794,-1.38930422372349e-12
TRT,48,4,24,0.09375,0.5104166666666666,-0.16589772425549923,-1.3806533802759376e-12
TRT,48,4,25,0.09375,0.5312499999999999,-0.49485461670887365,-1.3766657894070336e-12
TRT,48,4,26,0.09375,0.5520833333333333,-0.8153444094707335,-1.3548888442074784e-12
TRT,48,4,27,0.09375,0.5729166666666666,-1.1218834333303787,-1.331177394760111e-12
TRT,48,4,28,0.09375,0.5937499999999999,-1.409226720600884,-1.3402094695512227e-12
TRT,48,4,29,0.09375,0.6145833333333333,-1.672457747970457,-1.3508459883322489e-12
TRT,48,4,30,0.09375,0.6354166666666666,-1.9070725595793439,-1.3309578315370983e-12
TRT,48,4,31,0.09375,0.6562499999999999,-2.1090568309533966,-1.2965686758825143e-12
TRT,48,4,32,0.09375,0.6770833333333333,-2.274954555208827,-1.301781352176295e-12
TRT,48,4,33,0.09375,0.6979166666666666,-2.4019271762881007,-1.305351297966631e-12
TRT,48,4,34,0.09375,0.7187499999999999,-2.4878021574410534,-1.2918374741907605e-12
TRT,48,4,35,0.09375,0.7395833333333333,-2.5311101539311234,-1.2680672890831249e-12
TRT,48,4,36,0.09375,0.7604166666666666,-2.5311101539311283,-1.28309708742333e-12
TRT,48,4,37,0.09375,0.7812499999999999,-2.4878021574410583,-1.296163097965422e-12
TRT,48,4,38,0.09375,0.8020833333333333,-2.4019271762880967,-1.2737427286316698e-12
TRT,48,4,39,0.09375,0.8229166666666666,-2.2749545552088204,-1.2983015950118795e-12
TRT,48,4,40,0.09375,0.8437499999999999,-2.1090568309533855,-1.3174062503632987e-12
TRT,48,4,41,0.09375,0.8645833333333333,-1.9070725595792906,-1.311891401349382e-12
TRT,48,4,42,0.09375,0.8854166666666666,-1.6724577479704177,-1.3040133019601677e-12
TRT,48,4,43,0.09375,0.9062499999999999,-1.4092267206008353,-1.3439503378041522e-12
TRT,48,4,44,0.09375,0.9270833333333333,-1.1218834333303196,-1.3485173185576527e-12
TRT,48,4,45,0.09375,0.9479166666666666,-0.8153444094706603,-1.3518034104566752e-12
TRT,48,4,46,0.09375,0.9687499999999999,-0.4948546167087875,-1.3618785092126974e-12
TRT,48,4,47,0.09375,0.9895833333333333,-0.16589772425540844,-1.3737286353609344e-12
TRT,48,5,0,0.11458333333333333,0.010416666666666666,0.16589772425552712,-1.6528452918464424e-12
TRT,48,5,1,0.11458333333333333,0.03125,0.4948546167089099,-1.6625436630225633e-12
TRT,48,5,2,0.11458333333333333,0.05208333333333333,0.8153444094707786,-1.6736956049879816e-12
TRT,48,5,3,0.11458333333333333,0.07291666666666667,1.121883433330425,-1.6749127509375005e-12
TRT,48,5,4,0.11458333333333333,0.09375,1.4092267206009206,-1.67786489950049e-12
TRT,48,5,5,0.11458333333333333,0.11458333333333333,1.6724577479704898,-1.7079043147163926e-12
TRT,48,5,6,0.11458333333333333,0.13541666666666666,1.9070725595793874,-1.7060880769141565e-12
TRT,48,5,7,0.11458333333333333,0.15624999999999997,2.1090568309534574,-1.7070056424508532e-12
TRT,48,5,8,0.11458333333333333,0.17708333333333331,2.2749545552088817,-1.740457995324969e-12
TRT,48,5,9,0.11458333333333333,0.19791666666666666,2.401927176288148,-1.7489260767562166e-12
TRT,48,5,10,0.11458333333333333,0.21874999999999997,2.4878021574411022,-1.7523844996959833e-12
TRT,48,5,11,0.11458333333333333,0.23958333333333331,2.5311101539311665,-1.7505548194551133e-12
TRT,48,5,12,0.11458333333333333,0.2604166666666667,2.531110153931145,-1.7590351420975082e-12
TRT,48,5,13,0.11458333333333333,0.28125,2.4878021574410525,-1.765650032195943e-12
TRT,48,5,14,0.11458333333333333,0.3020833333333333,2.4019271762880674,-1.7518757282882454e-12
TRT,48,5,15,0.11458333333333333,0.3229166666666667,2.2749545552088,-1.7529819685288485e-12
TRT,48,5,16,0.11458333333333333,0.34375,2.109056830953353,-1.7302656779056997e-12
TRT,48,5,17,0.11458333333333333,0.3645833333333333,1.9070725595792881,-1.716763601146633e-12
TRT,48,5,18,0.11458333333333333,0.3854166666666667,1.6724577479703866,-1.7054294253075783e-12
TRT,48,5,19,0.11458333333333333,0.40625,1.4092267206008173,-1.6948248590755567e-12
TRT,48,5,20,0.11458333333333333,0.4270833333333333,1.1218834333302996,-1.6767152244076652e-12
TRT,48,5,21,0.11458333333333333,0.4479166666666667,0.8153444094706672,-1.672966375512507e-12
TRT,48,5,22,0.11458333333333333,0.46875,0.4948546167087963,-1.6707507408414804e-12
TRT,48,5,23,0.11458333333333333,0.4895833333333333,0.16589772425542004,-1.6505748050824005e-12
TRT,48,5,24,0.11458333333333333,0.5104166666666666,-0.16589772425551103,-1.6409275852965839e-12
TRT,48,5,25,0.11458333333333333,0.5312499999999999,-0.4948546167088793,-1.6481602653104294e-12
TRT,48,5,26,0.11458333333333333,0.5520833333333333,-0.8153444094707392,-1.6291837071692075e-12
TRT,48,5,27,0.11458333333333333,0.5729166666666666,-1.121883433330394,-1.6197400673251066e-12
TRT,48,5,28,0.11458333333333333,0.5937499999999999,-1.4092267206009026,-1.6062776070611331e-12
TRT,48,5,29,0.11458333333333333,0.6145833333333333,-1.6724577479704603,-1.6076951311595087e-12
TRT,48,5,30,0.11458333333333333,0.6354166666666666,-1.907072559579348,-1.5986957940600892e-12
TRT,48,5,31,0.11458333333333333,0.6562499999999999,-2.109056830953404,-1.5722912525105548e-12
TRT,48,5,32,0.11458333333333333,0.6770833333333333,-2.2749545552088564,-1.5609706175763336e-12
TRT,48,5,33,0.11458333333333333,0.6979166666666666,-2.4019271762881087,-1.5620044606169657e-12
TRT,48,5,34,0.11458333333333333,0.7187499999999999,-2.4878021574410556,-1.564808659722247e-12
TRT,48,5,35,0.11458333333333333,0.7395833333333333,-2.5311101539311283,-1.5490457283051751e-12
TRT,48,5,36,0.11458333333333333,0.7604166666666666,-2.5311101539311442,-1.5432161378692075e-12
TRT,48,5,37,0.11458333333333333,0.7812499999999999,-2.487802157441062,-1.5462531116370097e-12
TRT,48,5,38,0.11458333333333333,0.8020833333333333,-2.4019271762880776,-1.5650912192396136e-12
TRT,48,5,39,0.11458333333333333,0.8229166666666666,-2.274954555208828,-1.5682813782882094e-12
TRT,48,5,40,0.11458333333333333,0.8437499999999999,-2.1090568309533704,-1.5672167652111568e-12
TRT,48,5,41,0.11458333333333333,0.8645833333333333,-1.9070725595792968,-1.5754021678855173e-12
TRT,48,5,42,0.11458333333333333,0.8854166666666666,-1.672457747970401,-1.5996047617742505e-12
TRT,48,5,43,0.11458333333333333,0.9062499999999999,-1.4092267206008366,-1.5961234278148706e-12
TRT,48,5,44,0.11458333333333333,0.9270833333333333,-1.12188343333031,-1.6112772834054869e-12
TRT,48,5,45,0.11458333333333333,0.9479166666666666,-0.8153444094706753,-1.6222761184610555e-12
TRT,48,5,46,0.11458333333333333,0.9687499999999999,-0.4948546167087839,-1.6333192309337915e-12
TRT,48,5,47,0.11458333333333333,0.9895833333333333,-0.1658977242554002,-1.6453323030756315e-12
TRT,48,6,0,0.13541666666666666,0.010416666666666666,0.16589772425552235,-1.891143294655702e-12
TRT,48,6,1,0.13541666666666666,0.03125,0.4948546167088984,-1.8919923849032806e-12
TRT,48,6,2,0.13541666666666666,0.05208333333333333,0.8153444094707828,-1.896499679488791e-12
TRT,48,6,3,0.13541666666666666,0.07291666666666667,1.1218834333304295,-1.9033566549607727e-12
TRT,48,6,4,0.13541666666666666,0.09375,1.4092267206009392,-1.9082156790975406e-12
TRT,48,6,5,0.13541666666666666,0.11458333333333333,1.6724577479704952,-1.9250749235157464e-12
TRT,48,6,6,0.13541666666666666,0.13541666666666666,1.9070725595793947,-1.944172240736619e-12
TRT,48,6,7,0.13541666666666666,0.15624999999999997,2.1090568309534503,-1.9456982596915553e-12
TRT,48,6,8,0.13541666666666666,0.17708333333333331,2.2749545552088914,-1.9411581336496656e-12
TRT,48,6,9,0.13541666666666666,0.19791666666666666,2.401927176288157,-1.9723261654062718e-12
TRT,48,6,10,0.13541666666666666,0.21874999999999997,2.4878021574411107,-1.9823437692167215e-12
TRT,48,6,11,0.13541666666666666,0.23958333333333331,2.5311101539311585,-1.965858421464013e-12
TRT,48,6,12,0.13541666666666666,0.2604166666666667,2.531110153931137,-1.9721591641364527e-12
TRT,48,6,13,0.13541666666666666,0.28125,2.4878021574410374,-1.984075555278159e-12
TRT,48,6,14,0.13541666666666666,0.3020833333333333,2.401927176288052,-1.988729230794314e-12
TRT,48,6,15,0.13541666666666666,0.3229166666666667,2.274954555208792,-1.9735305039909044e-12
TRT,48,6,16,0.13541666666666666,0.34375,2.109056830953359,-1.9538290044649333e-12
TRT,48,6,17,0.13541666666666666,0.3645833333333333,1.9070725595792748,-1.9382641355054828e-12
TRT,48,6,18,0.13541666666666666,0.3854166666666667,1.672457747970382,-1.9313562462931515e-12
TRT,48,6,19,0.13541666666666666,0.40625,1.4092267206008113,-1.9198721106931774e-12
TRT,48,6,20,0.13541666666666666,0.4270833333333333,1.1218834333303063,-1.9111889116290954e-12
TRT,48,6,21,0.13541666666666666,0.4479166666666667,0.8153444094706629,-1.8986679747576188e-12
TRT,48,6,22,0.13541666666666666,0.46875,0.4948546167087969,-1.8979203227834103e-12
TRT,48,6,23,0.13541666666666666,0.4895833333333333,0.1658977242554216,-1.8969651753432163e-12
TRT,48,6,24,0.13541666666666666,0.5104166666666666,-0.16589772425550553,-1.895522460851406e-12
TRT,48,6,25,0.13541666666666666,0.5312499999999999,-0.4948546167088785,-1.8804486053300664e-12
TRT,48,6,26,0.13541666666666666,0.5520833333333333,-0.8153444094707446,-1.874426232226616e-12
TRT,48,6,27,0.13541666666666666,0.5729166666666666,-1.1218834333303895,-1.8557795596268905e-12
TRT,48,6,28,0.13541666666666666,0.5937499999999999,-1.409226720600894,-1.8490536355632476e-12
TRT,48,6,29,0.13541666666666666,0.6145833333333333,-1.672457747970471,-1.8491269013287708e-12
TRT,48,6,30,0.13541666666666666,0.6354166666666666,-1.9070725595793439,-1.832549832532279e-12
TRT,48,6,31,0.13541666666666666,0.6562499999999999,-2.1090568309534206,-1.827212384250353e-12
TRT,48,6,32,0.13541666666666666,0.6770833333333333,-2.27495455520885,-1.8254287868415654e-12
TRT,48,6,33,0.13541666666666666,0.6979166666666666,-2.401927176288117,-1.7981281607725335e-12
TRT,48,6,34,0.13541666666666666,0.7187499999999999,-2.487802157441059,-1.7937580739264584e-12
TRT,48,6,35,0.13541666666666666,0.7395833333333333,-2.5311101539311363,-1.7858102180448301e-12
TRT,48,6,36,0.13541666666666666,0.7604166666666666,-2.531110153931132,-1.797377405491537e-12
TRT,48,6,37,0.13541666666666666,0.7812499999999999,-2.487802157441071,-1.7935441831886428e-12
TRT,48,6,38,0.13541666666666666,0.8020833333333333,-2.40192717628809,-1.78790080178193e-12
TRT,48,6,39,0.13541666666666666,0.8229166666666666,-2.274954555208814,-1.8077642985729008e-12
TRT,48,6,40,0.13541666666666666,0.8437499999999999,-2.109056830953365,-1.8127090369901763e-12
TRT,48,6,41,0.13541666666666666,0.8645833333333333,-1.9070725595792979,-1.8259113041858495e-12
TRT,48,6,42,0.13541666666666666,0.8854166666666666,-1.6724577479704037,-1.8195141614882597e-12
TRT,48,6,43,0.13541666666666666,0.9062499999999999,-1.4092267206008389,-1.8429920400999607e-12
TRT,48,6,44,0.13541666666666666,0.9270833333333333,-1.1218834333303371,-1.860269741608366e-12
TRT,48,6,45,0.13541666666666666,0.9479166666666666,-0.8153444094706829,-1.8643759771633732e-12
TRT,48,6,46,0.13541666666666666,0.9687499999999999,-0.49485461670880365,-1.8606893092297554e-12
TRT,48,6,47,0.13541666666666666,0.9895833333333333,-0.16589772425542,-1.8840929307414974e-12
TRT,48,7,0,0.15624999999999997,0.010416666666666666,0.16589772425552393,-2.0861105517788404e-12
TRT,48,7,1,0.15624999999999997,0.03125,0.4948546167089086,-2.08740479658587e-12
TRT,48,7,2,0.15624999999999997,0.05208333333333333,0.8153444094707901,-2.0871602281082906e-12
TRT,48,7,3,0.15624999999999997,0.07291666666666667,1.121883433330432,-2.0930000553780825e-12
TRT,48,7,4,0.15624999999999997,0.09375,1.4092267206009446,-2.1024354319985355e-12
TRT,48,7,5,0.15624999999999997,0.11458333333333333,1.6724577479705038,-2.1272035718358287e-12
TRT,48,7,6,0.15624999999999997,0.13541666666666666,1.9070725595794047,-2.127844807152801e-12
TRT,48,7,7,0.15624999999999997,0.15624999999999997,2.109056830953472,-2.1305543572376936e-12
TRT,48,7,8,0.15624999999999997,0.17708333333333331,2.2749545552088986,-2.1515519407534572e-12
TRT,48,7,9,0.15624999999999997,0.19791666666666666,2.4019271762881513,-2.161647005994378e-12
TRT,48,7,10,0.15624999999999997,0.21874999999999997,2.4878021574411155,-2.1652070959411344e-12
TRT,48,7,11,0.15624999999999997,0.23958333333333331,2.531110153931166,-2.154807069074239e-12
TRT,48,7,12,0.15624999999999997,0.2604166666666667,2.5311101539311465,-2.1586671984930705e-12
TRT,48,7,13,0.15624999999999997,0.28125,2.487802157441045,-2.1788722331905987e-12
TRT,48,7,14,0.15624999999999997,0.3020833333333333,2.4019271762880665,-2.1577144078190376e-12
TRT,48,7,15,0.15624999999999997,0.3229166666666667,2.2749545552087924,-2.151073291833043e-12
TRT,48,7,16,0.15624999999999997,0.34375,2.1090568309533575,-2.149086198474844e-12
TRT,48,7,17,0.15624999999999997,0.3645833333333333,1.9070725595792761,-2.1366333940922998e-12
TRT,48,7,18,0.15624999999999997,0.3854166666666667,1.6724577479703744,-2.123599823954914e-12
TRT,48,7,19,0.15624999999999997,0.40625,1.4092267206008142,-2.1151662255766455e-12
TRT,48,7,20,0.15624999999999997,0.4270833333333333,1.1218834333303047,-2.096339216557405e-12
TRT,48,7,21,0.15624999999999997,0.4479166666666667,0.8153444094706599,-2.09986518156641e-12
TRT,48,7,22,0.15624999999999997,0.46875,0.49485461670879505,-2.100441337530177e-12
TRT,48,7,23,0.15624999999999997,0.4895833333333333,0.1658977242554087,-2.091912103535163e-12
TRT,48,7,24,0.15624999999999997,0.5104166666666666,-0.1658977242555019,-2.0947322626828154e-12
TRT,48,7,25,0.15624999999999997,0.5312499999999999,-0.49485461670887965,-2.102284838987602e-12
TRT,48,7,26,0.15624999999999997,0.5520833333333333,-0.8153444094707495,-2.0848436449417553e-12
TRT,48,7,27,0.15624999999999997,0.5729166666666666,-1.1218834333303884,-2.0696482332257384e-12
TRT,48,7,28,0.15624999999999997,0.5937499999999999,-1.4092267206009133,-2.0697761789987727e-12
TRT,48,7,29,0.15624999999999997,0.6145833333333333,-1.6724577479704643,-2.050555434833149e-12
TRT,48,7,30,0.15624999999999997,0.6354166666666666,-1.9070725595793654,-2.0443475783351487e-12
TRT,48,7,31,0.15624999999999997,0.6562499999999999,-2.10905683095342,-2.040696868424e-12
TRT,48,7,32,0.15624999999999997,0.6770833333333333,-2.274954555208844,-2.0274700805921417e-12
TRT,48,7,33,0.15624999999999997,0.6979166666666666,-2.401927176288109,-2.0076489852210912e-12
TRT,48,7,34,0.15624999999999997,0.7187499999999999,-2.4878021574410623,-2.0080199820046754e-12
TRT,48,7,35,0.15624999999999997,0.7395833333333333,-2.5311101539311367,-2.0035745851744386e-12
TRT,48,7,36,0.15624999999999997,0.7604166666666666,-2.531110153931146,-2.005292621197289e-12
TRT,48,7,37,0.15624999999999997,0.7812499999999999,-2.4878021574410396,-2.0150805094921566e-12
TRT,48,7,38,0.15624999999999997,0.8020833333333333,-2.4019271762880794,-2.0035963104999786e-12
TRT,48,7,39,0.15624999999999997,0.8229166666666666,-2.2749545552088177,-2.0037634328856847e-12
TRT,48,7,40,0.15624999999999997,0.8437499999999999,-2.1090568309533735,-2.0202718806530223e-12
TRT,48,7,41,0.15624999999999997,0.8645833333333333,-1.9070725595792928,-2.0398059446834566e-12
TRT,48,7,42,0.15624999999999997,0.8854166666666666,-1.672457747970401,-2.0589427266941387e-12
TRT,48,7,43,0.15624999999999997,0.9062499999999999,-1.409226720600844,-2.0586104520190506e-12
TRT,48,7,44,0.15624999999999997,0.9270833333333333,-1.1218834333303247,-2.0677320066321686e-12
TRT,48,7,45,0.15624999999999997,0.9479166666666666,-0.815344409470676,-2.067161814109647e-12
TRT,48,7,46,0.15624999999999997,0.9687499999999999,-0.4948546167088054,-2.0821114875375595e-12
TRT,48,7,47,0.15624999999999997,0.9895833333333333,-0.16589772425541155,-2.083371649409689e-12
TRT,48,8,0,0.17708333333333331,0.010416666666666666,0.16589772425552302,-2.253371643071586e-12
TRT,48,8,1,0.17708333333333331,0.03125,0.4948546167089197,-2.247487961268125e-12
TRT,48,8,2,0.17708333333333331,0.05208333333333333,0.8153444094707785,-2.260083811503312e-12
TRT,48,8,3,0.17708333333333331,0.07291666666666667,1.121883433330433,-2.263589144800021e-12
TRT,48,8,4,0.17708333333333331,0.09375,1.4092267206009408,-2.260118115282488e-12
TRT,48,8,5,0.17708333333333331,0.11458333333333333,1.6724577479705043,-2.276176381175739e-12
TRT,48,8,6,0.17708333333333331,0.13541666666666666,1.9070725595794173,-2.285794605709217e-12
TRT,48,8,7,0.17708333333333331,0.15624999999999997,2.109056830953469,-2.300195890658017e-12
TRT,48,8,8,0.17708333333333331,0.17708333333333331,2.2749545552089043,-2.3055979247034414e-12
TRT,48,8,9,0.17708333333333331,0.19791666666666666,2.4019271762881607,-2.302953131624842e-12
TRT,48,8,10,0.17708333333333331,0.21874999999999997,2.4878021574411133,-2.3020561142828684e-12
TRT,48,8,11,0.17708333333333331,0.23958333333333331,2.531110153931166,-2.2993529536506602e-12
TRT,48,8,12,0.17708333333333331,0.2604166666666667,2.5311101539311416,-2.30783650270516e-12
TRT,48,8,13,0.17708333333333331,0.28125,2.4878021574410476,-2.310809928289938e-12
TRT,48,8,14,0.17708333333333331,0.3020833333333333,2.401927176288069,-2.3179401234675536e-12
TRT,48,8,15,0.17708333333333331,0.3229166666666667,2.274954555208791,-2.312644400650146e-12
TRT,48,8,16,0.17708333333333331,0.34375,2.1090568309533455,-2.2987275804197807e-12
TRT,48,8,17,0.17708333333333331,0.3645833333333333,1.9070725595792648,-2.2973841927534172e-12
TRT,48,8,18,0.17708333333333331,0.3854166666666667,1.672457747970369,-2.2847059749186014e-12
TRT,48,8,19,0.17708333333333331,0.40625,1.4092267206008038,-2.2695681560158032e-12
TRT,48,8,20,0.17708333333333331,0.4270833333333333,1.1218834333303067,-2.274647433753475e-12
TRT,48,8,21,0.17708333333333331,0.4479166666666667,0.815344409470652,-2.2647290083195124e-12
TRT,48,8,22,0.17708333333333331,0.46875,0.49485461670879555,-2.2685255288200874e-12
TRT,48,8,23,0.17708333333333331,0.4895833333333333,0.1658977242554122,-2.2626650010554785e-12
TRT,48,8,24,0.17708333333333331,0.5104166666666666,-0.16589772425550603,-2.2638658080680274e-12
TRT,48,8,25,0.17708333333333331,0.5312499999999999,-0.4948546167088884,-2.2696985339758567e-12
TRT,48,8,26,0.17708333333333331,0.5520833333333333,-0.8153444094707436,-2.256629232038033e-12
TRT,48,8,27,0.17708333333333331,0.5729166666666666,-1.1218834333303944,-2.251471364900025e-12
TRT,48,8,28,0.17708333333333331,0.5937499999999999,-1.4092267206009048,-2.2393678729800447e-12
TRT,48,8,29,0.17708333333333331,0.6145833333333333,-1.6724577479704723,-2.2292696694027694e-12
TRT,48,8,30,0.17708333333333331,0.6354166666666666,-1.9070725595793652,-2.2182896486702272e-12
TRT,48,8,31,0.17708333333333331,0.6562499999999999,-2.109056830953425,-2.2045467435966455e-12
TRT,48,8,32,0.17708333333333331,0.6770833333333333,-2.2749545552088537,-2.2119045075293962e-12
TRT,48,8,33,0.17708333333333331,0.6979166666666666,-2.4019271762881114,-2.1930885278011824e-12
TRT,48,8,34,0.17708333333333331,0.7187499999999999,-2.487802157441072,-2.1897223654566535e-12
TRT,48,8,35,0.17708333333333331,0.7395833333333333,-2.531110153931131,-2.1828527018185033e-12
TRT,48,8,36,0.17708333333333331,0.7604166666666666,-2.531110153931133,-2.1730119885840208e-12
TRT,48,8,37,0.17708333333333331,0.7812499999999999,-2.4878021574410507,-2.1825439825977387e-12
TRT,48,8,38,0.17708333333333331,0.8020833333333333,-2.401927176288073,-2.198143253003954e-12
TRT,48,8,39,0.17708333333333331,0.8229166666666666,-2.2749545552088057,-2.1978402410333375e-12
TRT,48,8,40,0.17708333333333331,0.8437499999999999,-2.1090568309533775,-2.1901506431452608e-12
TRT,48,8,41,0.17708333333333331,0.8645833333333333,-1.907072559579294,-2.210168374968389e-12
TRT,48,8,42,0.17708333333333331,0.8854166666666666,-1.6724577479703933,-2.2189231696318872e-12
TRT,48,8,43,0.17708333333333331,0.9062499999999999,-1.4092267206008173,-2.2282634952274337e-12
TRT,48,8,44,0.17708333333333331,0.9270833333333333,-1.1218834333303136,-2.2355903727927966e-12
TRT,48,8,45,0.17708333333333331,0.9479166666666666,-0.8153444094706652,-2.2513495906382924e-12
TRT,48,8,46,0.17708333333333331,0.9687499999999999,-0.4948546167088024,-2.2385104684377648e-12
TRT,48,8,47,0.17708333333333331,0.9895833333333333,-0.16589772425539626,-2.2468379946770045e-12
TRT,48,9,0,0.19791666666666666,0.010416666666666666,0.16589772425552882,-2.3773178446421446e-12
TRT,48,9,1,0.19791666666666666,0.03125,0.4948546167089119,-2.3804217696924536e-12
TRT,48,9,2,0.19791666666666666,0.05208333333333333,0.8153444094707812,-2.3919325272056057e-12
TRT,48,9,3,0.19791666666666666,0.07291666666666667,1.1218834333304428,-2.3802185254634228e-12
TRT,48,9,4,0.19791666666666666,0.09375,1.4092267206009446,-2.386321870753587e-12
TRT,48,9,5,0.19791666666666666,0.11458333333333333,1.6724577479705156,-2.385630877976178e-12
TRT,48,9,6,0.19791666666666666,0.13541666666666666,1.907072559579408,-2.4015847140096998e-12
TRT,48,9,7,0.19791666666666666,0.15624999999999997,2.1090568309534707,-2.4176342970333112e-12
TRT,48,9,8,0.19791666666666666,0.17708333333333331,2.2749545552089105,-2.416169395075198e-12
TRT,48,9,9,0.19791666666666666,0.19791666666666666,2.4019271762881624,-2.415926425864574e-12
TRT,48,9,10,0.19791666666666666,0.21874999999999997,2.4878021574411,-2.414760302281205e-12
TRT,48,9,11,0.19791666666666666,0.23958333333333331,2.5311101539311633,-2.414172039809113e-12
TRT,48,9,12,0.19791666666666666,0.2604166666666667,2.531110153931147,-2.4159989961341464e-12
TRT,48,9,13,0.19791666666666666,0.28125,2.4878021574410525,-2.4212121628278155e-12
TRT,48,9,14,0.19791666666666666,0.3020833333333333,2.4019271762880683,-2.411705200369965e-12
TRT,48,9,15,0.19791666666666666,0.3229166666666667,2.2749545552087977,-2.4220949560347457e-12
TRT,48,9,16,0.19791666666666666,0.34375,2.1090568309533357,-2.4227147055288225e-12
TRT,48,9,17,0.19791666666666666,0.3645833333333333,1.9070725595792741,-2.4114902494800786e-12
TRT,48,9,18,0.19791666666666666,0.3854166666666667,1.6724577479703673,-2.401546068667837e-12
TRT,48,9,19,0.19791666666666666,0.40625,1.409226720600814,-2.3915190985573104e-12
TRT,48,9,20,0.19791666666666666,0.4270833333333333,1.121883433330309,-2.387417004141408e-12
TRT,48,9,21,0.19791666666666666,0.4479166666666667,0.8153444094706702,-2.3912148787440253e-12
TRT,48,9,22,0.19791666666666666,0.46875,0.4948546167087962,-2.385058124581401e-12
TRT,48,9,23,0.19791666666666666,0.4895833333333333,0.1658977242554276,-2.3846670507996164e-12
TRT,48,9,24,0.19791666666666666,0.5104166666666666,-0.16589772425551388,-2.3967054458611784e-12
TRT,48,9,25,0.19791666666666666,0.5312499999999999,-0.49485461670887876,-2.402456901990778e-12
TRT,48,9,26,0.19791666666666666,0.5520833333333333,-0.8153444094707553,-2.3850854783488675e-12
TRT,48,9,27,0.19791666666666666,0.5729166666666666,-1.1218834333304013,-2.3795873058522108e-12
TRT,48,9,28,0.19791666666666666,0.5937499999999999,-1.4092267206009113,-2.3818577672778324e-12
TRT,48,9,29,0.19791666666666666,0.6145833333333333,-1.6724577479704725,-2.364980780192518e-12
TRT,48,9,30,0.19791666666666666,0.6354166666666666,-1.9070725595793698,-2.35365096680518e-12
TRT,48,9,31,0.19791666666666666,0.6562499999999999,-2.109056830953436,-2.3529919054802625e-12
TRT,48,9,32,0.19791666666666666,0.6770833333333333,-2.274954555208859,-2.3424098417284994e-12
TRT,48,9,33,0.19791666666666666,0.6979166666666666,-2.401927176288112,-2.330297791518546e-12
TRT,48,9,34,0.19791666666666666,0.7187499999999999,-2.487802157441065,-2.3243223101368036e-12
TRT,48,9,35,0.19791666666666666,0.7395833333333333,-2.53111015393114,-2.319748934344379e-12
TRT,48,9,36,0.19791666666666666,0.7604166666666666,-2.5311101539311265,-2.3295155496990014e-12
TRT,48,9,37,0.19791666666666666,0.7812499999999999,-2.4878021574410565,-2.3396322651057154e-12
TRT,48,9,38,0.19791666666666666,0.8020833333333333,-2.401927176288069,-2.3262371804135065e-12
TRT,48,9,39,0.19791666666666666,0.8229166666666666,-2.2749545552087937,-2.3322117569538065e-12
TRT,48,9,40,0.19791666666666666,0.8437499999999999,-2.1090568309533606,-2.338785911256458e-12
TRT,48,9,41,0.19791666666666666,0.8645833333333333,-1.90707255957929,-2.340677626864825e-12
TRT,48,9,42,0.19791666666666666,0.8854166666666666,-1.6724577479703844,-2.3549754192764097e-12
TRT,48,9,43,0.19791666666666666,0.9062499999999999,-1.4092267206008307,-2.3620800059801285e-12
TRT,48,9,44,0.19791666666666666,0.9270833333333333,-1.121883433330317,-2.378225150045589e-12
TRT,48,9,45,0.19791666666666666,0.9479166666666666,-0.8153444094706686,-2.3845414240337915e-12
TRT,48,9,46,0.19791666666666666,0.9687499999999999,-0.49485461670878916,-2.3769627679010116e-12
TRT,48,9,47,0.19791666666666666,0.9895833333333333,-0.16589772425541277,-2.3743511038606637e-12
TRT,48,10,0,0.21874999999999997,0.010416666666666666,0.16589772425553415,-2.4544459667403427e-12
TRT,48,10,1,0.21874999999999997,0.03125,0.49485461670890857,-2.464861388203282e-12
TRT,48,10,2,0.21874999999999997,0.05208333333333333,0.8153444094707891,-2.4703233867966447e-12
TRT,48,10,3,0.21874999999999997,0.07291666666666667,1.1218834333304337,-2.4765707743492813e-12
TRT,48,10,4,0.21874999999999997,0.09375,1.4092267206009437,-2.4729472000095637e-12
TRT,48,10,5,0.21874999999999997,0.11458333333333333,1.6724577479705152,-2.4716147541379307e-12
TRT,48,10,6,0.21874999999999997,0.13541666666666666,1.9070725595794085,-2.482657832786078e-12
TRT,48,10,7,0.21874999999999997,0.15624999999999997,2.1090568309534734,-2.4868612981835874e-12
TRT,48,10,8,0.21874999999999997,0.17708333333333331,2.2749545552088977,-2.4846292740611533e-12
TRT,48,10,9,0.21874999999999997,0.19791666666666666,2.4019271762881433,-2.4864250379371968e-12
TRT,48,10,10,0.21874999999999997,0.21874999999999997,2.4878021574411107,-2.474393445713322e-12
TRT,48,10,11,0.21874999999999997,0.23958333333333331,2.5311101539311522,-2.4674682976160554e-12
TRT,48,10,12,0.21874999999999997,0.2604166666666667,2.531110153931153,-2.4817092386125837e-12
TRT,48,10,13,0.21874999999999997,0.28125,2.4878021574410556,-2.475305572043674e-12
TRT,48,10,14,0.21874999999999997,0.3020833333333333,2.4019271762880594,-2.484721493409289e-12
TRT,48,10,15,0.21874999999999997,0.3229166666666667,2.27495455520879,-2.5017185358614072e-12
TRT,48,10,16,0.21874999999999997,0.34375,2.1090568309533446,-2.482636421004936e-12
TRT,48,10,17,0.21874999999999997,0.3645833333333333,1.9070725595792641,-2.4835682600586628e-12
TRT,48,10,18,0.21874999999999997,0.3854166666666667,1.6724577479703773,-2.484644835131367e-12
TRT,48,10,19,0.21874999999999997,0.40625,1.4092267206008058,-2.4688830016294077e-12
TRT,48,10,20,0.21874999999999997,0.4270833333333333,1.1218834333303054,-2.4804025233806946e-12
TRT,48,10,21,0.21874999999999997,0.4479166666666667,0.8153444094706636,-2.477229049350886e-12
TRT,48,10,22,0.21874999999999997,0.46875,0.49485461670879133,-2.475481340632796e-12
TRT,48,10,23,0.21874999999999997,0.4895833333333333,0.16589772425541077,-2.4831878507168477e-12
TRT,48,10,24,0.21874999999999997,0.5104166666666666,-0.16589772425550736,-2.4880688465723025e-12
TRT,48,10,25,0.21874999999999997,0.5312499999999999,-0.4948546167088845,-2.487137378291317e-12
TRT,48,10,26,0.21874999999999997,0.5520833333333333,-0.8153444094707433,-2.483328910107336e-12
TRT,48,10,27,0.21874999999999997,0.5729166666666666,-1.121883433330402,-2.4734022618537543e-12
TRT,48,10,28,0.21874999999999997,0.5937499999999999,-1.4092267206009055,-2.4602546981413224e-12
TRT,48,10,29,0.21874999999999997,0.6145833333333333,-1.6724577479704703,-2.454161176650174e-12
TRT,48,10,30,0.21874999999999997,0.6354166666666666,-1.907072559579368,-2.4565761694401203e-12
TRT,48,10,31,0.21874999999999997,0.6562499999999999,-2.1090568309534277,-2.44269696136356e-12
TRT,48,10,32,0.21874999999999997,0.6770833333333333,-2.274954555208861,-2.438674587311009e-12
TRT,48,10,33,0.21874999999999997,0.6979166666666666,-2.4019271762881105,-2.4281480178162146e-12
TRT,48,10,34,0.21874999999999997,0.7187499999999999,-2.487802157441081,-2.441481968843864e-12
TRT,48,10,35,0.21874999999999997,0.7395833333333333,-2.531110153931136,-2.4230460430691627e-12
TRT,48,10,36,0.21874999999999997,0.7604166666666666,-2.531110153931127,-2.4289429238708577e-12
TRT,48,10,37,0.21874999999999997,0.7812499999999999,-2.4878021574410543,-2.4375556137812105e-12
TRT,48,10,38,0.21874999999999997,0.8020833333333333,-2.401927176288061,-2.4252958917621033e-12
TRT,48,10,39,0.21874999999999997,0.8229166666666666,-2.274954555208805,-2.4373943788851527e-12
TRT,48,10,40,0.21874999999999997,0.8437499999999999,-2.1090568309533526,-2.4351006160871147e-12
TRT,48,10,41,0.21874999999999997,0.8645833333333333,-1.9070725595792921,-2.4433677667176936e-12
TRT,48,10,42,0.21874999999999997,0.8854166666666666,-1.672457747970382,-2.4520585985583316e-12
TRT,48,10,43,0.21874999999999997,0.9062499999999999,-1.4092267206008242,-2.4580544353156985e-12
TRT,48,10,44,0.21874999999999997,0.9270833333333333,-1.121883433330313,-2.452575836628146e-12
TRT,48,10,45,0.21874999999999997,0.9479166666666666,-0.8153444094706642,-2.4662353575261456e-12
TRT,48,10,46,0.21874999999999997,0.9687499999999999,-0.49485461670877934,-2.4630946331786514e-12
TRT,48,10,47,0.21874999999999997,0.9895833333333333,-0.16589772425540403,-2.4619727479714856e-12
TRT,48,11,0,0.23958333333333331,0.010416666666666666,0.16589772425553137,-2.5070151225276536e-12
TRT,48,11,1,0.23958333333333331,0.03125,0.4948546167089121,-2.5108439506411975e-12
TRT,48,11,2,0.23958333333333331,0.05208333333333333,0.8153444094707821,-2.5247001292753206e-12
TRT,48,11,3,0.23958333333333331,0.07291666666666667,1.1218834333304337,-2.522060686154746e-12
TRT,48,11,4,0.23958333333333331,0.09375,1.4092267206009554,-2.510936938108933e-12
TRT,48,11,5,0.23958333333333331,0.11458333333333333,1.672457747970509,-2.5030522789653867e-12
TRT,48,11,6,0.23958333333333331,0.13541666666666666,1.9070725595794178,-2.5139528683239136e-12
TRT,48,11,7,0.23958333333333331,0.15624999999999997,2.1090568309534787,-2.520127296066047e-12
TRT,48,11,8,0.23958333333333331,0.17708333333333331,2.2749545552088986,-2.5195437999724786e-12
TRT,48,11,9,0.23958333333333331,0.19791666666666666,2.4019271762881584,-2.4947701986126965e-12
TRT,48,11,10,0.23958333333333331,0.21874999999999997,2.487802157441109,-2.4995843570202986e-12
TRT,48,11,11,0.23958333333333331,0.23958333333333331,2.531110153931164,-2.501044710894039e-12
TRT,48,11,12,0.23958333333333331,0.2604166666666667,2.5311101539311442,-2.4943032414383877e-12
TRT,48,11,13,0.23958333333333331,0.28125,2.4878021574410583,-2.5219943079643295e-12
TRT,48,11,14,0.23958333333333331,0.3020833333333333,2.4019271762880634,-2.506568855874937e-12
TRT,48,11,15,0.23958333333333331,0.3229166666666667,2.2749545552087937,-2.5075418876926474e-12
TRT,48,11,16,0.23958333333333331,0.34375,2.109056830953349,-2.5165570014337542e-12
TRT,48,11,17,0.23958333333333331,0.3645833333333333,1.9070725595792692,-2.5115216813064544e-12
TRT,48,11,18,0.23958333333333331,0.3854166666666667,1.6724577479703713,-2.5189728186767213e-12
TRT,48,11,19,0.23958333333333331,0.40625,1.4092267206008167,-2.5189614410348772e-12
TRT,48,11,20,0.23958333333333331,0.4270833333333333,1.1218834333303038,-2.508106689541103e-12
TRT,48,11,21,0.23958333333333331,0.4479166666666667,0.8153444094706745,-2.5231445176844178e-12
TRT,48,11,22,0.23958333333333331,0.46875,0.4948546167087968,-2.51971506242604e-12
TRT,48,11,23,0.23958333333333331,0.4895833333333333,0.1658977242554264,-2.509045003478788e-12
TRT,48,11,24,0.23958333333333331,0.5104166666666666,-0.1658977242555066,-2.5228631431001466e-12
TRT,48,11,25,0.23958333333333331,0.5312499999999999,-0.494854616708881,-2.5252708281752704e-12
TRT,48,11,26,0.23958333333333331,0.5520833333333333,-0.8153444094707498,-2.5194739199989777e-12
TRT,48,11,27,0.23958333333333331,0.5729166666666666,-1.1218834333303922,-2.516208878893058e-12
TRT,48,11,28,0.23958333333333331,0.5937499999999999,-1.4092267206009117,-2.5056987728648225e-12
TRT,48,11,29,0.23958333333333331,0.6145833333333333,-1.6724577479704776,-2.506087079449898e-12
TRT,48,11,30,0.23958333333333331,0.6354166666666666,-1.9070725595793814,-2.503536513252303e-12
TRT,48,11,31,0.23958333333333331,0.6562499999999999,-2.109056830953428,-2.506168744017536e-12
TRT,48,11,32,0.23958333333333331,0.6770833333333333,-2.274954555208865,-2.4975878088146567e-12
TRT,48,11,33,0.23958333333333331,0.6979166666666666,-2.401927176288124,-2.499905941653682e-12
TRT,48,11,34,0.23958333333333331,0.7187499999999999,-2.487802157441077,-2.4956216170941627e-12
TRT,48,11,35,0.23958333333333331,0.7395833333333333,-2.53111015393114,-2.479558884203368e-12
TRT,48,11,36,0.23958333333333331,0.7604166666666666,-2.5311101539311363,-2.499039500174276e-12
TRT,48,11,37,0.23958333333333331,0.7812499999999999,-2.487802157441036,-2.4989286234242162e-12
TRT,48,11,38,0.23958333333333331,0.8020833333333333,-2.4019271762880736,-2.490488772809744e-12
TRT,48,11,39,0.23958333333333331,0.8229166666666666,-2.274954555208803,-2.4951334267261765e-12
TRT,48,11,40,0.23958333333333331,0.8437499999999999,-2.10905683095336,-2.4992057412123985e-12
TRT,48,11,41,0.23958333333333331,0.8645833333333333,-1.9070725595792875,-2.4900025953857426e-12
TRT,48,11,42,0.23958333333333331,0.8854166666666666,-1.6724577479703864,-2.4941993176085063e-12
TRT,48,11,43,0.23958333333333331,0.9062499999999999,-1.4092267206008113,-2.5065591188978e-12
TRT,48,11,44,0.23958333333333331,0.9270833333333333,-1.1218834333303123,-2.5077014207366904e-12
TRT,48,11,45,0.23958333333333331,0.9479166666666666,-0.8153444094706633,-2.505076883423558e-12
TRT,48,11,46,0.23958333333333331,0.9687499999999999,-0.4948546167087817,-2.508696667475293e-12
TRT,48,11,47,0.23958333333333331,0.9895833333333333,-0.16589772425539506,-2.5099070375191464e-12
TRT,48,12,0,0.2604166666666667,0.010416666666666666,0.16589772425552468,-2.5026411189942646e-12
TRT,48,12,1,0.2604166666666667,0.03125,0.49485461670889974,-2.5138285018646735e-12
TRT,48,12,2,0.2604166666666667,0.05208333333333333,0.8153444094707829,-2.521003684494158e-12
TRT,48,12,3,0.2604166666666667,0.07291666666666667,1.1218834333304328,-2.5108747647415517e-12
TRT,48,12,4,0.2604166666666667,0.09375,1.4092267206009548,-2.5154243154434688e-12
TRT,48,12,5,0.2604166666666667,0.11458333333333333,1.672457747970517,-2.5052066569033797e-12
TRT,48,12,6,0.2604166666666667,0.13541666666666666,1.9070725595794198,-2.4961538801555844e-12
TRT,48,12,7,0.2604166666666667,0.15624999999999997,2.109056830953478,-2.505303094494638e-12
TRT,48,12,8,0.2604166666666667,0.17708333333333331,2.2749545552089083,-2.499147240957771e-12
TRT,48,12,9,0.2604166666666667,0.19791666666666666,2.401927176288173,-2.4907121204543776e-12
TRT,48,12,10,0.2604166666666667,0.21874999999999997,2.4878021574411,-2.472640537958335e-12
TRT,48,12,11,0.2604166666666667,0.23958333333333331,2.531110153931164,-2.4772219581121168e-12
TRT,48,12,12,0.2604166666666667,0.2604166666666667,2.5311101539311385,-2.4812387926612227e-12
TRT,48,12,13,0.2604166666666667,0.28125,2.4878021574410587,-2.4754909877148264e-12
TRT,48,12,14,0.2604166666666667,0.3020833333333333,2.4019271762880825,-2.49275039382952e-12
TRT,48,12,15,0.2604166666666667,0.3229166666666667,2.274954555208799,-2.4989334645576935e-12
TRT,48,12,16,0.2604166666666667,0.34375,2.1090568309533495,-2.496345062896886e-12
TRT,48,12,17,0.2604166666666667,0.3645833333333333,1.907072559579274,-2.5099663205327763e-12
TRT,48,12,18,0.2604166666666667,0.3854166666666667,1.67245774797038,-2.509589705655009e-12
TRT,48,12,19,0.2604166666666667,0.40625,1.4092267206008158,-2.5052127851493877e-12
TRT,48,12,20,0.2604166666666667,0.4270833333333333,1.1218834333303127,-2.5156781741209633e-12
TRT,48,12,21,0.2604166666666667,0.4479166666666667,0.815344409470667,-2.5220370232130022e-12
TRT,48,12,22,0.2604166666666667,0.46875,0.49485461670880315,-2.520574707121762e-12
TRT,48,12,23,0.2604166666666667,0.4895833333333333,0.16589772425542182,-2.5226269965114894e-12
TRT,48,12,24,0.2604166666666667,0.5104166666666666,-0.165897724255516,-2.5358268625009773e-12
TRT,48,12,25,0.2604166666666667,0.5312499999999999,-0.4948546167088851,-2.523853799228179e-12
TRT,48,12,26,0.2604166666666667,0.5520833333333333,-0.8153444094707575,-2.5163358526097914e-12
TRT,48,12,27,0.2604166666666667,0.5729166666666666,-1.121883433330397,-2.519105277943666e-12
TRT,48,12,28,0.2604166666666667,0.5937499999999999,-1.4092267206009153,-2.5147219390266074e-12
TRT,48,12,29,0.2604166666666667,0.6145833333333333,-1.6724577479704776,-2.514005666016081e-12
TRT,48,12,30,0.2604166666666667,0.6354166666666666,-1.9070725595793767,-2.5135112189911623e-12
TRT,48,12,31,0.2604166666666667,0.6562499999999999,-2.109056830953436,-2.503949092303497e-12
TRT,48,12,32,0.2604166666666667,0.6770833333333333,-2.2749545552088626,-2.518487323909014e-12
TRT,48,12,33,0.2604166666666667,0.6979166666666666,-2.4019271762881305,-2.511331057862551e-12
TRT,48,12,34,0.2604166666666667,0.7187499999999999,-2.4878021574410822,-2.5188306217451328e-12
TRT,48,12,35,0.2604166666666667,0.7395833333333333,-2.5311101539311363,-2.5016799123885732e-12
TRT,48,12,36,0.2604166666666667,0.7604166666666666,-2.5311101539311376,-2.5074284061739935e-12
TRT,48,12,37,0.2604166666666667,0.7812499999999999,-2.4878021574410427,-2.524152834753539e-12
TRT,48,12,38,0.2604166666666667,0.8020833333333333,-2.4019271762880674,-2.512380511450112e-12
TRT,48,12,39,0.2604166666666667,0.8229166666666666,-2.2749545552088097,-2.5101498974214055e-12
TRT,48,12,40,0.2604166666666667,0.8437499999999999,-2.109056830953359,-2.5071857175991625e-12
TRT,48,12,41,0.2604166666666667,0.8645833333333333,-1.9070725595792881,-2.5076884928188894e-12
TRT,48,12,42,0.2604166666666667,0.8854166666666666,-1.672457747970395,-2.4950886509162524e-12
TRT,48,12,43,0.2604166666666667,0.9062499999999999,-1.409226720600825,-2.509512386792454e-12
TRT,48,12,44,0.2604166666666667,0.9270833333333333,-1.1218834333303116,-2.509951058470807e-12
TRT,48,12,45,0.2604166666666667,0.9479166666666666,-0.8153444094706663,-2.5008606219164515e-12
TRT,48,12,46,0.2604166666666667,0.9687499999999999,-0.4948546167087907,-2.4995300428078726e-12
TRT,48,12,47,0.2604166666666667,0.9895833333333333,-0.16589772425540336,-2.509208437533683e-12
TRT,48,13,0,0.28125,0.010416666666666666,0.1658977242555256,-2.470766517429923e-12
TRT,48,13,1,0.28125,0.03125,0.4948546167089014,-2.464211471950327e-12
TRT,48,13,2,0.28125,0.05208333333333333,0.8153444094707792,-2.474215064891717e-12
TRT,48,13,3,0.28125,0.07291666666666667,1.1218834333304437,-2.470905340369445e-12
TRT,48,13,4,0.28125,0.09375,1.4092267206009454,-2.464819653752681e-12
TRT,48,13,5,0.28125,0.11458333333333333,1.6724577479705256,-2.4500176503750634e-12
TRT,48,13,6,0.28125,0.13541666666666666,1.907072559579414,-2.4459554828058018e-12
TRT,48,13,7,0.28125,0.15624999999999997,2.1090568309534734,-2.4497748977552467e-12
TRT,48,13,8,0.28125,0.17708333333333331,2.274954555208903,-2.432362028604579e-12
TRT,48,13,9,0.28125,0.19791666666666666,2.4019271762881598,-2.423687336499795e-12
TRT,48,13,10,0.28125,0.21874999999999997,2.4878021574411116,-2.4286390908295368e-12
TRT,48,13,11,0.28125,0.23958333333333331,2.531110153931166,-2.4236483956583563e-12
TRT,48,13,12,0.28125,0.2604166666666667,2.5311101539311642,-2.4091017006813186e-12
TRT,48,13,13,0.28125,0.28125,2.4878021574410574,-2.4174090046978072e-12
TRT,48,13,14,0.28125,0.3020833333333333,2.401927176288076,-2.4261195541798873e-12
TRT,48,13,15,0.28125,0.3229166666666667,2.274954555208811,-2.439000380733005e-12
TRT,48,13,16,0.28125,0.34375,2.109056830953355,-2.4405372114781848e-12
TRT,48,13,17,0.28125,0.3645833333333333,1.9070725595792821,-2.4422343001248447e-12
TRT,48,13,18,0.28125,0.3854166666666667,1.672457747970378,-2.4651439647335734e-12
TRT,48,13,19,0.28125,0.40625,1.4092267206008247,-2.4686798231287194e-12
TRT,48,13,20,0.28125,0.4270833333333333,1.1218834333302987,-2.465240775371058e-12
TRT,48,13,21,0.28125,0.4479166666666667,0.8153444094706707,-2.4798836701398234e-12
TRT,48,13,22,0.28125,0.46875,0.49485461670879805,-2.4710506344420914e-12
TRT,48,13,23,0.28125,0.4895833333333333,0.1658977242554222,-2.4736671827877906e-12
TRT,48,13,24,0.28125,0.5104166666666666,-0.1658977242555151,-2.4778375907917742e-12
TRT,48,13,25,0.28125,0.5312499999999999,-0.4948546167088773,-2.471464082147974e-12
TRT,48,13,26,0.28125,0.5520833333333333,-0.8153444094707618,-2.4660146616981144e-12
TRT,48,13,27,0.28125,0.5729166666666666,-1.1218834333304055,-2.4703823752293043e-12
TRT,48,13,28,0.28125,0.5937499999999999,-1.4092267206009093,-2.4676547147017894e-12
TRT,48,13,29,0.28125,0.6145833333333333,-1.6724577479704836,-2.469573656124643e-12
TRT,48,13,30,0.28125,0.6354166666666666,-1.9070725595793707,-2.481451454392292e-12
TRT,48,13,31,0.28125,0.6562499999999999,-2.109056830953431,-2.4864612889015297e-12
TRT,48,13,32,0.28125,0.6770833333333333,-2.2749545552088692,-2.4942404800375945e-12
TRT,48,13,33,0.28125,0.6979166666666666,-2.401927176288118,-2.4934597868834896e-12
TRT,48,13,34,0.28125,0.7187499999999999,-2.487802157441082,-2.4784633959787805e-12
TRT,48,13,35,0.28125,0.7395833333333333,-2.531110153931135,-2.4840620508524316e-12
TRT,48,13,36,0.28125,0.7604166666666666,-2.531110153931129,-2.4899289769165333e-12
TRT,48,13,37,0.28125,0.7812499999999999,-2.487802157441039,-2.485176407868368e-12
TRT,48,13,38,0.28125,0.8020833333333333,-2.4019271762880634,-2.5006448358821657e-12
TRT,48,13,39,0.28125,0.8229166666666666,-2.2749545552088013,-2.486028091253928e-12
TRT,48,13,40,0.28125,0.8437499999999999,-2.1090568309533593,-2.4799881710990057e-12
TRT,48,13,41,0.28125,0.8645833333333333,-1.9070725595792846,-2.478782495193457e-12
TRT,48,13,42,0.28125,0.8854166666666666,-1.67245774797039,-2.4667449745958064e-12
TRT,48,13,43,0.28125,0.9062499999999999,-1.409226720600814,-2.462691682649659e-12
TRT,48,13,44,0.28125,0.9270833333333333,-1.121883433330309,-2.465791093224719e-12
TRT,48,13,45,0.28125,0.9479166666666666,-0.8153444094706477,-2.463756944589484e-12
TRT,48,13,46,0.28125,0.9687499999999999,-0.49485461670878583,-2.463061776164373e-12
TRT,48,13,47,0.28125,0.9895833333333333,-0.16589772425538954,-2.4674878669212464e-12
TRT,48,14,0,0.3020833333333333,0.010416666666666666,0.1658977242555369,-2.3925271489674355e-12
TRT,48,14,1,0.3020833333333333,0.03125,0.49485461670891373,-2.383388742710414e-12
TRT,48,14,2,0.3020833333333333,0.05208333333333333,0.8153444094707795,-2.3743205106552158e-12
TRT,48,14,3,0.3020833333333333,0.07291666666666667,1.1218834333304315,-2.3810452268107383e-12
TRT,48,14,4,0.3020833333333333,0.09375,1.4092267206009388,-2.3809883576158553e-12
TRT,48,14,5,0.3020833333333333,0.11458333333333333,1.6724577479705076,-2.361248688255138e-12
TRT,48,14,6,0.3020833333333333,0.13541666666666666,1.907072559579404,-2.3518829145709447e-12
TRT,48,14,7,0.3020833333333333,0.15624999999999997,2.1090568309534734,-2.3437535944189175e-12
TRT,48,14,8,0.3020833333333333,0.17708333333333331,2.2749545552088986,-2.334946700277034e-12
TRT,48,14,9,0.3020833333333333,0.19791666666666666,2.4019271762881456,-2.323070458292084e-12
TRT,48,14,10,0.3020833333333333,0.21874999999999997,2.487802157441101,-2.3091001031282973e-12
TRT,48,14,11,0.3020833333333333,0.23958333333333331,2.5311101539311642,-2.308397136099865e-12
TRT,48,14,12,0.3020833333333333,0.2604166666666667,2.5311101539311536,-2.319072739401716e-12
TRT,48,14,13,0.3020833333333333,0.28125,2.487802157441061,-2.3172007191822884e-12
TRT,48,14,14,0.3020833333333333,0.3020833333333333,2.40192717628808,-2.321476152626951e-12
TRT,48,14,15,0.3020833333333333,0.3229166666666667,2.2749545552088084,-2.3387369566563705e-12
TRT,48,14,16,0.3020833333333333,0.34375,2.1090568309533624,-2.3374341449338952e-12
TRT,48,14,17,0.3020833333333333,0.3645833333333333,1.9070725595792721,-2.3581459102931614e-12
TRT,48,14,18,0.3020833333333333,0.3854166666666667,1.672457747970376,-2.3654489469249185e-12
TRT,48,14,19,0.3020833333333333,0.40625,1.4092267206008269,-2.3763274696895013e-12
TRT,48,14,20,0.3020833333333333,0.4270833333333333,1.1218834333303118,-2.3852601559160316e-12
TRT,48,14,21,0.3020833333333333,0.4479166666666667,0.8153444094706713,-2.3797363408742487e-12
TRT,48,14,22,0.3020833333333333,0.46875,0.49485461670880687,-2.384753128491341e-12
TRT,48,14,23,0.3020833333333333,0.4895833333333333,0.16589772425541335,-2.3925922313050975e-12
TRT,48,14,24,0.3020833333333333,0.5104166666666666,-0.1658977242555099,-2.396255728876649e-12
TRT,48,14,25,0.3020833333333333,0.5312499999999999,-0.4948546167088916,-2.387394393700827e-12
TRT,48,14,26,0.3020833333333333,0.5520833333333333,-0.8153444094707559,-2.3953287402826684e-12
TRT,48,14,27,0.3020833333333333,0.5729166666666666,-1.1218834333304106,-2.3780127950514185e-12
TRT,48,14,28,0.3020833333333333,0.5937499999999999,-1.4092267206009148,-2.388510092664999e-12
TRT,48,14,29,0.3020833333333333,0.6145833333333333,-1.672457747970487,-2.3924143590893227e-12
TRT,48,14,30,0.3020833333333333,0.6354166666666666,-1.9070725595793825,-2.3916453585707103e-12
TRT,48,14,31,0.3020833333333333,0.6562499999999999,-2.109056830953441,-2.4066559484754438e-12
TRT,48,14,32,0.3020833333333333,0.6770833333333333,-2.2749545552088692,-2.413215870511191e-12
TRT,48,14,33,0.3020833333333333,0.6979166666666666,-2.4019271762881265,-2.4219987008898327e-12
TRT,48,14,34,0.3020833333333333,0.7187499999999999,-2.4878021574410756,-2.430998258760054e-12
TRT,48,14,35,0.3020833333333333,0.7395833333333333,-2.531110153931147,-2.4011835546436523e-12
TRT,48,14,36,0.3020833333333333,0.7604166666666666,-2.531110153931127,-2.4206841787243816e-12
TRT,48,14,37,0.3020833333333333,0.7812499999999999,-2.4878021574410516,-2.4330995232266087e-12
TRT,48,14,38,0.3020833333333333,0.8020833333333333,-2.4019271762880687,-2.4217121971668384e-12
TRT,48,14,39,0.3020833333333333,0.8229166666666666,-2.274954555208803,-2.4188566603490834e-12
TRT,48,14,40,0.3020833333333333,0.8437499999999999,-2.1090568309533633,-2.408371949696065e-12
TRT,48,14,41,0.3020833333333333,0.8645833333333333,-1.9070725595792866,-2.4071347388033628e-12
TRT,48,14,42,0.3020833333333333,0.8854166666666666,-1.672457747970394,-2.3770198087741655e-12
TRT,48,14,43,0.3020833333333333,0.9062499999999999,-1.4092267206008118,-2.3853311368038974e-12
TRT,48,14,44,0.3020833333333333,0.9270833333333333,-1.121883433330306,-2.3801094184064813e-12
TRT,48,14,45,0.3020833333333333,0.9479166666666666,-0.8153444094706572,-2.37398428510054e-12
TRT,48,14,46,0.3020833333333333,0.9687499999999999,-0.49485461670878483,-2.371968641742458e-12
TRT,48,14,47,0.3020833333333333,0.9895833333333333,-0.1658977242554035,-2.3832814402292872e-12
TRT,48,15,0,0.3229166666666667,0.010416666666666666,0.16589772425553043,-2.248319130092372e-12
TRT,48,15,1,0.3229166666666667,0.03125,0.4948546167089214,-2.25893166650098e-12
TRT,48,15,2,0.3229166666666667,0.05208333333333333,0.8153444094707791,-2.263806645984021e-12
TRT,48,15,3,0.3229166666666667,0.07291666666666667,1.1218834333304317,-2.2538226859687636e-12
TRT,48,15,4,0.3229166666666667,0.09375,1.4092267206009401,-2.244202915681884e-12
TRT,48,15,5,0.3229166666666667,0.11458333333333333,1.6724577479705163,-2.2234036336706668e-12
TRT,48,15,6,0.3229166666666667,0.13541666666666666,1.9070725595794,-2.210397566436281e-12
TRT,48,15,7,0.3229166666666667,0.15624999999999997,2.109056830953465,-2.2018536588010963e-12
TRT,48,15,8,0.3229166666666667,0.17708333333333331,2.274954555208885,-2.19712214730561e-12
TRT,48,15,9,0.3229166666666667,0.19791666666666666,2.4019271762881442,-2.180996761471261e-12
TRT,48,15,10,0.3229166666666667,0.21874999999999997,2.4878021574410942,-2.1713379196291348e-12
TRT,48,15,11,0.3229166666666667,0.23958333333333331,2.5311101539311514,-2.1780542395026055e-12
TRT,48,15,12,0.3229166666666667,0.2604166666666667,2.531110153931156,-2.169013793605139e-12
TRT,48,15,13,0.3229166666666667,0.28125,2.4878021574410605,-2.174874217406711e-12
TRT,48,15,14,0.3229166666666667,0.3020833333333333,2.4019271762880745,-2.1785350167948983e-12
TRT,48,15,15,0.3229166666666667,0.3229166666666667,2.274954555208813,-2.1879244901308225e-12
TRT,48,15,16,0.3229166666666667,0.34375,2.109056830953361,-2.208412206295218e-12
TRT,48,15,17,0.3229166666666667,0.3645833333333333,1.9070725595792901,-2.218327441978496e-12
TRT,48,15,18,0.3229166666666667,0.3854166666666667,1.6724577479703897,-2.2209989042505905e-12
TRT,48,15,19,0.3229166666666667,0.40625,1.409226720600826,-2.2368782344789234e-12
TRT,48,15,20,0.3229166666666667,0.4270833333333333,1.121883433330313,-2.244850024633986e-12
TRT,48,15,21,0.3229166666666667,0.4479166666666667,0.8153444094706863,-2.250660094546071e-12
TRT,48,15,22,0.3229166666666667,0.46875,0.49485461670879166,-2.257447549136487e-12
TRT,48,15,23,0.3229166666666667,0.4895833333333333,0.165897724255417,-2.2605674557773114e-12
TRT,48,15,24,0.3229166666666667,0.5104166666666666,-0.16589772425552352,-2.2599242988958322e-12
TRT,48,15,25,0.3229166666666667,0.5312499999999999,-0.49485461670888314,-2.254209894501925e-12
TRT,48,15,26,0.3229166666666667,0.5520833333333333,-0.8153444094707718,-2.251069720353093e-12
TRT,48,15,27,0.3229166666666667,0.5729166666666666,-1.1218834333303958,-2.2583352615487123e-12
TRT,48,15,28,0.3229166666666667,0.5937499999999999,-1.4092267206009301,-2.261661968007958e-12
TRT,48,15,29,0.3229166666666667,0.6145833333333333,-1.6724577479704712,-2.2741592274505618e-12
TRT,48,15,30,0.3229166666666667,0.6354166666666666,-1.9070725595793712,-2.280299902944675e-12
TRT,48,15,31,0.3229166666666667,0.6562499999999999,-2.1090568309534246,-2.290065728011215e-12
TRT,48,15,32,0.3229166666666667,0.6770833333333333,-2.2749545552088746,-2.3082812305253365e-12
TRT,48,15,33,0.3229166666666667,0.6979166666666666,-2.4019271762881313,-2.307929948824068e-12
TRT,48,15,34,0.3229166666666667,0.7187499999999999,-2.487802157441079,-2.31177518111882e-12
TRT,48,15,35,0.3229166666666667,0.7395833333333333,-2.531110153931139,-2.310412446287205e-12
TRT,48,15,36,0.3229166666666667,0.7604166666666666,-2.5311101539311425,-2.3087236517056056e-12
TRT,48,15,37,0.3229166666666667,0.7812499999999999,-2.487802157441044,-2.315055387737383e-12
TRT,48,15,38,0.3229166666666667,0.8020833333333333,-2.4019271762880727,-2.3156635485821945e-12
TRT,48,15,39,0.3229166666666667,0.8229166666666666,-2.2749545552088137,-2.301097799979321e-12
TRT,48,15,40,0.3229166666666667,0.8437499999999999,-2.1090568309533735,-2.2969001610014744e-12
TRT,48,15,41,0.3229166666666667,0.8645833333333333,-1.9070725595792914,-2.295579961612946e-12
TRT,48,15,42,0.3229166666666667,0.8854166666666666,-1.672457747970379,-2.266155536056848e-12
TRT,48,15,43,0.3229166666666667,0.9062499999999999,-1.4092267206008222,-2.2571989089212183e-12
TRT,48,15,44,0.3229166666666667,0.9270833333333333,-1.1218834333302954,-2.2638352907881046e-12
TRT,48,15,45,0.3229166666666667,0.9479166666666666,-0.8153444094706482,-2.2574372425534852e-12
TRT,48,15,46,0.3229166666666667,0.9687499999999999,-0.49485461670878567,-2.2602925351538206e-12
TRT,48,15,47,0.3229166666666667,0.9895833333333333,-0.16589772425540245,-2.2503712056737697e-12
TRT,48,16,0,0.34375,0.010416666666666666,0.16589772425553007,-2.0817379792253125e-12
TRT,48,16,1,0.34375,0.03125,0.49485461670889475,-2.0877986215799128e-12
TRT,48,16,2,0.34375,0.05208333333333333,0.8153444094707822,-2.0853560464197883e-12
TRT,48,16,3,0.34375,0.07291666666666667,1.1218834333304315,-2.08100603286519e-12
TRT,48,16,4,0.34375,0.09375,1.409226720600945,-2.0687244526556325e-12
TRT,48,16,5,0.34375,0.11458333333333333,1.6724577479705063,-2.0509557328284106e-12
TRT,48,16,6,0.34375,0.13541666666666666,1.907072559579404,-2.043818312018237e-12
TRT,48,16,7,0.34375,0.15624999999999997,2.1090568309534605,-2.0296731601842194e-12
TRT,48,16,8,0.34375,0.17708333333333331,2.274954555208884,-2.021869018605618e-12
TRT,48,16,9,0.34375,0.19791666666666666,2.401927176288148,-2.0042840119523607e-12
TRT,48,16,10,0.34375,0.21874999999999997,2.487802157441092,-1.994800517093654e-12
TRT,48,16,11,0.34375,0.23958333333333331,2.531110153931159,-1.9833957803122837e-12
TRT,48,16,12,0.34375,0.2604166666666667,2.5311101539311536,-1.9919146864734188e-12
TRT,48,16,13,0.34375,0.28125,2.4878021574410543,-1.9996312229159576e-12
TRT,48,16,14,0.34375,0.3020833333333333,2.40192717628809,-1.9957804681156876e-12
TRT,48,16,15,0.34375,0.3229166666666667,2.2749545552088137,-2.0129662077796016e-12
TRT,48,16,16,0.34375,0.34375,2.1090568309533735,-2.0157101899946323e-12
TRT,48,16,17,0.34375,0.3645833333333333,1.9070725595792952,-2.0368673317648115e-12
TRT,48,16,18,0.34375,0.3854166666666667,1.6724577479703924,-2.052863148720519e-12
TRT,48,16,19,0.34375,0.40625,1.409226720600826,-2.07422943338823e-12
TRT,48,16,20,0.34375,0.4270833333333333,1.1218834333303285,-2.068789061379125e-12
TRT,48,16,21,0.34375,0.4479166666666667,0.8153444094706696,-2.0806699015410256e-12
TRT,48,16,22,0.34375,0.46875,0.494854616708801,-2.094877107548519e-12
TRT,48,16,23,0.34375,0.4895833333333333,0.16589772425541166,-2.0948657905007652e-12
TRT,48,16,24,0.34375,0.5104166666666666,-0.16589772425551438,-2.0931311562999387e-12
TRT,48,16,25,0.34375,0.5312499999999999,-0.49485461670889724,-2.092026018653332e-12
TRT,48,16,26,0.34375,0.5520833333333333,-0.8153444094707635,-2.0971020349447155e-12
TRT,48,16,27,0.34375,0.5729166666666666,-1.1218834333304197,-2.0896341697571724e-12
TRT,48,16,28,0.34375,0.5937499999999999,-1.4092267206009184,-2.1069700958304224e-12
TRT,48,16,29,0.34375,0.6145833333333333,-1.6724577479704796,-2.0993060630168696e-12
TRT,48,16,30,0.34375,0.6354166666666666,-1.9070725595793687,-2.1169176462494755e-12
TRT,48,16,31,0.34375,0.6562499999999999,-2.109056830953427,-2.1404168193157183e-12
TRT,48,16,32,0.34375,0.6770833333333333,-2.2749545552088555,-2.154377900176588e-12
TRT,48,16,33,0.34375,0.6979166666666666,-2.4019271762881225,-2.1577144734568694e-12
TRT,48,16,34,0.34375,0.7187499999999999,-2.48780215744108,-2.167422347766648e-12
TRT,48,16,35,0.34375,0.7395833333333333,-2.5311101539311442,-2.1491841941227343e-12
TRT,48,16,36,0.34375,0.7604166666666666,-2.5311101539311336,-2.166197573956101e-12
TRT,48,16,37,0.34375,0.7812499999999999,-2.4878021574410503,-2.1699237444860983e-12
TRT,48,16,38,0.34375,0.8020833333333333,-2.4019271762880683,-2.1641700708542367e-12
TRT,48,16,39,0.34375,0.8229166666666666,-2.2749545552088084,-2.1577544097017242e-12
TRT,48,16,40,0.34375,0.8437499999999999,-2.1090568309533766,-2.1368343432741823e-12
TRT,48,16,41,0.34375,0.8645833333333333,-1.9070725595792946,-2.12002387016613e-12
TRT,48,16,42,0.34375,0.8854166666666666,-1.6724577479703886,-2.109485811263618e-12
TRT,48,16,43,0.34375,0.9062499999999999,-1.40922672060082,-2.1131766295397374e-12
TRT,48,16,44,0.34375,0.9270833333333333,-1.1218834333303014,-2.089737165764938e-12
TRT,48,16,45,0.34375,0.9479166666666666,-0.8153444094706556,-2.100027499145902e-12
TRT,48,16,46,0.34375,0.9687499999999999,-0.4948546167087735,-2.0960620270824973e-12
TRT,48,16,47,0.34375,0.9895833333333333,-0.16589772425539695,-2.0902044561845377e-12
TRT,48,17,0,0.3645833333333333,0.010416666666666666,0.16589772425552013,-1.8939893836012867e-12
TRT,48,17,1,0.3645833333333333,0.03125,0.4948546167088983,-1.8810974634706067e-12
TRT,48,17,2,0.3645833333333333,0.05208333333333333,0.8153444094707673,-1.8690004849091715e-12
TRT,48,17,3,0.3645833333333333,0.07291666666666667,1.1218834333304168,-1.8696853760211367e-12
TRT,48,17,4,0.3645833333333333,0.09375,1.4092267206009377,-1.8602068491127276e-12
TRT,48,17,5,0.3645833333333333,0.11458333333333333,1.6724577479705043,-1.8387142623326942e-12
TRT,48,17,6,0.3645833333333333,0.13541666666666666,1.9070725595793987,-1.8259497986252604e-12
TRT,48,17,7,0.3645833333333333,0.15624999999999997,2.109056830953452,-1.8182418983743334e-12
TRT,48,17,8,0.3645833333333333,0.17708333333333331,2.27495455520888,-1.8056497170089077e-12
TRT,48,17,9,0.3645833333333333,0.19791666666666666,2.401927176288136,-1.7948477884324207e-12
TRT,48,17,10,0.3645833333333333,0.21874999999999997,2.4878021574410876,-1.7854893658273531e-12
TRT,48,17,11,0.3645833333333333,0.23958333333333331,2.531110153931158,-1.7845025607537391e-12
TRT,48,17,12,0.3645833333333333,0.2604166666666667,2.53111015393116,-1.788431294511625e-12
TRT,48,17,13,0.3645833333333333,0.28125,2.4878021574410765,-1.7775441169032666e-12
TRT,48,17,14,0.3645833333333333,0.3020833333333333,2.401927176288085,-1.7784235821212117e-12
TRT,48,17,15,0.3645833333333333,0.3229166666666667,2.2749545552088364,-1.796563698412553e-12
TRT,48,17,16,0.3645833333333333,0.34375,2.109056830953373,-1.8086289309143213e-12
TRT,48,17,17,0.3645833333333333,0.3645833333333333,1.9070725595792968,-1.8322028182588094e-12
TRT,48,17,18,0.3645833333333333,0.3854166666666667,1.672457747970388,-1.840624374463783e-12
TRT,48,17,19,0.3645833333333333,0.40625,1.409226720600834,-1.8442978474913257e-12
TRT,48,17,20,0.3645833333333333,0.4270833333333333,1.121883433330317,-1.862983915489228e-12
TRT,48,17,21,0.3645833333333333,0.4479166666666667,0.815344409470669,-1.874461363738516e-12
TRT,48,17,22,0.3645833333333333,0.46875,0.4948546167087947,-1.877072093951711e-12
TRT,48,17,23,0.3645833333333333,0.4895833333333333,0.1658977242554128,-1.884018106133976e-12
TRT,48,17,24,0.3645833333333333,0.5104166666666666,-0.16589772425550378,-1.8876409222657132e-12
TRT,48,17,25,0.3645833333333333,0.5312499999999999,-0.49485461670889297,-1.8850639194082218e-12
TRT,48,17,26,0.3645833333333333,0.5520833333333333,-0.8153444094707486,-1.890011991598714e-12
TRT,48,17,27,0.3645833333333333,0.5729166666666666,-1.1218834333304009,-1.898812479158883e-12
TRT,48,17,28,0.3645833333333333,0.5937499999999999,-1.4092267206009066,-1.898628037123463e-12
TRT,48,17,29,0.3645833333333333,0.6145833333333333,-1.6724577479704612,-1.9205251569939136e-12
TRT,48,17,30,0.3645833333333333,0.6354166666666666,-1.907072559579362,-1.927143714340337e-12
TRT,48,17,31,0.3645833333333333,0.6562499999999999,-2.109056830953428,-1.928148491479867e-12
TRT,48,17,32,0.3645833333333333,0.6770833333333333,-2.274954555208862,-1.9584991481239605e-12
TRT,48,17,33,0.3645833333333333,0.6979166666666666,-2.401927176288123,-1.9756629132414767e-12
TRT,48,17,34,0.3645833333333333,0.7187499999999999,-2.4878021574410907,-1.983471643217222e-12
TRT,48,17,35,0.3645833333333333,0.7395833333333333,-2.5311101539311407,-1.9826858803542047e-12
TRT,48,17,36,0.3645833333333333,0.7604166666666666,-2.531110153931149,-1.9779157569138842e-12
TRT,48,17,37,0.3645833333333333,0.7812499999999999,-2.4878021574410356,-1.9721647323493227e-12
TRT,48,17,38,0.3645833333333333,0.8020833333333333,-2.4019271762880745,-1.9694706908039343e-12
TRT,48,17,39,0.3645833333333333,0.8229166666666666,-2.2749545552088026,-1.9661304175071715e-12
TRT,48,17,40,0.3645833333333333,0.8437499999999999,-2.109056830953379,-1.9505015482677686e-12
TRT,48,17,41,0.3645833333333333,0.8645833333333333,-1.9070725595793026,-1.940193660054355e-12
TRT,48,17,42,0.3645833333333333,0.8854166666666666,-1.6724577479704146,-1.919876595542263e-12
TRT,48,17,43,0.3645833333333333,0.9062499999999999,-1.4092267206008244,-1.916122068346701e-12
TRT,48,17,44,0.3645833333333333,0.9270833333333333,-1.1218834333303178,-1.9152351486529374e-12
TRT,48,17,45,0.3645833333333333,0.9479166666666666,-0.8153444094706607,-1.8952713621262043e-12
TRT,48,17,46,0.3645833333333333,0.9687499999999999,-0.4948546167087829,-1.898521422053566e-12
TRT,48,17,47,0.3645833333333333,0.9895833333333333,-0.16589772425539426,-1.8932489128104678e-12
TRT,48,18,0,0.3854166666666667,0.010416666666666666,0.16589772425554097,-1.6541870632991037e-12
TRT,48,18,1,0.3854166666666667,0.03125,0.4948546167089056,-1.6419736552218373e-12
TRT,48,18,2,0.3854166666666667,0.05208333333333333,0.8153444094707785,-1.6346967067732804e-12
TRT,48,18,3,0.3854166666666667,0.07291666666666667,1.121883433330419,-1.6184248078168619e-12
TRT,48,18,4,0.3854166666666667,0.09375,1.4092267206009341,-1.6020325259459505e-12
TRT,48,18,5,0.3854166666666667,0.11458333333333333,1.6724577479705038,-1.5969161154309186e-12
TRT,48,18,6,0.3854166666666667,0.13541666666666666,1.907072559579394,-1.5959541890422006e-12
TRT,48,18,7,0.3854166666666667,0.15624999999999997,2.109056830953446,-1.5785418802447016e-12
TRT,48,18,8,0.3854166666666667,0.17708333333333331,2.274954555208871,-1.5685181334339604e-12
TRT,48,18,9,0.3854166666666667,0.19791666666666666,2.401927176288129,-1.5581919018141015e-12
TRT,48,18,10,0.3854166666666667,0.21874999999999997,2.487802157441082,-1.5400803985887473e-12
TRT,48,18,11,0.3854166666666667,0.23958333333333331,2.5311101539311562,-1.5239949413215927e-12
TRT,48,18,12,0.3854166666666667,0.2604166666666667,2.531110153931171,-1.5277214651240093e-12
TRT,48,18,13,0.3854166666666667,0.28125,2.4878021574410836,-1.5498058538925737e-12
TRT,48,18,14,0.3854166666666667,0.3020833333333333,2.40192717628811,-1.538057903093827e-12
TRT,48,18,15,0.3854166666666667,0.3229166666666667,2.274954555208831,-1.552183309280609e-12
TRT,48,18,16,0.3854166666666667,0.34375,2.109056830953387,-1.570005930090914e-12
TRT,48,18,17,0.3854166666666667,0.3645833333333333,1.9070725595792974,-1.5879252948302553e-12
TRT,48,18,18,0.3854166666666667,0.3854166666666667,1.6724577479704084,-1.6004397842773811e-12
TRT,48,18,19,0.3854166666666667,0.40625,1.4092267206008333,-1.6170291347393505e-12
TRT,48,18,20,0.3854166666666667,0.4270833333333333,1.1218834333303231,-1.6257678628470136e-12
TRT,48,18,21,0.3854166666666667,0.4479166666666667,0.815344409470678,-1.6309462218461543e-12
TRT,48,18,22,0.3854166666666667,0.46875,0.4948546167088072,-1.6402924045900434e-12
TRT,48,18,23,0.3854166666666667,0.4895833333333333,0.16589772425542135,-1.6307544193234157e-12
TRT,48,18,24,0.3854166666666667,0.5104166666666666,-0.1658977242555136,-1.648709418263869e-12
TRT,48,18,25,0.3854166666666667,0.5312499999999999,-0.4948546167088801,-1.6515114999361073e-12
TRT,48,18,26,0.3854166666666667,0.5520833333333333,-0.8153444094707626,-1.656508660842945e-12
TRT,48,18,27,0.3854166666666667,0.5729166666666666,-1.121883433330394,-1.6722664587983432e-12
TRT,48,18,28,0.3854166666666667,0.5937499999999999,-1.4092267206009026,-1.683224969871375e-12
TRT,48,18,29,0.3854166666666667,0.6145833333333333,-1.6724577479704663,-1.6881957028689816e-12
TRT,48,18,30,0.3854166666666667,0.6354166666666666,-1.907072559579356,-1.7122356604937444e-12
TRT,48,18,31,0.3854166666666667,0.6562499999999999,-2.1090568309534232,-1.724165907327327e-12
TRT,48,18,32,0.3854166666666667,0.6770833333333333,-2.2749545552088697,-1.7283013135320861e-12
TRT,48,18,33,0.3854166666666667,0.6979166666666666,-2.4019271762881256,-1.7486899413139986e-12
TRT,48,18,34,0.3854166666666667,0.7187499999999999,-2.487802157441094,-1.758444418405641e-12
TRT,48,18,35,0.3854166666666667,0.7395833333333333,-2.5311101539311487,-1.7547528452950435e-12
TRT,48,18,36,0.3854166666666667,0.7604166666666666,-2.5311101539311207,-1.7574692362595669e-12
TRT,48,18,37,0.3854166666666667,0.7812499999999999,-2.4878021574410543,-1.7455737231974274e-12
TRT,48,18,38,0.3854166666666667,0.8020833333333333,-2.4019271762880745,-1.7500095189359551e-12
TRT,48,18,39,0.3854166666666667,0.8229166666666666,-2.274954555208823,-1.745245390998969e-12
TRT,48,18,40,0.3854166666666667,0.8437499999999999,-2.1090568309533735,-1.7328354516705574e-12
TRT,48,18,41,0.3854166666666667,0.8645833333333333,-1.90707255957932,-1.7165002705710177e-12
TRT,48,18,42,0.3854166666666667,0.8854166666666666,-1.6724577479704104,-1.6937137170305647e-12
TRT,48,18,43,0.3854166666666667,0.9062499999999999,-1.4092267206008566,-1.6977066726207397e-12
TRT,48,18,44,0.3854166666666667,0.9270833333333333,-1.1218834333303143,-1.6836947026973513e-12
TRT,48,18,45,0.3854166666666667,0.9479166666666666,-0.8153444094706643,-1.6677734646596412e-12
TRT,48,18,46,0.3854166666666667,0.9687499999999999,-0.49485461670877984,-1.6571054665973856e-12
TRT,48,18,47,0.3854166666666667,0.9895833333333333,-0.16589772425540247,-1.6650218606302929e-12
TRT,48,19,0,0.40625,0.010416666666666666,0.16589772425552426,-1.3897184957255377e-12
TRT,48,19,1,0.40625,0.03125,0.4948546167089196,-1.3825310189862557e-12
TRT,48,19,2,0.40625,0.05208333333333333,0.8153444094707782,-1.363052887782196e-12
TRT,48,19,3,0.40625,0.07291666666666667,1.1218834333304266,-1.3597561850594715e-12
TRT,48,19,4,0.40625,0.09375,1.4092267206009232,-1.338363254554281e-12
TRT,48,19,5,0.40625,0.11458333333333333,1.6724577479704865,-1.3269290851842729e-12
TRT,48,19,6,0.40625,0.13541666666666666,1.9070725595793714,-1.3234997864233376e-12
TRT,48,19,7,0.40625,0.15624999999999997,2.1090568309534437,-1.3135927552310622e-12
TRT,48,19,8,0.40625,0.17708333333333331,2.2749545552088564,-1.2989558685879017e-12
TRT,48,19,9,0.40625,0.19791666666666666,2.40192717628813,-1.2842565770702441e-12
TRT,48,19,10,0.40625,0.21874999999999997,2.487802157441079,-1.268998806831399e-12
TRT,48,19,11,0.40625,0.23958333333333331,2.5311101539311607,-1.2517610612572824e-12
TRT,48,19,12,0.40625,0.2604166666666667,2.531110153931155,-1.2661709788150156e-12
TRT,48,19,13,0.40625,0.28125,2.487802157441081,-1.271655402817905e-12
TRT,48,19,14,0.40625,0.3020833333333333,2.4019271762880994,-1.2795426610519908e-12
TRT,48,19,15,0.40625,0.3229166666666667,2.2749545552088297,-1.2930780425802994e-12
TRT,48,19,16,0.40625,0.34375,2.109056830953379,-1.3013570503243248e-12
TRT,48,19,17,0.40625,0.3645833333333333,1.9070725595793034,-1.3186983343656815e-12
TRT,48,19,18,0.40625,0.3854166666666667,1.6724577479703966,-1.329182281302725e-12
TRT,48,19,19,0.40625,0.40625,1.4092267206008384,-1.3445474490972042e-12
TRT,48,19,20,0.40625,0.4270833333333333,1.1218834333303298,-1.3482306283013854e-12
TRT,48,19,21,0.40625,0.4479166666666667,0.8153444094706926,-1.3565099051443778e-12
TRT,48,19,22,0.40625,0.46875,0.4948546167088142,-1.3617291722476478e-12
TRT,48,19,23,0.40625,0.4895833333333333,0.16589772425543708,-1.3808498510930081e-12
TRT,48,19,24,0.40625,0.5104166666666666,-0.16589772425551055,-1.380739456780321e-12
TRT,48,19,25,0.40625,0.5312499999999999,-0.49485461670887576,-1.3930607363013238e-12
TRT,48,19,26,0.40625,0.5520833333333333,-0.8153444094707536,-1.4051422455447772e-12
TRT,48,19,27,0.40625,0.5729166666666666,-1.1218834333303946,-1.4062932196268126e-12
TRT,48,19,28,0.40625,0.5937499999999999,-1.4092267206008966,-1.4286161741117716e-12
TRT,48,19,29,0.40625,0.6145833333333333,-1.672457747970455,-1.44628261373196e-12
TRT,48,19,30,0.40625,0.6354166666666666,-1.9070725595793527,-1.4532554504763553e-12
TRT,48,19,31,0.40625,0.6562499999999999,-2.109056830953419,-1.4594947311475128e-12
TRT,48,19,32,0.40625,0.6770833333333333,-2.2749545552088617,-1.4754442371193304e-12
TRT,48,19,33,0.40625,0.6979166666666666,-2.40192717628813,-1.4920949692229872e-12
TRT,48,19,34,0.40625,0.7187499999999999,-2.487802157441085,-1.5083220419360613e-12
TRT,48,19,35,0.40625,0.7395833333333333,-2.5311101539311416,-1.497011296803874e-12
TRT,48,19,36,0.40625,0.7604166666666666,-2.5311101539311407,-1.5145384261872675e-12
TRT,48,19,37,0.40625,0.7812499999999999,-2.48780215744104,-1.5049356369349288e-12
TRT,48,19,38,0.40625,0.8020833333333333,-2.4019271762880865,-1.4984038776588087e-12
TRT,48,19,39,0.40625,0.8229166666666666,-2.274954555208819,-1.4896994533201363e-12
TRT,48,19,40,0.40625,0.8437499999999999,-2.109056830953404,-1.473825367724895e-12
TRT,48,19,41,0.40625,0.8645833333333333,-1.9070725595793092,-1.4740283035892473e-12
TRT,48,19,42,0.40625,0.8854166666666666,-1.6724577479704352,-1.4544548227342678e-12
TRT,48,19,43,0.40625,0.9062499999999999,-1.4092267206008386,-1.4387646064282195e-12
TRT,48,19,44,0.40625,0.9270833333333333,-1.1218834333303307,-1.4247998154355243e-12
TRT,48,19,45,0.40625,0.9479166666666666,-0.8153444094706516,-1.4117801480748778e-12
TRT,48,19,46,0.40625,0.9687499999999999,-0.4948546167087975,-1.4082438166421177e-12
TRT,48,19,47,0.40625,0.9895833333333333,-0.1658977242553962,-1.389719637888116e-12
TRT,48,20,0,0.4270833333333333,0.010416666666666666,0.16589772425552712,-1.0916201725912543e-12
TRT,48,20,1,0.4270833333333333,0.03125,0.49485461670890374,-1.0790693553380532e-12
TRT,48,20,2,0.4270833333333333,0.05208333333333333,0.8153444094707682,-1.0837030615986854e-12
TRT,48,20,3,0.4270833333333333,0.07291666666666667,1.1218834333304042,-1.0701655591140213e-12
TRT,48,20,4,0.4270833333333333,0.09375,1.4092267206009352,-1.0581045705980212e-12
TRT,48,20,5,0.4270833333333333,0.11458333333333333,1.6724577479704725,-1.0440133007687717e-12
TRT,48,20,6,0.4270833333333333,0.13541666666666666,1.9070725595793794,-1.0287360521113085e-12
TRT,48,20,7,0.4270833333333333,0.15624999999999997,2.109056830953428,-1.020323968568649e-12
TRT,48,20,8,0.4270833333333333,0.17708333333333331,2.2749545552088737,-1.0069217441623957e-12
TRT,48,20,9,0.4270833333333333,0.19791666666666666,2.4019271762881145,-9.905403073557033e-13
TRT,48,20,10,0.4270833333333333,0.21874999999999997,2.4878021574410836,-9.829534792313269e-13
TRT,48,20,11,0.4270833333333333,0.23958333333333331,2.5311101539311522,-9.710749491250195e-13
TRT,48,20,12,0.4270833333333333,0.2604166666666667,2.531110153931163,-9.71656793639008e-13
TRT,48,20,13,0.4270833333333333,0.28125,2.4878021574410902,-9.854051532601399e-13
TRT,48,20,14,0.4270833333333333,0.3020833333333333,2.4019271762881127,-9.902952400596634e-13
TRT,48,20,15,0.4270833333333333,0.3229166666666667,2.2749545552088364,-1.002295462566299e-12
TRT,48,20,16,0.4270833333333333,0.34375,2.109056830953392,-1.0043632365149778e-12
TRT,48,20,17,0.4270833333333333,0.3645833333333333,1.9070725595793052,-1.0260589134063944e-12
TRT,48,20,18,0.4270833333333333,0.3854166666666667,1.6724577479704144,-1.0389368850893057e-12
TRT,48,20,19,0.4270833333333333,0.40625,1.4092267206008333,-1.0482721967472142e-12
TRT,48,20,20,0.4270833333333333,0.4270833333333333,1.1218834333303462,-1.0535711056927821e-12
TRT,48,20,21,0.4270833333333333,0.4479166666666667,0.8153444094706787,-1.0627527313144884e-12
TRT,48,20,22,0.4270833333333333,0.46875,0.4948546167088155,-1.0748284892876325e-12
TRT,48,20,23,0.4270833333333333,0.4895833333333333,0.16589772425542226,-1.084139589978263e-12
TRT,48,20,24,0.4270833333333333,0.5104166666666666,-0.16589772425549087,-1.108786286528046e-12
TRT,48,20,25,0.4270833333333333,0.5312499999999999,-0.4948546167088791,-1.1136382510705015e-12
TRT,48,20,26,0.4270833333333333,0.5520833333333333,-0.8153444094707343,-1.1337656878553658e-12
TRT,48,20,27,0.4270833333333333,0.5729166666666666,-1.1218834333303858,-1.1413556808569784e-12
TRT,48,20,28,0.4270833333333333,0.5937499999999999,-1.4092267206008866,-1.1485071620819928e-12
TRT,48,20,29,0.4270833333333333,0.6145833333333333,-1.6724577479704539,-1.161613822753376e-12
TRT,48,20,30,0.4270833333333333,0.6354166666666666,-1.9070725595793339,-1.1849560462849042e-12
TRT,48,20,31,0.4270833333333333,0.6562499999999999,-2.1090568309534063,-1.2001262675950557e-12
TRT,48,20,32,0.4270833333333333,0.6770833333333333,-2.2749545552088524,-1.2004801082685277e-12
TRT,48,20,33,0.4270833333333333,0.6979166666666666,-2.4019271762881176,-1.2085393809136108e-12
TRT,48,20,34,0.4270833333333333,0.7187499999999999,-2.4878021574410822,-1.2145440228972573e-12
TRT,48,20,35,0.4270833333333333,0.7395833333333333,-2.531110153931156,-1.2288401127108241e-12
TRT,48,20,36,0.4270833333333333,0.7604166666666666,-2.5311101539311367,-1.2317256103375547e-12
TRT,48,20,37,0.4270833333333333,0.7812499999999999,-2.4878021574410516,-1.2279799147273106e-12
TRT,48,20,38,0.4270833333333333,0.8020833333333333,-2.4019271762880874,-1.2264467486699138e-12
TRT,48,20,39,0.4270833333333333,0.8229166666666666,-2.2749545552088177,-1.2217260010969043e-12
TRT,48,20,40,0.4270833333333333,0.8437499999999999,-2.1090568309533935,-1.1975201945560607e-12
TRT,48,20,41,0.4270833333333333,0.8645833333333333,-1.9070725595793268,-1.1860159684224497e-12
TRT,48,20,42,0.4270833333333333,0.8854166666666666,-1.6724577479704157,-1.1654174382086682e-12
TRT,48,20,43,0.4270833333333333,0.9062499999999999,-1.4092267206008602,-1.1587938321679555e-12
TRT,48,20,44,0.4270833333333333,0.9270833333333333,-1.1218834333303145,-1.1477569076610219e-12
TRT,48,20,45,0.4270833333333333,0.9479166666666666,-0.8153444094706752,-1.135072445024404e-12
TRT,48,20,46,0.4270833333333333,0.9687499999999999,-0.4948546167087889,-1.1258774338421102e-12
TRT,48,20,47,0.4270833333333333,0.9895833333333333,-0.16589772425540333,-1.1118589716540468e-12
TRT,48,21,0,0.4479166666666667,0.010416666666666666,0.1658977242555127,-8.002790993137148e-13
TRT,48,21,1,0.4479166666666667,0.03125,0.4948546167088948,-7.944626593842372e-13
TRT,48,21,2,0.4479166666666667,0.05208333333333333,0.8153444094707525,-7.822177095893325e-13
TRT,48,21,3,0.4479166666666667,0.07291666666666667,1.1218834333304077,-7.510727185246458e-13
TRT,48,21,4,0.4479166666666667,0.09375,1.4092267206009095,-7.434515739356798e-13
TRT,48,21,5,0.4479166666666667,0.11458333333333333,1.672457747970489,-7.40290404399174e-13
TRT,48,21,6,0.4479166666666667,0.13541666666666666,1.9070725595793638,-7.240800563318385e-13
TRT,48,21,7,0.4479166666666667,0.15624999999999997,2.1090568309534317,-7.045008855839519e-13
TRT,48,21,8,0.4479166666666667,0.17708333333333331,2.2749545552088617,-6.945863426881348e-13
TRT,48,21,9,0.4479166666666667,0.19791666666666666,2.401927176288109,-6.925209387730986e-13
TRT,48,21,10,0.4479166666666667,0.21874999999999997,2.4878021574410756,-6.694621170502445e-13
TRT,48,21,11,0.4479166666666667,0.23958333333333331,2.5311101539311522,-6.582742525908518e-13
TRT,48,21,12,0.4479166666666667,0.2604166666666667,2.531110153931166,-6.649736767594185e-13
TRT,48,21,13,0.4479166666666667,0.28125,2.4878021574410876,-6.771557068997252e-13
TRT,48,21,14,0.4479166666666667,0.3020833333333333,2.4019271762881167,-6.895093756504376e-13
TRT,48,21,15,0.4479166666666667,0.3229166666666667,2.2749545552088435,-6.995061097424089e-13
TRT,48,21,16,0.4479166666666667,0.34375,2.109056830953387,-7.08333892032252e-13
TRT,48,21,17,0.4479166666666667,0.3645833333333333,1.907072559579314,-7.144254600901349e-13
TRT,48,21,18,0.4479166666666667,0.3854166666666667,1.6724577479704106,-7.352496254878278e-13
TRT,48,21,19,0.4479166666666667,0.40625,1.4092267206008529,-7.376129425278751e-13
TRT,48,21,20,0.4479166666666667,0.4270833333333333,1.1218834333303376,-7.467018942417794e-13
TRT,48,21,21,0.4479166666666667,0.4479166666666667,0.815344409470682,-7.652391376743697e-13
TRT,48,21,22,0.4479166666666667,0.46875,0.49485461670881364,-7.622952917706508e-13
TRT,48,21,23,0.4479166666666667,0.4895833333333333,0.1658977242554313,-7.843466360155664e-13
TRT,48,21,24,0.4479166666666667,0.5104166666666666,-0.16589772425549104,-7.982243943035845e-13
TRT,48,21,25,0.4479166666666667,0.5312499999999999,-0.49485461670885816,-8.202544509463786e-13
TRT,48,21,26,0.4479166666666667,0.5520833333333333,-0.8153444094707258,-8.326263834631874e-13
TRT,48,21,27,0.4479166666666667,0.5729166666666666,-1.1218834333303636,-8.406111639752387e-13
TRT,48,21,28,0.4479166666666667,0.5937499999999999,-1.4092267206008748,-8.599221327003408e-13
TRT,48,21,29,0.4479166666666667,0.6145833333333333,-1.6724577479704352,-8.663250610983134e-13
TRT,48,21,30,0.4479166666666667,0.6354166666666666,-1.9070725595793374,-8.713027494923973e-13
TRT,48,21,31,0.4479166666666667,0.6562499999999999,-2.1090568309533917,-8.922386444243999e-13
TRT,48,21,32,0.4479166666666667,0.6770833333333333,-2.274954555208844,-9.075984137220237e-13
TRT,48,21,33,0.4479166666666667,0.6979166666666666,-2.4019271762881083,-9.084406860121533e-13
TRT,48,21,34,0.4479166666666667,0.7187499999999999,-2.4878021574410822,-9.346741954121309e-13
TRT,48,21,35,0.4479166666666667,0.7395833333333333,-2.53111015393115,-9.325294168044697e-13
TRT,48,21,36,0.4479166666666667,0.7604166666666666,-2.531110153931139,-9.410924222821381e-13
TRT,48,21,37,0.4479166666666667,0.7812499999999999,-2.4878021574410503,-9.387441866750013e-13
TRT,48,21,38,0.4479166666666667,0.8020833333333333,-2.401927176288075,-9.153201944418414e-13
TRT,48,21,39,0.4479166666666667,0.8229166666666666,-2.2749545552088137,-9.036721466022167e-13
TRT,48,21,40,0.4479166666666667,0.8437499999999999,-2.1090568309533886,-9.056272680778723e-13
TRT,48,21,41,0.4479166666666667,0.8645833333333333,-1.907072559579318,-8.915457305312509e-13
TRT,48,21,42,0.4479166666666667,0.8854166666666666,-1.6724577479704306,-8.826936954873835e-13
TRT,48,21,43,0.4479166666666667,0.9062499999999999,-1.4092267206008555,-8.599752703834867e-13
TRT,48,21,44,0.4479166666666667,0.9270833333333333,-1.1218834333303442,-8.452994530307962e-13
TRT,48,21,45,0.4479166666666667,0.9479166666666666,-0.8153444094706823,-8.463012390315254e-13
TRT,48,21,46,0.4479166666666667,0.9687499999999999,-0.4948546167088063,-8.217230089056664e-13
TRT,48,21,47,0.4479166666666667,0.9895833333333333,-0.16589772425541383,-8.053289652271312e-13
TRT,48,22,0,0.46875,0.010416666666666666,0.16589772425550184,-4.741956862934736e-13
TRT,48,22,1,0.46875,0.03125,0.4948546167088798,-4.67721771483426e-13
TRT,48,22,2,0.46875,0.05208333333333333,0.8153444094707515,-4.643887321589444e-13
TRT,48,22,3,0.46875,0.07291666666666667,1.1218834333304013,-4.4380850714931663e-13
TRT,48,22,4,0.46875,0.09375,1.4092267206009172,-4.2595230999205375e-13
TRT,48,22,5,0.46875,0.11458333333333333,1.6724577479704716,-4.201113238829442e-13
TRT,48,22,6,0.46875,0.13541666666666666,1.9070725595793727,-4.1138470121351944e-13
TRT,48,22,7,0.46875,0.15624999999999997,2.1090568309534268,-3.8257388435353836e-13
TRT,48,22,8,0.46875,0.17708333333333331,2.274954555208855,-3.8345947640265307e-13
TRT,48,22,9,0.46875,0.19791666666666666,2.401927176288113,-3.670193225524119e-13
TRT,48,22,10,0.46875,0.21874999999999997,2.4878021574410756,-3.5775260511089597e-13
TRT,48,22,11,0.46875,0.23958333333333331,2.531110153931151,-3.4417036044661975e-13
TRT,48,22,12,0.46875,0.2604166666666667,2.531110153931158,-3.449190747946892e-13
TRT,48,22,13,0.46875,0.28125,2.487802157441092,-3.609940061135213e-13
TRT,48,22,14,0.46875,0.3020833333333333,2.4019271762881207,-3.676265807883145e-13
TRT,48,22,15,0.46875,0.3229166666666667,2.2749545552088524,-3.883089249828027e-13
TRT,48,22,16,0.46875,0.34375,2.109056830953404,-3.7817975108186476e-13
TRT,48,22,17,0.46875,0.3645833333333333,1.9070725595793199,-3.949196451437372e-13
TRT,48,22,18,0.46875,0.3854166666666667,1.67245774797043,-4.0865350520616515e-13
TRT,48,22,19,0.46875,0.40625,1.4092267206008497,-4.1928414071038855e-13
TRT,48,22,20,0.46875,0.4270833333333333,1.121883433330351,-4.350475650448422e-13
TRT,48,22,21,0.46875,0.4479166666666667,0.8153444094706883,-4.3735456029050027e-13
TRT,48,22,22,0.46875,0.46875,0.49485461670882586,-4.4903365764441694e-13
TRT,48,22,23,0.46875,0.4895833333333333,0.16589772425544952,-4.663624157114047e-13
TRT,48,22,24,0.46875,0.5104166666666666,-0.16589772425547172,-4.898725926034219e-13
TRT,48,22,25,0.46875,0.5312499999999999,-0.4948546167088475,-5.019974611183915e-13
TRT,48,22,26,0.46875,0.5520833333333333,-0.8153444094707148,-5.255472194076601e-13
TRT,48,22,27,0.46875,0.5729166666666666,-1.121883433330351,-5.3555862803221e-13
TRT,48,22,28,0.46875,0.5937499999999999,-1.40922672060086,-5.452109426813173e-13
TRT,48,22,29,0.46875,0.6145833333333333,-1.6724577479704257,-5.593568352449963e-13
TRT,48,22,30,0.46875,0.6354166666666666,-1.9070725595793288,-5.672239827676427e-13
TRT,48,22,31,0.46875,0.6562499999999999,-2.1090568309534015,-5.85100829519398e-13
TRT,48,22,32,0.46875,0.6770833333333333,-2.2749545552088386,-5.947204059179537e-13
TRT,48,22,33,0.46875,0.6979166666666666,-2.401927176288112,-5.965631276022938e-13
TRT,48,22,34,0.46875,0.7187499999999999,-2.48780215744109,-6.094281028944206e-13
TRT,48,22,35,0.46875,0.7395833333333333,-2.531110153931151,-6.273946625583554e-13
TRT,48,22,36,0.46875,0.7604166666666666,-2.5311101539311296,-6.281097459218108e-13
TRT,48,22,37,0.46875,0.7812499999999999,-2.487802157441045,-6.142774795726534e-13
TRT,48,22,38,0.46875,0.8020833333333333,-2.4019271762880745,-6.057901122515793e-13
TRT,48,22,39,0.46875,0.8229166666666666,-2.27495455520883,-6.086996596879443e-13
TRT,48,22,40,0.46875,0.8437499999999999,-2.10905683095339,-5.845234498957779e-13
TRT,48,22,41,0.46875,0.8645833333333333,-1.907072559579338,-5.810750849486099e-13
TRT,48,22,42,0.46875,0.8854166666666666,-1.67245774797043,-5.61695075781211e-13
TRT,48,22,43,0.46875,0.9062499999999999,-1.409226720600874,-5.536758058936366e-13
TRT,48,22,44,0.46875,0.9270833333333333,-1.1218834333303436,-5.436612647128524e-13
TRT,48,22,45,0.46875,0.9479166666666666,-0.8153444094706962,-5.252096770346387e-13
TRT,48,22,46,0.46875,0.9687499999999999,-0.4948546167088198,-5.128757540395457e-13
TRT,48,22,47,0.46875,0.9895833333333333,-0.16589772425543492,-4.950543581700644e-13
TRT,48,23,0,0.4895833333333333,0.010416666666666666,0.16589772425546861,-1.609452927835801e-13
TRT,48,23,1,0.4895833333333333,0.03125,0.49485461670886477,-1.58993570059894e-13
TRT,48,23,2,0.4895833333333333,0.05208333333333333,0.8153444094707285,-1.3794294795639855e-13
TRT,48,23,3,0.4895833333333333,0.07291666666666667,1.1218834333303833,-1.0323332808043963e-13
TRT,48,23,4,0.4895833333333333,0.09375,1.4092267206008924,-1.0318616669397881e-13
TRT,48,23,5,0.4895833333333333,0.11458333333333333,1.6724577479704663,-9.844971081311997e-14
TRT,48,23,6,0.4895833333333333,0.13541666666666666,1.9070725595793527,-8.047780136131445e-14
TRT,48,23,7,0.4895833333333333,0.15624999999999997,2.109056830953424,-6.597903160335569e-14
TRT,48,23,8,0.4895833333333333,0.17708333333333331,2.2749545552088417,-4.65028835844305e-14
TRT,48,23,9,0.4895833333333333,0.19791666666666666,2.4019271762881087,-4.193046238250227e-14
TRT,48,23,10,0.4895833333333333,0.21874999999999997,2.487802157441061,-3.1971394204443865e-14
TRT,48,23,11,0.4895833333333333,0.23958333333333331,2.531110153931153,-2.5553144206417063e-14
TRT,48,23,12,0.4895833333333333,0.2604166666666667,2.531110153931165,-2.032581345877923e-14
TRT,48,23,13,0.4895833333333333,0.28125,2.48780215744109,-2.9736145278105624e-14
TRT,48,23,14,0.4895833333333333,0.3020833333333333,2.4019271762881305,-4.4393908235731907e-14
TRT,48,23,15,0.4895833333333333,0.3229166666666667,2.274954555208851,-5.143983833508966e-14
TRT,48,23,16,0.4895833333333333,0.34375,2.1090568309534112,-7.136745226735363e-14
TRT,48,23,17,0.4895833333333333,0.3645833333333333,1.9070725595793325,-6.952128612057649e-14
TRT,48,23,18,0.4895833333333333,0.3854166666666667,1.672457747970426,-8.944525150784275e-14
TRT,48,23,19,0.4895833333333333,0.40625,1.4092267206008564,-9.152459607853297e-14
TRT,48,23,20,0.4895833333333333,0.4270833333333333,1.121883433330353,-1.0575096662590965e-13
TRT,48,23,21,0.4895833333333333,0.4479166666666667,0.8153444094707009,-1.2857649115305335e-13
TRT,48,23,22,0.4895833333333333,0.46875,0.494854616708837,-1.139282373278311e-13
TRT,48,23,23,0.4895833333333333,0.4895833333333333,0.165897724255448,-1.468564968662048e-13
TRT,48,23,24,0.4895833333333333,0.5104166666666666,-0.16589772425546057,-1.6675217224464693e-13
TRT,48,23,25,0.4895833333333333,0.5312499999999999,-0.49485461670883685,-1.9340644023017872e-13
TRT,48,23,26,0.4895833333333333,0.5520833333333333,-0.8153444094707069,-1.979997100975531e-13
TRT,48,23,27,0.4895833333333333,0.5729166666666666,-1.1218834333303498,-2.0544877675710108e-13
TRT,48,23,28,0.4895833333333333,0.5937499999999999,-1.4092267206008582,-2.3302882466849994e-13
TRT,48,23,29,0.4895833333333333,0.6145833333333333,-1.6724577479704157,-2.452706385413072e-13
TRT,48,23,30,0.4895833333333333,0.6354166666666666,-1.90707255957932,-2.4723187684809746e-13
TRT,48,23,31,0.4895833333333333,0.6562499999999999,-2.1090568309533912,-2.519090920823547e-13
TRT,48,23,32,0.4895833333333333,0.6770833333333333,-2.274954555208829,-2.7125138033226126e-13
TRT,48,23,33,0.4895833333333333,0.6979166666666666,-2.4019271762880976,-2.830344423485011e-13
TRT,48,23,34,0.4895833333333333,0.7187499999999999,-2.48780215744108,-2.9829843350228417e-13
TRT,48,23,35,0.4895833333333333,0.7395833333333333,-2.5311101539311465,-2.8974668064509505e-13
TRT,48,23,36,0.4895833333333333,0.7604166666666666,-2.531110153931131,-2.985119569444941e-13
TRT,48,23,37,0.4895833333333333,0.7812499999999999,-2.4878021574410436,-2.9693092157673773e-13
TRT,48,23,38,0.4895833333333333,0.8020833333333333,-2.401927176288081,-2.9507897547997413e-13
TRT,48,23,39,0.4895833333333333,0.8229166666666666,-2.2749545552088137,-2.7161939591416536e-13
TRT,48,23,40,0.4895833333333333,0.8437499999999999,-2.109056830953392,-2.732476031211394e-13
TRT,48,23,41,0.4895833333333333,0.8645833333333333,-1.9070725595793308,-2.542552410909255e-13
TRT,48,23,42,0.4895833333333333,0.8854166666666666,-1.672457747970445,-2.4619810065882095e-13
TRT,48,23,43,0.4895833333333333,0.9062499999999999,-1.4092267206008835,-2.2833491141991256e-13
TRT,48,23,44,0.4895833333333333,0.9270833333333333,-1.1218834333303649,-2.064627249995692e-13
TRT,48,23,45,0.4895833333333333,0.9479166666666666,-0.8153444094707105,-2.24377836875679e-13
TRT,48,23,46,0.4895833333333333,0.9687499999999999,-0.49485461670884395,-1.9054482627239215e-13
TRT,48,23,47,0.4895833333333333,0.9895833333333333,-0.1658977242554542,-1.6664189417187127e-13
TRT,48,24,0,0.5104166666666666,0.010416666666666666,0.16589772425547633,1.769892378209029e-13
TRT,48,24,1,0.5104166666666666,0.03125,0.4948546167088473,1.8347118261004676e-13
TRT,48,24,2,0.5104166666666666,0.05208333333333333,0.8153444094707345,1.779471081383131e-13
TRT,48,24,3,0.5104166666666666,0.07291666666666667,1.1218834333303713,2.0772219373210546e-13
TRT,48,24,4,0.5104166666666666,0.09375,1.4092267206008933,2.3007029953853896e-13
TRT,48,24,5,0.5104166666666666,0.11458333333333333,1.672457747970461,2.3419601585628667e-13
TRT,48,24,6,0.5104166666666666,0.13541666666666666,1.9070725595793647,2.436330939318888e-13
TRT,48,24,7,0.5104166666666666,0.15624999999999997,2.1090568309534126,2.703630701001676e-13
TRT,48,24,8,0.5104166666666666,0.17708333333333331,2.2749545552088564,2.63348835956992e-13
TRT,48,24,9,0.5104166666666666,0.19791666666666666,2.4019271762881007,2.8502190908096993e-13
TRT,48,24,10,0.5104166666666666,0.21874999999999997,2.4878021574410742,3.005623058383816e-13
TRT,48,24,11,0.5104166666666666,0.23958333333333331,2.5311101539311553,3.12636082789989e-13
TRT,48,24,12,0.5104166666666666,0.2604166666666667,2.531110153931165,2.9822946024889534e-13
TRT,48,24,13,0.5104166666666666,0.28125,2.487802157441097,2.9617616406079895e-13
TRT,48,24,14,0.5104166666666666,0.3020833333333333,2.4019271762881327,2.864748633992009e-13
TRT,48,24,15,0.5104166666666666,0.3229166666666667,2.274954555208866,2.646604184229571e-13
TRT,48,24,16,0.5104166666666666,0.34375,2.109056830953419,2.7375632981160697e-13
TRT,48,24,17,0.5104166666666666,0.3645833333333333,1.9070725595793447,2.463359422273159e-13
TRT,48,24,18,0.5104166666666666,0.3854166666666667,1.6724577479704419,2.3456964693961675e-13
TRT,48,24,19,0.5104166666666666,0.40625,1.4092267206008786,2.359610846428729e-13
TRT,48,24,20,0.5104166666666666,0.4270833333333333,1.12188343333035,2.1914293013793103e-13
TRT,48,24,21,0.5104166666666666,0.4479166666666667,0.8153444094707256,2.0839807206030262e-13
TRT,48,24,22,0.5104166666666666,0.46875,0.4948546167088561,1.8798016025947326e-13
TRT,48,24,23,0.5104166666666666,0.4895833333333333,0.16589772425546442,1.7885713524887585e-13
TRT,48,24,24,0.5104166666666666,0.5104166666666666,-0.16589772425544058,1.65041069922224e-13
TRT,48,24,25,0.5104166666666666,0.5312499999999999,-0.49485461670883213,1.3484778776576614e-13
TRT,48,24,26,0.5104166666666666,0.5520833333333333,-0.8153444094706843,1.163255497726695e-13
TRT,48,24,27,0.5104166666666666,0.5729166666666666,-1.1218834333303456,1.1017941824694769e-13
TRT,48,24,28,0.5104166666666666,0.5937499999999999,-1.4092267206008455,1.0846056741380181e-13
TRT,48,24,29,0.5104166666666666,0.6145833333333333,-1.6724577479704044,8.890212834504053e-14
TRT,48,24,30,0.5104166666666666,0.6354166666666666,-1.90707255957931,7.366620860357552e-14
TRT,48,24,31,0.5104166666666666,0.6562499999999999,-2.1090568309533784,6.811163222806583e-14
TRT,48,24,32,0.5104166666666666,0.6770833333333333,-2.2749545552088337,5.883988560187379e-14
TRT,48,24,33,0.5104166666666666,0.6979166666666666,-2.4019271762881074,4.465169449424334e-14
TRT,48,24,34,0.5104166666666666,0.7187499999999999,-2.4878021574410796,4.005215317018507e-14
TRT,48,24,35,0.5104166666666666,0.7395833333333333,-2.5311101539311385,2.545529178215386e-14
TRT,48,24,36,0.5104166666666666,0.7604166666666666,-2.5311101539311367,2.244851977190691e-14
TRT,48,24,37,0.5104166666666666,0.7812499999999999,-2.4878021574410543,2.789251669335165e-14
TRT,48,24,38,0.5104166666666666,0.8020833333333333,-2.40192717628808,4.839793873326022e-14
TRT,48,24,39,0.5104166666666666,0.8229166666666666,-2.2749545552088337,4.418779862091113e-14
TRT,48,24,40,0.5104166666666666,0.8437499999999999,-2.109056830953401,5.950798048367386e-14
TRT,48,24,41,0.5104166666666666,0.8645833333333333,-1.9070725595793387,6.226122249727731e-14
TRT,48,24,42,0.5104166666666666,0.8854166666666666,-1.6724577479704563,7.04653867407046e-14
TRT,48,24,43,0.5104166666666666,0.9062499999999999,-1.409226720600882,9.242136084411317e-14
TRT,48,24,44,0.5104166666666666,0.9270833333333333,-1.1218834333303742,1.0692469194117348e-13
TRT,48,24,45,0.5104166666666666,0.9479166666666666,-0.815344409470727,1.1230206982804438e-13
TRT,48,24,46,0.5104166666666666,0.9687499999999999,-0.4948546167088476,1.2694164188508887e-13
TRT,48,24,47,0.5104166666666666,0.9895833333333333,-0.16589772425546756,1.4808174771852357e-13
TRT,48,25,0,0.5312499999999999,0.010416666666666666,0.16589772425544738,4.86065931679934e-13
TRT,48,25,1,0.5312499999999999,0.03125,0.49485461670883746,4.850803329797418e-13
TRT,48,25,2,0.5312499999999999,0.05208333333333333,0.8153444094707146,5.065761421045022e-13
TRT,48,25,3,0.5312499999999999,0.07291666666666667,1.1218834333303622,5.346845212376946e-13
TRT,48,25,4,0.5312499999999999,0.09375,1.409226720600876,5.531915739770729e-13
TRT,48,25,5,0.5312499999999999,0.11458333333333333,1.6724577479704532,5.622459679239187e-13
TRT,48,25,6,0.5312499999999999,0.13541666666666666,1.9070725595793445,5.649390856384682e-13
TRT,48,25,7,0.5312499999999999,0.15624999999999997,2.109056830953411,5.806823923362586e-13
TRT,48,25,8,0.5312499999999999,0.17708333333333331,2.274954555208824,6.010308709083152e-13
TRT,48,25,9,0.5312499999999999,0.19791666666666666,2.401927176288109,6.033985081183359e-13
TRT,48,25,10,0.5312499999999999,0.21874999999999997,2.4878021574410543,6.269967319366016e-13
TRT,48,25,11,0.5312499999999999,0.23958333333333331,2.5311101539311456,6.180747581231702e-13
TRT,48,25,12,0.5312499999999999,0.2604166666666667,2.5311101539311522,6.190525396667679e-13
TRT,48,25,13,0.5312499999999999,0.28125,2.487802157441093,6.216792624630158e-13
TRT,48,25,14,0.5312499999999999,0.3020833333333333,2.401927176288127,6.095952592356505e-13
TRT,48,25,15,0.5312499999999999,0.3229166666666667,2.274954555208857,5.971042554813437e-13
TRT,48,25,16,0.5312499999999999,0.34375,2.1090568309534192,5.788828254109749e-13
TRT,48,25,17,0.5312499999999999,0.3645833333333333,1.9070725595793359,5.772234700384332e-13
TRT,48,25,18,0.5312499999999999,0.3854166666666667,1.6724577479704437,5.596453083100574e-13
TRT,48,25,19,0.5312499999999999,0.40625,1.4092267206008793,5.39494237001027e-13
TRT,48,25,20,0.5312499999999999,0.4270833333333333,1.1218834333303795,5.391854805626626e-13
TRT,48,25,21,0.5312499999999999,0.4479166666666667,0.8153444094707225,5.339513991838031e-13
TRT,48,25,22,0.5312499999999999,0.46875,0.49485461670886943,5.068033732457478e-13
TRT,48,25,23,0.5312499999999999,0.4895833333333333,0.16589772425548405,4.970881548200465e-13
TRT,48,25,24,0.5312499999999999,0.5104166666666666,-0.1658977242554362,4.793342624780018e-13
TRT,48,25,25,0.5312499999999999,0.5312499999999999,-0.494854616708822,4.502577937397962e-13
TRT,48,25,26,0.5312499999999999,0.5520833333333333,-0.8153444094706885,4.486273209705529e-13
TRT,48,25,27,0.5312499999999999,0.5729166666666666,-1.1218834333303265,4.3830004097352807e-13
TRT,48,25,28,0.5312499999999999,0.5937499999999999,-1.4092267206008426,4.312946822343413e-13
TRT,48,25,29,0.5312499999999999,0.6145833333333333,-1.672457747970403,4.0105364771086134e-13
TRT,48,25,30,0.5312499999999999,0.6354166666666666,-1.907072559579302,4.0146932170958793e-13
TRT,48,25,31,0.5312499999999999,0.6562499999999999,-2.109056830953384,3.9825312509654807e-13
TRT,48,25,32,0.5312499999999999,0.6770833333333333,-2.274954555208826,3.709722853934254e-13
TRT,48,25,33,0.5312499999999999,0.6979166666666666,-2.4019271762880945,3.6704584760725635e-13
TRT,48,25,34,0.5312499999999999,0.7187499999999999,-2.487802157441077,3.664335838770194e-13
TRT,48,25,35,0.5312499999999999,0.7395833333333333,-2.531110153931139,3.57785059988665e-13
TRT,48,25,36,0.5312499999999999,0.7604166666666666,-2.5311101539311305,3.3866963721968786e-13
TRT,48,25,37,0.5312499999999999,0.7812499999999999,-2.487802157441052,3.673559829170306e-13
TRT,48,25,38,0.5312499999999999,0.8020833333333333,-2.401927176288085,3.5500622278107747e-13
TRT,48,25,39,0.5312499999999999,0.8229166666666666,-2.2749545552088417,3.7803103887901893e-13
TRT,48,25,40,0.5312499999999999,0.8437499999999999,-2.1090568309534077,3.8700870879703824e-13
TRT,48,25,41,0.5312499999999999,0.8645833333333333,-1.9070725595793485,3.8919848404454405e-13
TRT,48,25,42,0.5312499999999999,0.8854166666666666,-1.6724577479704497,4.038747726109642e-13
TRT,48,25,43,0.5312499999999999,0.9062499999999999,-1.409226720600894,4.227162349034544e-13
TRT,48,25,44,0.5312499999999999,0.9270833333333333,-1.1218834333303804,4.3572417937471453e-13
TRT,48,25,45,0.5312499999999999,0.9479166666666666,-0.8153444094707362,4.2531453653703265e-13
TRT,48,25,46,0.5312499999999999,0.9687499999999999,-0.49485461670886316,4.592693229247393e-13
TRT,48,25,47,0.5312499999999999,0.9895833333333333,-0.16589772425548138,4.889165468887269e-13
TRT,48,26,0,0.5520833333333333,0.010416666666666666,0.165897724255425,8.157758642779293e-13
TRT,48,26,1,0.5520833333333333,0.03125,0.494854616708812,8.247901286730409e-13
TRT,48,26,2,0.5520833333333333,0.05208333333333333,0.8153444094707,8.045533151437468e-13
TRT,48,26,3,0.5520833333333333,0.07291666666666667,1.1218834333303525,8.31620923999402e-13
TRT,48,26,4,0.5520833333333333,0.09375,1.4092267206008742,8.711092244941522e-13
TRT,48,26,5,0.5520833333333333,0.11458333333333333,1.6724577479704377,8.769245352605773e-13
TRT,48,26,6,0.5520833333333333,0.13541666666666666,1.9070725595793467,8.747936532536085e-13
TRT,48,26,7,0.5520833333333333,0.15624999999999997,2.1090568309534037,8.902506610459274e-13
TRT,48,26,8,0.5520833333333333,0.17708333333333331,2.274954555208835,9.059797385185307e-13
TRT,48,26,9,0.5520833333333333,0.19791666666666666,2.4019271762880834,9.290615810309979e-13
TRT,48,26,10,0.5520833333333333,0.21874999999999997,2.48780215744106,9.24617199530756e-13
TRT,48,26,11,0.5520833333333333,0.23958333333333331,2.5311101539311354,9.416087440775295e-13
TRT,48,26,12,0.5520833333333333,0.2604166666666667,2.531110153931169,9.347093974151485e-13
TRT,48,26,13,0.5520833333333333,0.28125,2.4878021574411044,9.35613556030172e-13
TRT,48,26,14,0.5520833333333333,0.3020833333333333,2.40192717628813,9.154347088494873e-13
TRT,48,26,15,0.5520833333333333,0.3229166666666667,2.2749545552088697,9.068467768901139e-13
TRT,48,26,16,0.5520833333333333,0.34375,2.10905683095342,9.037209030639956e-13
TRT,48,26,17,0.5520833333333333,0.3645833333333333,1.9070725595793554,8.780269149522017e-13
TRT,48,26,18,0.5520833333333333,0.3854166666666667,1.6724577479704477,8.752772954317099e-13
TRT,48,26,19,0.5520833333333333,0.40625,1.4092267206009008,8.742321273018822e-13
TRT,48,26,20,0.5520833333333333,0.4270833333333333,1.1218834333303824,8.456155230779508e-13
TRT,48,26,21,0.5520833333333333,0.4479166666666667,0.8153444094707516,8.369078648596677e-13
TRT,48,26,22,0.5520833333333333,0.46875,0.4948546167088829,8.17722680798061e-13
TRT,48,26,23,0.5520833333333333,0.4895833333333333,0.165897724255514,8.015392456023908e-13
TRT,48,26,24,0.5520833333333333,0.5104166666666666,-0.1658977242554194,7.919372805570894e-13
TRT,48,26,25,0.5520833333333333,0.5312499999999999,-0.49485461670879655,7.679102887449041e-13
TRT,48,26,26,0.5520833333333333,0.5520833333333333,-0.815344409470669,7.682795321943504e-13
TRT,48,26,27,0.5520833333333333,0.5729166666666666,-1.121883433330321,7.568771870559754e-13
TRT,48,26,28,0.5520833333333333,0.5937499999999999,-1.4092267206008264,7.507773220903317e-13
TRT,48,26,29,0.5520833333333333,0.6145833333333333,-1.6724577479703964,7.333471095444748e-13
TRT,48,26,30,0.5520833333333333,0.6354166666666666,-1.907072559579292,7.0985951687651e-13
TRT,48,26,31,0.5520833333333333,0.6562499999999999,-2.10905683095338,7.150194203904053e-13
TRT,48,26,32,0.5520833333333333,0.6770833333333333,-2.2749545552088177,7.121445353230962e-13
TRT,48,26,33,0.5520833333333333,0.6979166666666666,-2.4019271762880976,6.842853037904272e-13
TRT,48,26,34,0.5520833333333333,0.7187499999999999,-2.487802157441065,6.865996545382067e-13
TRT,48,26,35,0.5520833333333333,0.7395833333333333,-2.5311101539311522,6.718836027239937e-13
TRT,48,26,36,0.5520833333333333,0.7604166666666666,-2.531110153931136,6.621263097996661e-13
TRT,48,26,37,0.5520833333333333,0.7812499999999999,-2.487802157441053,6.729122423633055e-13
TRT,48,26,38,0.5520833333333333,0.8020833333333333,-2.401927176288109,6.824995285609049e-13
TRT,48,26,39,0.5520833333333333,0.8229166666666666,-2.2749545552088275,6.811457287297838e-13
TRT,48,26,40,0.5520833333333333,0.8437499999999999,-2.1090568309534206,7.087658472504506e-13
TRT,48,26,41,0.5520833333333333,0.8645833333333333,-1.9070725595793454,7.125448617585297e-13
TRT,48,26,42,0.5520833333333333,0.8854166666666666,-1.6724577479704599,7.122240742464111e-13
TRT,48,26,43,0.5520833333333333,0.9062499999999999,-1.409226720600888,7.295482486947233e-13
TRT,48,26,44,0.5520833333333333,0.9270833333333333,-1.121883433330389,7.475862260781867e-13
TRT,48,26,45,0.5520833333333333,0.9479166666666666,-0.8153444094707482,7.550370725211097e-13
TRT,48,26,46,0.5520833333333333,0.9687499999999999,-0.4948546167088706,7.684185002409167e-13
TRT,48,26,47,0.5520833333333333,0.9895833333333333,-0.1658977242555023,7.84229999974087e-13
TRT,48,27,0,0.5729166666666666,0.010416666666666666,0.1658977242554239,1.1020223420348967e-12
TRT,48,27,1,0.5729166666666666,0.03125,0.4948546167088007,1.1089119450934391e-12
TRT,48,27,2,0.5729166666666666,0.05208333333333333,0.815344409470687,1.1209784996722645e-12
TRT,48,27,3,0.5729166666666666,0.07291666666666667,1.1218834333303398,1.142563646976219e-12
TRT,48,27,4,0.5729166666666666,0.09375,1.4092267206008613,1.1616803900820713e-12
TRT,48,27,5,0.5729166666666666,0.11458333333333333,1.67245774797043,1.178872070950439e-12
TRT,48,27,6,0.5729166666666666,0.13541666666666666,1.90707255957933,1.1793645295662748e-12
TRT,48,27,7,0.5729166666666666,0.15624999999999997,2.1090568309533926,1.1796519717765228e-12
TRT,48,27,8,0.5729166666666666,0.17708333333333331,2.2749545552088306,1.2026982720043704e-12
TRT,48,27,9,0.5729166666666666,0.19791666666666666,2.401927176288091,1.2134570209710638e-12
TRT,48,27,10,0.5729166666666666,0.21874999999999997,2.487802157441049,1.2384752565126828e-12
TRT,48,27,11,0.5729166666666666,0.23958333333333331,2.531110153931143,1.2354566404027435e-12
TRT,48,27,12,0.5729166666666666,0.2604166666666667,2.531110153931156,1.2387862855524037e-12
TRT,48,27,13,0.5729166666666666,0.28125,2.487802157441095,1.2222401177672692e-12
TRT,48,27,14,0.5729166666666666,0.3020833333333333,2.401927176288133,1.2179003240625506e-12
TRT,48,27,15,0.5729166666666666,0.3229166666666667,2.2749545552088666,1.210754894682049e-12
TRT,48,27,16,0.5729166666666666,0.34375,2.109056830953426,1.1887716777537416e-12
TRT,48,27,17,0.5729166666666666,0.3645833333333333,1.907072559579354,1.1814603364147383e-12
TRT,48,27,18,0.5729166666666666,0.3854166666666667,1.6724577479704577,1.1768646510139192e-12
TRT,48,27,19,0.5729166666666666,0.40625,1.4092267206008955,1.151260839450094e-12
TRT,48,27,20,0.5729166666666666,0.4270833333333333,1.1218834333303975,1.1453886252159992e-12
TRT,48,27,21,0.5729166666666666,0.4479166666666667,0.8153444094707512,1.1460968527382067e-12
TRT,48,27,22,0.5729166666666666,0.46875,0.49485461670889075,1.1135435473324784e-12
TRT,48,27,23,0.5729166666666666,0.4895833333333333,0.16589772425551824,1.1013296568847094e-12
TRT,48,27,24,0.5729166666666666,0.5104166666666666,-0.16589772425540802,1.087224109017883e-12
TRT,48,27,25,0.5729166666666666,0.5312499999999999,-0.49485461670879116,1.0708357381581244e-12
TRT,48,27,26,0.5729166666666666,0.5520833333333333,-0.8153444094706593,1.0695165767905515e-12
TRT,48,27,27,0.5729166666666666,0.5729166666666666,-1.121883433330319,1.0668942643097803e-12
TRT,48,27,28,0.5729166666666666,0.5937499999999999,-1.4092267206008238,1.0586515665177861e-12
TRT,48,27,29,0.5729166666666666,0.6145833333333333,-1.6724577479703984,1.0234584324102626e-12
TRT,48,27,30,0.5729166666666666,0.6354166666666666,-1.9070725595792946,1.022790411265331e-12
TRT,48,27,31,0.5729166666666666,0.6562499999999999,-2.1090568309533704,1.023667213127808e-12
TRT,48,27,32,0.5729166666666666,0.6770833333333333,-2.27495455520882,9.985893553985562e-13
TRT,48,27,33,0.5729166666666666,0.6979166666666666,-2.4019271762880883,9.909400815283635e-13
TRT,48,27,34,0.5729166666666666,0.7187499999999999,-2.48780215744107,9.825604184975183e-13
TRT,48,27,35,0.5729166666666666,0.7395833333333333,-2.5311101539311522,9.769220503166064e-13
TRT,48,27,36,0.5729166666666666,0.7604166666666666,-2.531110153931139,9.770267499936104e-13
TRT,48,27,37,0.5729166666666666,0.7812499999999999,-2.487802157441066,9.833071133814134e-13
TRT,48,27,38,0.5729166666666666,0.8020833333333333,-2.4019271762881065,9.84282824361009e-13
TRT,48,27,39,0.5729166666666666,0.8229166666666666,-2.274954555208851,1.0065304988012483e-12
TRT,48,27,40,0.5729166666666666,0.8437499999999999,-2.109056830953417,1.0085975079774556e-12
TRT,48,27,41,0.5729166666666666,0.8645833333333333,-1.9070725595793594,1.0224509877731184e-12
TRT,48,27,42,0.5729166666666666,0.8854166666666666,-1.6724577479704599,1.0320603289619622e-12
TRT,48,27,43,0.5729166666666666,0.9062499999999999,-1.4092267206009033,1.0491700141185455e-12
TRT,48,27,44,0.5729166666666666,0.9270833333333333,-1.1218834333303898,1.0501771329847947e-12
TRT,48,27,45,0.5729166666666666,0.9479166666666666,-0.8153444094707566,1.0523782522095608e-12
TRT,48,27,46,0.5729166666666666,0.9687499999999999,-0.49485461670887626,1.0792362533510472e-12
TRT,48,27,47,0.5729166666666666,0.9895833333333333,-0.16589772425550786,1.0931131936579243e-12
TRT,48,28,0,0.5937499999999999,0.010416666666666666,0.16589772425540805,1.3924072477622268e-12
TRT,48,28,1,0.5937499999999999,0.03125,0.4948546167088039,1.4032711817011557e-12
TRT,48,28,2,0.5937499999999999,0.05208333333333333,0.815344409470676,1.385232324673755e-12
TRT,48,28,3,0.5937499999999999,0.07291666666666667,1.1218834333303271,1.403941397808458e-12
TRT,48,28,4,0.5937499999999999,0.09375,1.40922672060085,1.4453472091506361e-12
TRT,48,28,5,0.5937499999999999,0.11458333333333333,1.6724577479704223,1.4533480335710493e-12
TRT,48,28,6,0.5937499999999999,0.13541666666666666,1.90707255957932,1.446738462806169e-12
TRT,48,28,7,0.5937499999999999,0.15624999999999997,2.1090568309533833,1.4634218387541204e-12
TRT,48,28,8,0.5937499999999999,0.17708333333333331,2.2749545552088204,1.4852041534759272e-12
TRT,48,28,9,0.5937499999999999,0.19791666666666666,2.4019271762880785,1.5017386643913857e-12
TRT,48,28,10,0.5937499999999999,0.21874999999999997,2.487802157441056,1.4993907612605223e-12
TRT,48,28,11,0.5937499999999999,0.23958333333333331,2.53111015393114,1.5128045459947888e-12
TRT,48,28,12,0.5937499999999999,0.2604166666666667,2.531110153931164,1.50399066662234e-12
TRT,48,28,13,0.5937499999999999,0.28125,2.4878021574411067,1.5073627503652876e-12
TRT,48,28,14,0.5937499999999999,0.3020833333333333,2.4019271762881425,1.4920851679789639e-12
TRT,48,28,15,0.5937499999999999,0.3229166666666667,2.274954555208875,1.4900851807480403e-12
TRT,48,28,16,0.5937499999999999,0.34375,2.109056830953432,1.4829728046871807e-12
TRT,48,28,17,0.5937499999999999,0.3645833333333333,1.9070725595793725,1.4525065483793026e-12
TRT,48,28,18,0.5937499999999999,0.3854166666666667,1.6724577479704645,1.446164144971782e-12
TRT,48,28,19,0.5937499999999999,0.40625,1.4092267206009113,1.4546590960764742e-12
TRT,48,28,20,0.5937499999999999,0.4270833333333333,1.1218834333304077,1.4187871379350651e-12
TRT,48,28,21,0.5937499999999999,0.4479166666666667,0.8153444094707681,1.407226377619994e-12
TRT,48,28,22,0.5937499999999999,0.46875,0.4948546167088873,1.3974417579383178e-12
TRT,48,28,23,0.5937499999999999,0.4895833333333333,0.1658977242555252,1.3829279050709072e-12
TRT,48,28,24,0.5937499999999999,0.5104166666666666,-0.16589772425540608,1.3775662121529289e-12
TRT,48,28,25,0.5937499999999999,0.5312499999999999,-0.49485461670878755,1.3646019749534727e-12
TRT,48,28,26,0.5937499999999999,0.5520833333333333,-0.8153444094706562,1.3579609204464003e-12
TRT,48,28,27,0.5937499999999999,0.5729166666666666,-1.1218834333303125,1.3522190891198686e-12
TRT,48,28,28,0.5937499999999999,0.5937499999999999,-1.409226720600826,1.345901465502319e-12
TRT,48,28,29,0.5937499999999999,0.6145833333333333,-1.6724577479703897,1.3256929625501433e-12
TRT,48,28,30,0.5937499999999999,0.6354166666666666,-1.9070725595792872,1.3118894595246995e-12
TRT,48,28,31,0.5937499999999999,0.6562499999999999,-2.1090568309533655,1.3165056204507412e-12
TRT,48,28,32,0.5937499999999999,0.6770833333333333,-2.2749545552088133,1.310888033457018e-12
TRT,48,28,33,0.5937499999999999,0.6979166666666666,-2.401927176288076,1.2731924682129822e-12
TRT,48,28,34,0.5937499999999999,0.7187499999999999,-2.4878021574410667,1.272563433382444e-12
TRT,48,28,35,0.5937499999999999,0.7395833333333333,-2.531110153931134,1.2658766701926458e-12
TRT,48,28,36,0.5937499999999999,0.7604166666666666,-2.5311101539311402,1.2636891668353648e-12
TRT,48,28,37,0.5937499999999999,0.7812499999999999,-2.487802157441061,1.2688399099883531e-12
TRT,48,28,38,0.5937499999999999,0.8020833333333333,-2.4019271762881145,1.2783938859782916e-12
TRT,48,28,39,0.5937499999999999,0.8229166666666666,-2.274954555208847,1.2859951772031003e-12
TRT,48,28,40,0.5937499999999999,0.8437499999999999,-2.1090568309534334,1.3083348758295456e-12
TRT,48,28,41,0.5937499999999999,0.8645833333333333,-1.9070725595793598,1.3112462893689663e-12
TRT,48,28,42,0.5937499999999999,0.8854166666666666,-1.6724577479704716,1.3113615062918195e-12
TRT,48,28,43,0.5937499999999999,0.9062499999999999,-1.4092267206008968,1.3284723193642733e-12
TRT,48,28,44,0.5937499999999999,0.9270833333333333,-1.1218834333303955,1.33962146734445e-12
TRT,48,28,45,0.5937499999999999,0.9479166666666666,-0.8153444094707413,1.3571131637490416e-12
TRT,48,28,46,0.5937499999999999,0.9687499999999999,-0.49485461670888164,1.368657475658296e-12
TRT,48,28,47,0.5937499999999999,0.9895833333333333,-0.16589772425551202,1.3693658057262065e-12
TRT,48,29,0,0.6145833333333333,0.010416666666666666,0.16589772425541585,1.651596712578027e-12
TRT,48,29,1,0.6145833333333333,0.03125,0.4948546167087742,1.6538688103093836e-12
TRT,48,29,2,0.6145833333333333,0.05208333333333333,0.8153444094706686,1.644604127136525e-12
TRT,48,29,3,0.6145833333333333,0.07291666666666667,1.1218834333303178,1.6683810758957575e-12
TRT,48,29,4,0.6145833333333333,0.09375,1.4092267206008482,1.6959984714706366e-12
TRT,48,29,5,0.6145833333333333,0.11458333333333333,1.6724577479704104,1.711127017444221e-12
TRT,48,29,6,0.6145833333333333,0.13541666666666666,1.907072559579316,1.704334081078074e-12
TRT,48,29,7,0.6145833333333333,0.15624999999999997,2.1090568309533775,1.7043765930931195e-12
TRT,48,29,8,0.6145833333333333,0.17708333333333331,2.2749545552088195,1.7361595333381612e-12
TRT,48,29,9,0.6145833333333333,0.19791666666666666,2.4019271762880736,1.7568514189421698e-12
TRT,48,29,10,0.6145833333333333,0.21874999999999997,2.487802157441049,1.7698563537979164e-12
TRT,48,29,11,0.6145833333333333,0.23958333333333331,2.5311101539311336,1.7595778293624754e-12
TRT,48,29,12,0.6145833333333333,0.2604166666666667,2.531110153931159,1.7706701839151905e-12
TRT,48,29,13,0.6145833333333333,0.28125,2.487802157441101,1.7529908615688677e-12
TRT,48,29,14,0.6145833333333333,0.3020833333333333,2.401927176288143,1.7452680683963714e-12
TRT,48,29,15,0.6145833333333333,0.3229166666666667,2.2749545552088715,1.7419793534693983e-12
TRT,48,29,16,0.6145833333333333,0.34375,2.1090568309534325,1.7288021445507566e-12
TRT,48,29,17,0.6145833333333333,0.3645833333333333,1.9070725595793634,1.7068022017116809e-12
TRT,48,29,18,0.6145833333333333,0.3854166666666667,1.6724577479704772,1.700284090168592e-12
TRT,48,29,19,0.6145833333333333,0.40625,1.4092267206009064,1.68834580144481e-12
TRT,48,29,20,0.6145833333333333,0.4270833333333333,1.1218834333304035,1.6781881672386676e-12
TRT,48,29,21,0.6145833333333333,0.4479166666666667,0.8153444094707745,1.662121463845973e-12
TRT,48,29,22,0.6145833333333333,0.46875,0.4948546167088984,1.6485264797538502e-12
TRT,48,29,23,0.6145833333333333,0.4895833333333333,0.16589772425552,1.655074347107942e-12
TRT,48,29,24,0.6145833333333333,0.5104166666666666,-0.16589772425541138,1.6389351028890267e-12
TRT,48,29,25,0.6145833333333333,0.5312499999999999,-0.49485461670878916,1.635012853093047e-12
TRT,48,29,26,0.6145833333333333,0.5520833333333333,-0.815344409470667,1.6257069530776852e-12
TRT,48,29,27,0.6145833333333333,0.5729166666666666,-1.121883433330309,1.615579904230141e-12
TRT,48,29,28,0.6145833333333333,0.5937499999999999,-1.4092267206008213,1.6185092662071405e-12
TRT,48,29,29,0.6145833333333333,0.6145833333333333,-1.6724577479703797,1.5841910632866606e-12
TRT,48,29,30,0.6145833333333333,0.6354166666666666,-1.9070725595792752,1.5852319564964041e-12
TRT,48,29,31,0.6145833333333333,0.6562499999999999,-2.10905683095336,1.586321819522158e-12
TRT,48,29,32,0.6145833333333333,0.6770833333333333,-2.2749545552088137,1.5654282039322937e-12
TRT,48,29,33,0.6145833333333333,0.6979166666666666,-2.4019271762880776,1.5401631059606608e-12
TRT,48,29,34,0.6145833333333333,0.7187499999999999,-2.4878021574410543,1.5393344549885712e-12
TRT,48,29,35,0.6145833333333333,0.7395833333333333,-2.5311101539311456,1.5382887195740546e-12
TRT,48,29,36,0.6145833333333333,0.7604166666666666,-2.5311101539311287,1.5304855458188635e-12
TRT,48,29,37,0.6145833333333333,0.7812499999999999,-2.4878021574410702,1.5373161705316852e-12
TRT,48,29,38,0.6145833333333333,0.8020833333333333,-2.4019271762881065,1.5445001786019134e-12
TRT,48,29,39,0.6145833333333333,0.8229166666666666,-2.2749545552088537,1.5613147183338864e-12
TRT,48,29,40,0.6145833333333333,0.8437499999999999,-2.109056830953416,1.5641017274382604e-12
TRT,48,29,41,0.6145833333333333,0.8645833333333333,-1.907072559579376,1.5901658510331416e-12
TRT,48,29,42,0.6145833333333333,0.8854166666666666,-1.6724577479704636,1.5963402199864373e-12
TRT,48,29,43,0.6145833333333333,0.9062499999999999,-1.4092267206009077,1.612284259735124e-12
TRT,48,29,44,0.6145833333333333,0.9270833333333333,-1.121883433330393,1.6138299633786231e-12
TRT,48,29,45,0.6145833333333333,0.9479166666666666,-0.8153444094707573,1.6173186955113225e-12
TRT,48,29,46,0.6145833333333333,0.9687499999999999,-0.49485461670888226,1.6261819298214683e-12
TRT,48,29,47,0.6145833333333333,0.9895833333333333,-0.16589772425552318,1.6342273703362625e-12
TRT,48,30,0,0.6354166666666666,0.010416666666666666,0.16589772425541235,1.879207578279278e-12
TRT,48,30,1,0.6354166666666666,0.03125,0.49485461670878855,1.887639032505476e-12
TRT,48,30,2,0.6354166666666666,0.05208333333333333,0.8153444094706747,1.8856585679750465e-12
TRT,48,30,3,0.6354166666666666,0.07291666666666667,1.1218834333303223,1.8890652442986433e-12
TRT,48,30,4,0.6354166666666666,0.09375,1.4092267206008415,1.922337506105241e-12
TRT,48,30,5,0.6354166666666666,0.11458333333333333,1.672457747970409,1.929425281458248e-12
TRT,48,30,6,0.6354166666666666,0.13541666666666666,1.9070725595792941,1.920674448105396e-12
TRT,48,30,7,0.6354166666666666,0.15624999999999997,2.109056830953384,1.9367690513985874e-12
TRT,48,30,8,0.6354166666666666,0.17708333333333331,2.2749545552088115,1.9629126594673395e-12
TRT,48,30,9,0.6354166666666666,0.19791666666666666,2.40192717628809,1.9760923873460847e-12
TRT,48,30,10,0.6354166666666666,0.21874999999999997,2.4878021574410476,1.9727382214866737e-12
TRT,48,30,11,0.6354166666666666,0.23958333333333331,2.5311101539311434,1.984175580464112e-12
TRT,48,30,12,0.6354166666666666,0.2604166666666667,2.531110153931156,1.9832447832146393e-12
TRT,48,30,13,0.6354166666666666,0.28125,2.4878021574410916,1.9813966603185108e-12
TRT,48,30,14,0.6354166666666666,0.3020833333333333,2.401927176288136,1.9653676739301324e-12
TRT,48,30,15,0.6354166666666666,0.3229166666666667,2.2749545552088817,1.9652032771250682e-12
TRT,48,30,16,0.6354166666666666,0.34375,2.1090568309534303,1.9595690058230338e-12
TRT,48,30,17,0.6354166666666666,0.3645833333333333,1.9070725595793745,1.935604438972244e-12
TRT,48,30,18,0.6354166666666666,0.3854166666666667,1.6724577479704739,1.9177278627670102e-12
TRT,48,30,19,0.6354166666666666,0.40625,1.4092267206009281,1.922345060419938e-12
TRT,48,30,20,0.6354166666666666,0.4270833333333333,1.1218834333304175,1.911746639879562e-12
TRT,48,30,21,0.6354166666666666,0.4479166666666667,0.8153444094707736,1.8954664516951804e-12
TRT,48,30,22,0.6354166666666666,0.46875,0.4948546167089073,1.8780082266986842e-12
TRT,48,30,23,0.6354166666666666,0.4895833333333333,0.1658977242555289,1.8789632860184325e-12
TRT,48,30,24,0.6354166666666666,0.5104166666666666,-0.16589772425540536,1.8869858661024704e-12
TRT,48,30,25,0.6354166666666666,0.5312499999999999,-0.4948546167087879,1.8765530241165992e-12
TRT,48,30,26,0.6354166666666666,0.5520833333333333,-0.8153444094706637,1.870974385582914e-12
TRT,48,30,27,0.6354166666666666,0.5729166666666666,-1.1218834333303083,1.8653815602495214e-12
TRT,48,30,28,0.6354166666666666,0.5937499999999999,-1.4092267206008167,1.859234335965229e-12
TRT,48,30,29,0.6354166666666666,0.6145833333333333,-1.6724577479703824,1.8482184055025006e-12
TRT,48,30,30,0.6354166666666666,0.6354166666666666,-1.9070725595792792,1.8228861039857693e-12
TRT,48,30,31,0.6354166666666666,0.6562499999999999,-2.1090568309533495,1.8178675121274797e-12
TRT,48,30,32,0.6354166666666666,0.6770833333333333,-2.274954555208808,1.8169824059216182e-12
TRT,48,30,33,0.6354166666666666,0.6979166666666666,-2.401927176288074,1.7878849640960455e-12
TRT,48,30,34,0.6354166666666666,0.7187499999999999,-2.487802157441049,1.7805401508585786e-12
TRT,48,30,35,0.6354166666666666,0.7395833333333333,-2.5311101539311402,1.7832260238327934e-12
TRT,48,30,36,0.6354166666666666,0.7604166666666666,-2.5311101539311385,1.7827013883264506e-12
TRT,48,30,37,0.6354166666666666,0.7812499999999999,-2.4878021574410742,1.7835966235444296e-12
TRT,48,30,38,0.6354166666666666,0.8020833333333333,-2.401927176288121,1.7886645034777776e-12
TRT,48,30,39,0.6354166666666666,0.8229166666666666,-2.2749545552088586,1.7964113116072663e-12
TRT,48,30,40,0.6354166666666666,0.8437499999999999,-2.1090568309534383,1.8101767257590137e-12
TRT,48,30,41,0.6354166666666666,0.8645833333333333,-1.9070725595793612,1.819769969175477e-12
TRT,48,30,42,0.6354166666666666,0.8854166666666666,-1.6724577479704945,1.8310559619989686e-12
TRT,48,30,43,0.6354166666666666,0.9062499999999999,-1.4092267206009066,1.835324500190339e-12
TRT,48,30,44,0.6354166666666666,0.9270833333333333,-1.1218834333304175,1.8447988327498468e-12
TRT,48,30,45,0.6354166666666666,0.9479166666666666,-0.8153444094707533,1.8696506923970476e-12
TRT,48,30,46,0.6354166666666666,0.9687499999999999,-0.4948546167088891,1.8717243386224588e-12
TRT,48,30,47,0.6354166666666666,0.9895833333333333,-0.16589772425550628,1.870737297165297e-12
TRT,48,31,0,0.6562499999999999,0.010416666666666666,0.1658977242554169,2.0768744557584493e-12
TRT,48,31,1,0.6562499999999999,0.03125,0.49485461670879566,2.095637650205493e-12
TRT,48,31,2,0.6562499999999999,0.05208333333333333,0.8153444094706572,2.080542569724165e-12
TRT,48,31,3,0.6562499999999999,0.07291666666666667,1.121883433330329,2.0852125136914256e-12
TRT,48,31,4,0.6562499999999999,0.09375,1.4092267206008322,2.1102672225564585e-12
TRT,48,31,5,0.6562499999999999,0.11458333333333333,1.6724577479703953,2.1084409677575765e-12
TRT,48,31,6,0.6562499999999999,0.13541666666666666,1.9070725595793006,2.1262995890888905e-12
TRT,48,31,7,0.6562499999999999,0.15624999999999997,2.1090568309533744,2.1291429343890077e-12
TRT,48,31,8,0.6562499999999999,0.17708333333333331,2.2749545552088204,2.151926863664344e-12
TRT,48,31,9,0.6562499999999999,0.19791666666666666,2.401927176288073,2.1687365752546524e-12
TRT,48,31,10,0.6562499999999999,0.21874999999999997,2.487802157441057,2.17168918275972e-12
TRT,48,31,11,0.6562499999999999,0.23958333333333331,2.5311101539311482,2.1643248117981245e-12
TRT,48,31,12,0.6562499999999999,0.2604166666666667,2.5311101539311562,2.1678119690561634e-12
TRT,48,31,13,0.6562499999999999,0.28125,2.4878021574410942,2.1634436213046473e-12
TRT,48,31,14,0.6562499999999999,0.3020833333333333,2.40192717628814,2.1669223515868216e-12
TRT,48,31,15,0.6562499999999999,0.3229166666666667,2.2749545552088706,2.159737264089073e-12
TRT,48,31,16,0.6562499999999999,0.34375,2.109056830953443,2.141324996774366e-12
TRT,48,31,17,0.6562499999999999,0.3645833333333333,1.907072559579374,2.1194174716822517e-12
TRT,48,31,18,0.6562499999999999,0.3854166666666667,1.6724577479704903,2.124770876195264e-12
TRT,48,31,19,0.6562499999999999,0.40625,1.4092267206009312,2.1110801271810588e-12
TRT,48,31,20,0.6562499999999999,0.4270833333333333,1.1218834333304226,2.092149393903989e-12
TRT,48,31,21,0.6562499999999999,0.4479166666666667,0.8153444094707739,2.0934817447662347e-12
TRT,48,31,22,0.6562499999999999,0.46875,0.49485461670890646,2.085336056457594e-12
TRT,48,31,23,0.6562499999999999,0.4895833333333333,0.16589772425552277,2.089952490324076e-12
TRT,48,31,24,0.6562499999999999,0.5104166666666666,-0.1658977242553955,2.0815697259781114e-12
TRT,48,31,25,0.6562499999999999,0.5312499999999999,-0.49485461670879505,2.0837723538447765e-12
TRT,48,31,26,0.6562499999999999,0.5520833333333333,-0.815344409470669,2.0775350910583097e-12
TRT,48,31,27,0.6562499999999999,0.5729166666666666,-1.1218834333303096,2.0687805609635043e-12
TRT,48,31,28,0.6562499999999999,0.5937499999999999,-1.4092267206008149,2.071616149295083e-12
TRT,48,31,29,0.6562499999999999,0.6145833333333333,-1.672457747970383,2.039110853209796e-12
TRT,48,31,30,0.6562499999999999,0.6354166666666666,-1.9070725595792752,2.0492278770415917e-12
TRT,48,31,31,0.6562499999999999,0.6562499999999999,-2.109056830953351,2.0372609790671525e-12
TRT,48,31,32,0.6562499999999999,0.6770833333333333,-2.2749545552087977,2.0105313837325384e-12
TRT,48,31,33,0.6562499999999999,0.6979166666666666,-2.4019271762880754,2.0022676382869383e-12
TRT,48,31,34,0.6562499999999999,0.7187499999999999,-2.487802157441048,1.9958560940659308e-12
TRT,48,31,35,0.6562499999999999,0.7395833333333333,-2.5311101539311496,1.9923859968017286e-12
TRT,48,31,36,0.6562499999999999,0.7604166666666666,-2.5311101539311482,1.9899895449707078e-12
TRT,48,31,37,0.6562499999999999,0.7812499999999999,-2.487802157441085,1.9919870054466577e-12
TRT,48,31,38,0.6562499999999999,0.8020833333333333,-2.4019271762881327,2.002280610733084e-12
TRT,48,31,39,0.6562499999999999,0.8229166666666666,-2.2749545552088746,2.0103330288841608e-12
TRT,48,31,40,0.6562499999999999,0.8437499999999999,-2.1090568309534437,2.0249753102626294e-12
TRT,48,31,41,0.6562499999999999,0.8645833333333333,-1.9070725595793834,2.0336231776823236e-12
TRT,48,31,42,0.6562499999999999,0.8854166666666666,-1.6724577479704763,2.038584022531352e-12
TRT,48,31,43,0.6562499999999999,0.9062499999999999,-1.4092267206009155,2.0607758988527135e-12
TRT,48,31,44,0.6562499999999999,0.9270833333333333,-1.1218834333303958,2.062410608205696e-12
TRT,48,31,45,0.6562499999999999,0.9479166666666666,-0.8153444094707522,2.083190351899137e-12
TRT,48,31,46,0.6562499999999999,0.9687499999999999,-0.4948546167088886,2.0808016488800087e-12
TRT,48,31,47,0.6562499999999999,0.9895833333333333,-0.1658977242555118,2.079832651213572e-12
TRT,48,32,0,0.6770833333333333,0.010416666666666666,0.1658977242554119,2.2495689950211493e-12
TRT,48,32,1,0.6770833333333333,0.03125,0.4948546167087924,2.2386133209130603e-12
TRT,48,32,2,0.6770833333333333,0.05208333333333333,0.8153444094706656,2.2594709996533694e-12
TRT,48,32,3,0.6770833333333333,0.07291666666666667,1.121883433330314,2.2557672391064447e-12
TRT,48,32,4,0.6770833333333333,0.09375,1.4092267206008333,2.251143955470228e-12
TRT,48,32,5,0.6770833333333333,0.11458333333333333,1.6724577479703864,2.2749935057643626e-12
TRT,48,32,6,0.6770833333333333,0.13541666666666666,1.9070725595793008,2.274808049833281e-12
TRT,48,32,7,0.6770833333333333,0.15624999999999997,2.109056830953368,2.292470752016966e-12
TRT,48,32,8,0.6770833333333333,0.17708333333333331,2.2749545552088235,2.307386812596686e-12
TRT,48,32,9,0.6770833333333333,0.19791666666666666,2.401927176288071,2.3137104051081667e-12
TRT,48,32,10,0.6770833333333333,0.21874999999999997,2.4878021574410543,2.313978475916094e-12
TRT,48,32,11,0.6770833333333333,0.23958333333333331,2.5311101539311402,2.3110331146707003e-12
TRT,48,32,12,0.6770833333333333,0.2604166666666667,2.5311101539311602,2.312368827858478e-12
TRT,48,32,13,0.6770833333333333,0.28125,2.4878021574410902,2.316286154352141e-12
TRT,48,32,14,0.6770833333333333,0.3020833333333333,2.401927176288146,2.3022041900625995e-12
TRT,48,32,15,0.6770833333333333,0.3229166666666667,2.274954555208882,2.31318928952006e-12
TRT,48,32,16,0.6770833333333333,0.34375,2.109056830953438,2.3089491643336996e-12
TRT,48,32,17,0.6770833333333333,0.3645833333333333,1.907072559579382,2.2877563478382926e-12
TRT,48,32,18,0.6770833333333333,0.3854166666666667,1.6724577479704936,2.274031637435716e-12
TRT,48,32,19,0.6770833333333333,0.40625,1.4092267206009301,2.2738002648375737e-12
TRT,48,32,20,0.6770833333333333,0.4270833333333333,1.1218834333304195,2.2633632575753318e-12
TRT,48,32,21,0.6770833333333333,0.4479166666666667,0.8153444094707832,2.259073763952903e-12
TRT,48,32,22,0.6770833333333333,0.46875,0.4948546167089018,2.243937698308476e-12
TRT,48,32,23,0.6770833333333333,0.4895833333333333,0.16589772425553428,2.256456656869669e-12
TRT,48,32,24,0.6770833333333333,0.5104166666666666,-0.1658977242554061,2.2577925585308296e-12
TRT,48,32,25,0.6770833333333333,0.5312499999999999,-0.4948546167087789,2.240048705861225e-12
TRT,48,32,26,0.6770833333333333,0.5520833333333333,-0.8153444094706609,2.2585583119617565e-12
TRT,48,32,27,0.6770833333333333,0.5729166666666666,-1.1218834333302945,2.2575749480825066e-12
TRT,48,32,28,0.6770833333333333,0.5937499999999999,-1.4092267206008047,2.2410948239109958e-12
TRT,48,32,29,0.6770833333333333,0.6145833333333333,-1.672457747970369,2.2369093082399823e-12
TRT,48,32,30,0.6770833333333333,0.6354166666666666,-1.907072559579254,2.2208689325098066e-12
TRT,48,32,31,0.6770833333333333,0.6562499999999999,-2.1090568309533513,2.2086537876634094e-12
TRT,48,32,32,0.6770833333333333,0.6770833333333333,-2.274954555208794,2.2009772974320495e-12
TRT,48,32,33,0.6770833333333333,0.6979166666666666,-2.401927176288063,2.1803207480946732e-12
TRT,48,32,34,0.6770833333333333,0.7187499999999999,-2.487802157441045,2.170713475248334e-12
TRT,48,32,35,0.6770833333333333,0.7395833333333333,-2.5311101539311296,2.1660744689160818e-12
TRT,48,32,36,0.6770833333333333,0.7604166666666666,-2.5311101539311522,2.178777724614987e-12
TRT,48,32,37,0.6770833333333333,0.7812499999999999,-2.4878021574410702,2.177719143479411e-12
TRT,48,32,38,0.6770833333333333,0.8020833333333333,-2.401927176288126,2.175078770661532e-12
TRT,48,32,39,0.6770833333333333,0.8229166666666666,-2.274954555208873,2.1896188638420927e-12
TRT,48,32,40,0.6770833333333333,0.8437499999999999,-2.1090568309534397,2.2024174549353214e-12
TRT,48,32,41,0.6770833333333333,0.8645833333333333,-1.907072559579384,2.214497266483273e-12
TRT,48,32,42,0.6770833333333333,0.8854166666666666,-1.6724577479704856,2.221538725145844e-12
TRT,48,32,43,0.6770833333333333,0.9062499999999999,-1.4092267206009204,2.2191738117728488e-12
TRT,48,32,44,0.6770833333333333,0.9270833333333333,-1.1218834333304089,2.2321395819026215e-12
TRT,48,32,45,0.6770833333333333,0.9479166666666666,-0.8153444094707608,2.245530144347472e-12
TRT,48,32,46,0.6770833333333333,0.9687499999999999,-0.4948546167088989,2.24798071819965e-12
TRT,48,32,47,0.6770833333333333,0.9895833333333333,-0.16589772425552088,2.2496763028451863e-12
TRT,48,33,0,0.6979166666666666,0.010416666666666666,0.16589772425540072,2.377480288263768e-12
TRT,48,33,1,0.6979166666666666,0.03125,0.4948546167087933,2.3868649188267804e-12
TRT,48,33,2,0.6979166666666666,0.05208333333333333,0.8153444094706753,2.3719012150555833e-12
TRT,48,33,3,0.6979166666666666,0.07291666666666667,1.1218834333303074,2.378914479850486e-12
TRT,48,33,4,0.6979166666666666,0.09375,1.4092267206008315,2.380477234857177e-12
TRT,48,33,5,0.6979166666666666,0.11458333333333333,1.672457747970381,2.3823540934471404e-12
TRT,48,33,6,0.6979166666666666,0.13541666666666666,1.9070725595792855,2.4048069051434454e-12
TRT,48,33,7,0.6979166666666666,0.15624999999999997,2.1090568309533717,2.407100389173347e-12
TRT,48,33,8,0.6979166666666666,0.17708333333333331,2.274954555208808,2.419886637927162e-12
TRT,48,33,9,0.6979166666666666,0.19791666666666666,2.4019271762880687,2.42466895182082e-12
TRT,48,33,10,0.6979166666666666,0.21874999999999997,2.4878021574410503,2.431008612564091e-12
TRT,48,33,11,0.6979166666666666,0.23958333333333331,2.531110153931139,2.416839062812244e-12
TRT,48,33,12,0.6979166666666666,0.2604166666666667,2.5311101539311656,2.4240362179393875e-12
TRT,48,33,13,0.6979166666666666,0.28125,2.4878021574410965,2.427258356264548e-12
TRT,48,33,14,0.6979166666666666,0.3020833333333333,2.401927176288139,2.4336907173910547e-12
TRT,48,33,15,0.6979166666666666,0.3229166666666667,2.274954555208884,2.416418876214116e-12
TRT,48,33,16,0.6979166666666666,0.34375,2.1090568309534454,2.407918214610826e-12
TRT,48,33,17,0.6979166666666666,0.3645833333333333,1.9070725595793814,2.3997366273277906e-12
TRT,48,33,18,0.6979166666666666,0.3854166666666667,1.6724577479704952,2.4046269965157686e-12
TRT,48,33,19,0.6979166666666666,0.40625,1.4092267206009232,2.3904905613363477e-12
TRT,48,33,20,0.6979166666666666,0.4270833333333333,1.1218834333304164,2.388961716203783e-12
TRT,48,33,21,0.6979166666666666,0.4479166666666667,0.8153444094707699,2.384633269757582e-12
TRT,48,33,22,0.6979166666666666,0.46875,0.49485461670890596,2.3797888008779755e-12
TRT,48,33,23,0.6979166666666666,0.4895833333333333,0.16589772425552268,2.38474201555398e-12
TRT,48,33,24,0.6979166666666666,0.5104166666666666,-0.16589772425540603,2.3799835566543822e-12
TRT,48,33,25,0.6979166666666666,0.5312499999999999,-0.4948546167087839,2.3889385420404433e-12
TRT,48,33,26,0.6979166666666666,0.5520833333333333,-0.815344409470657,2.3844768779180668e-12
TRT,48,33,27,0.6979166666666666,0.5729166666666666,-1.1218834333303063,2.3847769223675665e-12
TRT,48,33,28,0.6979166666666666,0.5937499999999999,-1.4092267206008153,2.3772896795506046e-12
TRT,48,33,29,0.6979166666666666,0.6145833333333333,-1.672457747970369,2.3606200273543544e-12
TRT,48,33,30,0.6979166666666666,0.6354166666666666,-1.9070725595792686,2.3569696163379246e-12
TRT,48,33,31,0.6979166666666666,0.6562499999999999,-2.109056830953342,2.3443222858807947e-12
TRT,48,33,32,0.6979166666666666,0.6770833333333333,-2.274954555208788,2.339044854203182e-12
TRT,48,33,33,0.6979166666666666,0.6979166666666666,-2.4019271762880705,2.323092106849345e-12
TRT,48,33,34,0.6979166666666666,0.7187499999999999,-2.487802157441053,2.3267145186450735e-12
TRT,48,33,35,0.6979166666666666,0.7395833333333333,-2.5311101539311434,2.311119766885145e-12
TRT,48,33,36,0.6979166666666666,0.7604166666666666,-2.531110153931151,2.311695061403496e-12
TRT,48,33,37,0.6979166666666666,0.7812499999999999,-2.4878021574410893,2.3189505130505745e-12
TRT,48,33,38,0.6979166666666666,0.8020833333333333,-2.401927176288133,2.318160752636797e-12
TRT,48,33,39,0.6979166666666666,0.8229166666666666,-2.2749545552088746,2.329142581162645e-12
TRT,48,33,40,0.6979166666666666,0.8437499999999999,-2.10905683095344,2.3324574197782306e-12
TRT,48,33,41,0.6979166666666666,0.8645833333333333,-1.9070725595793911,2.345179839236307e-12
TRT,48,33,42,0.6979166666666666,0.8854166666666666,-1.6724577479704992,2.350977160804795e-12
TRT,48,33,43,0.6979166666666666,0.9062499999999999,-1.4092267206009192,2.3645397145605e-12
TRT,48,33,44,0.6979166666666666,0.9270833333333333,-1.1218834333304044,2.367198289375455e-12
TRT,48,33,45,0.6979166666666666,0.9479166666666666,-0.8153444094707666,2.3821387815320715e-12
TRT,48,33,46,0.6979166666666666,0.9687499999999999,-0.4948546167088938,2.379143721477063e-12
TRT,48,33,47,0.6979166666666666,0.9895833333333333,-0.1658977242555204,2.3884068862243564e-12
TRT,48,34,0,0.7187499999999999,0.010416666666666666,0.1658977242554037,2.470728182079021e-12
TRT,48,34,1,0.7187499999999999,0.03125,0.4948546167087905,2.472156068647129e-12
TRT,48,34,2,0.7187499999999999,0.05208333333333333,0.8153444094706596,2.465974539472426e-12
TRT,48,34,3,0.7187499999999999,0.07291666666666667,1.121883433330315,2.4633141900097124e-12
TRT,48,34,4,0.7187499999999999,0.09375,1.40922672060082,2.4517078141030213e-12
TRT,48,34,5,0.7187499999999999,0.11458333333333333,1.672457747970397,2.4624268408911164e-12
TRT,48,34,6,0.7187499999999999,0.13541666666666666,1.907072559579284,2.4842634137151377e-12
TRT,48,34,7,0.7187499999999999,0.15624999999999997,2.1090568309533695,2.4844062767429687e-12
TRT,48,34,8,0.7187499999999999,0.17708333333333331,2.2749545552088124,2.4814912569341905e-12
TRT,48,34,9,0.7187499999999999,0.19791666666666666,2.4019271762880807,2.4977935793582426e-12
TRT,48,34,10,0.7187499999999999,0.21874999999999997,2.4878021574410565,2.491702391983748e-12
TRT,48,34,11,0.7187499999999999,0.23958333333333331,2.5311101539311416,2.493044225643366e-12
TRT,48,34,12,0.7187499999999999,0.2604166666666667,2.531110153931167,2.491615328951502e-12
TRT,48,34,13,0.7187499999999999,0.28125,2.4878021574410925,2.4847439948386253e-12
TRT,48,34,14,0.7187499999999999,0.3020833333333333,2.401927176288136,2.4887900766523135e-12
TRT,48,34,15,0.7187499999999999,0.3229166666666667,2.2749545552088724,2.4941218443908173e-12
TRT,48,34,16,0.7187499999999999,0.34375,2.109056830953438,2.4861484926907625e-12
TRT,48,34,17,0.7187499999999999,0.3645833333333333,1.9070725595793918,2.4809939660598402e-12
TRT,48,34,18,0.7187499999999999,0.3854166666666667,1.672457747970489,2.4689209456162664e-12
TRT,48,34,19,0.7187499999999999,0.40625,1.4092267206009268,2.4793576109273345e-12
TRT,48,34,20,0.7187499999999999,0.4270833333333333,1.121883433330419,2.4815001921072724e-12
TRT,48,34,21,0.7187499999999999,0.4479166666666667,0.8153444094707708,2.4809104842641265e-12
TRT,48,34,22,0.7187499999999999,0.46875,0.4948546167088944,2.4613855691466504e-12
TRT,48,34,23,0.7187499999999999,0.4895833333333333,0.16589772425552393,2.469430110776056e-12
TRT,48,34,24,0.7187499999999999,0.5104166666666666,-0.16589772425540728,2.4815838449650572e-12
TRT,48,34,25,0.7187499999999999,0.5312499999999999,-0.4948546167087895,2.4643496685979754e-12
TRT,48,34,26,0.7187499999999999,0.5520833333333333,-0.8153444094706622,2.4718308117690587e-12
TRT,48,34,27,0.7187499999999999,0.5729166666666666,-1.1218834333303023,2.4740714950171826e-12
TRT,48,34,28,0.7187499999999999,0.5937499999999999,-1.409226720600814,2.473168638005015e-12
TRT,48,34,29,0.7187499999999999,0.6145833333333333,-1.6724577479703684,2.4719242982859694e-12
TRT,48,34,30,0.7187499999999999,0.6354166666666666,-1.9070725595792606,2.4591107051709484e-12
TRT,48,34,31,0.7187499999999999,0.6562499999999999,-2.109056830953336,2.4560913474496918e-12
TRT,48,34,32,0.7187499999999999,0.6770833333333333,-2.274954555208791,2.43816401912995e-12
TRT,48,34,33,0.7187499999999999,0.6979166666666666,-2.4019271762880514,2.415780554106594e-12
TRT,48,34,34,0.7187499999999999,0.7187499999999999,-2.487802157441042,2.421158250629845e-12
TRT,48,34,35,0.7187499999999999,0.7395833333333333,-2.531110153931142,2.4163985138660815e-12
TRT,48,34,36,0.7187499999999999,0.7604166666666666,-2.5311101539311474,2.4251395232791744e-12
TRT,48,34,37,0.7187499999999999,0.7812499999999999,-2.48780215744109,2.4305281402761246e-12
TRT,48,34,38,0.7187499999999999,0.8020833333333333,-2.40192717628813,2.422516753209455e-12
TRT,48,34,39,0.7187499999999999,0.8229166666666666,-2.2749545552088786,2.439388241454092e-12
TRT,48,34,40,0.7187499999999999,0.8437499999999999,-2.109056830953449,2.441583669059061e-12
TRT,48,34,41,0.7187499999999999,0.8645833333333333,-1.9070725595793825,2.4309107600670027e-12
TRT,48,34,42,0.7187499999999999,0.8854166666666666,-1.672457747970493,2.4559696284803554e-12
TRT,48,34,43,0.7187499999999999,0.9062499999999999,-1.4092267206009121,2.4558854533199768e-12
TRT,48,34,44,0.7187499999999999,0.9270833333333333,-1.1218834333304106,2.4445175757041326e-12
TRT,48,34,45,0.7187499999999999,0.9479166666666666,-0.8153444094707459,2.4620784691148683e-12
TRT,48,34,46,0.7187499999999999,0.9687499999999999,-0.49485461670888875,2.469573564437423e-12
TRT,48,34,47,0.7187499999999999,0.9895833333333333,-0.16589772425551086,2.459333338871009e-12
TRT,48,35,0,0.7395833333333333,0.010416666666666666,0.16589772425541277,2.504178852756446e-12
TRT,48,35,1,0.7395833333333333,0.03125,0.4948546167087999,2.5216252127334888e-12
TRT,48,35,2,0.7395833333333333,0.05208333333333333,0.8153444094706712,2.509140930048344e-12
TRT,48,35,3,0.7395833333333333,0.07291666666666667,1.1218834333303176,2.5080913488061127e-12
TRT,48,35,4,0.7395833333333333,0.09375,1.4092267206008324,2.5100243142716738e-12
TRT,48,35,5,0.7395833333333333,0.11458333333333333,1.6724577479703937,2.504606665901036e-12
TRT,48,35,6,0.7395833333333333,0.13541666666666666,1.9070725595793052,2.512496062212778e-12
TRT,48,35,7,0.7395833333333333,0.15624999999999997,2.109056830953367,2.517554334424063e-12
TRT,48,35,8,0.7395833333333333,0.17708333333333331,2.274954555208824,2.5200376500131445e-12
TRT,48,35,9,0.7395833333333333,0.19791666666666666,2.401927176288083,2.5221285812245485e-12
TRT,48,35,10,0.7395833333333333,0.21874999999999997,2.4878021574410414,2.5171395213166007e-12
TRT,48,35,11,0.7395833333333333,0.23958333333333331,2.5311101539311402,2.5075923806825175e-12
TRT,48,35,12,0.7395833333333333,0.2604166666666667,2.53111015393116,2.5129351133199537e-12
TRT,48,35,13,0.7395833333333333,0.28125,2.4878021574410907,2.5098637529695163e-12
TRT,48,35,14,0.7395833333333333,0.3020833333333333,2.4019271762881393,2.5248842848997704e-12
TRT,48,35,15,0.7395833333333333,0.3229166666666667,2.2749545552088746,2.5064316374945268e-12
TRT,48,35,16,0.7395833333333333,0.34375,2.109056830953448,2.518222123197203e-12
TRT,48,35,17,0.7395833333333333,0.3645833333333333,1.907072559579378,2.5122260055031763e-12
TRT,48,35,18,0.7395833333333333,0.3854166666666667,1.6724577479704918,2.5154043831505406e-12
TRT,48,35,19,0.7395833333333333,0.40625,1.4092267206009328,2.5219767183283904e-12
TRT,48,35,20,0.7395833333333333,0.4270833333333333,1.12188343333041,2.5199321718196196e-12
TRT,48,35,21,0.7395833333333333,0.4479166666666667,0.8153444094707569,2.5114874395087313e-12
TRT,48,35,22,0.7395833333333333,0.46875,0.4948546167088831,2.5181017963360776e-12
TRT,48,35,23,0.7395833333333333,0.4895833333333333,0.16589772425551455,2.5247098608031484e-12
TRT,48,35,24,0.7395833333333333,0.5104166666666666,-0.16589772425541816,2.5131886494864026e-12
TRT,48,35,25,0.7395833333333333,0.5312499999999999,-0.4948546167087965,2.5184752228435507e-12
TRT,48,35,26,0.7395833333333333,0.5520833333333333,-0.8153444094706527,2.5185421378897304e-12
TRT,48,35,27,0.7395833333333333,0.5729166666666666,-1.121883433330299,2.5177084089202855e-12
TRT,48,35,28,0.7395833333333333,0.5937499999999999,-1.4092267206008033,2.5157159177937368e-12
TRT,48,35,29,0.7395833333333333,0.6145833333333333,-1.6724577479703677,2.5145766415458947e-12
TRT,48,35,30,0.7395833333333333,0.6354166666666666,-1.9070725595792621,2.513817004457882e-12
TRT,48,35,31,0.7395833333333333,0.6562499999999999,-2.1090568309533357,2.5012752181309683e-12
TRT,48,35,32,0.7395833333333333,0.6770833333333333,-2.2749545552087915,2.5082214451672668e-12
TRT,48,35,33,0.7395833333333333,0.6979166666666666,-2.4019271762880536,2.490028869309829e-12
TRT,48,35,34,0.7395833333333333,0.7187499999999999,-2.4878021574410396,2.482446767714742e-12
TRT,48,35,35,0.7395833333333333,0.7395833333333333,-2.531110153931143,2.4789006328009193e-12
TRT,48,35,36,0.7395833333333333,0.7604166666666666,-2.5311101539311442,2.4803662451594393e-12
TRT,48,35,37,0.7395833333333333,0.7812499999999999,-2.4878021574411,2.486059767592849e-12
TRT,48,35,38,0.7395833333333333,0.8020833333333333,-2.4019271762881416,2.4893786172892474e-12
TRT,48,35,39,0.7395833333333333,0.8229166666666666,-2.2749545552088852,2.493997995726085e-12
TRT,48,35,40,0.7395833333333333,0.8437499999999999,-2.10905683095346,2.4963455517901257e-12
TRT,48,35,41,0.7395833333333333,0.8645833333333333,-1.9070725595793891,2.493049865277697e-12
TRT,48,35,42,0.7395833333333333,0.8854166666666666,-1.6724577479704983,2.497241654244839e-12
TRT,48,35,43,0.7395833333333333,0.9062499999999999,-1.4092267206009277,2.5035358027484494e-12
TRT,48,35,44,0.7395833333333333,0.9270833333333333,-1.1218834333304146,2.5053718399323917e-12
TRT,48,35,45,0.7395833333333333,0.9479166666666666,-0.8153444094707561,2.518515876556769e-12
TRT,48,35,46,0.7395833333333333,0.9687499999999999,-0.49485461670889214,2.5015036987780377e-12
TRT,48,35,47,0.7395833333333333,0.9895833333333333,-0.1658977242555116,2.5101443839369463e-12
TRT,48,36,0,0.7604166666666666,0.010416666666666666,0.16589772425542468,2.5187658359491872e-12
TRT,48,36,1,0.7604166666666666,0.03125,0.49485461670880365,2.5266063946172787e-12
TRT,48,36,2,0.7604166666666666,0.05208333333333333,0.8153444094706637,2.5135820971784234e-12
TRT,48,36,3,0.7604166666666666,0.07291666666666667,1.1218834333303276,2.5098341328023464e-12
TRT,48,36,4,0.7604166666666666,0.09375,1.4092267206008318,2.491805191947567e-12
TRT,48,36,5,0.7604166666666666,0.11458333333333333,1.6724577479704013,2.50428567072285e-12
TRT,48,36,6,0.7604166666666666,0.13541666666666666,1.907072559579294,2.5071270553514098e-12
TRT,48,36,7,0.7604166666666666,0.15624999999999997,2.109056830953369,2.4969312994680973e-12
TRT,48,36,8,0.7604166666666666,0.17708333333333331,2.274954555208816,2.4983230554878308e-12
TRT,48,36,9,0.7604166666666666,0.19791666666666666,2.4019271762880816,2.487325719310905e-12
TRT,48,36,10,0.7604166666666666,0.21874999999999997,2.487802157441058,2.488777997627356e-12
TRT,48,36,11,0.7604166666666666,0.23958333333333331,2.531110153931151,2.5065347478909788e-12
TRT,48,36,12,0.7604166666666666,0.2604166666666667,2.5311101539311496,2.4921320141380617e-12
TRT,48,36,13,0.7604166666666666,0.28125,2.4878021574410973,2.4923498553290375e-12
TRT,48,36,14,0.7604166666666666,0.3020833333333333,2.401927176288129,2.4955339265735684e-12
TRT,48,36,15,0.7604166666666666,0.3229166666666667,2.27495455520888,2.5016211580406926e-12
TRT,48,36,16,0.7604166666666666,0.34375,2.109056830953442,2.4972864248465823e-12
TRT,48,36,17,0.7604166666666666,0.3645833333333333,1.9070725595793907,2.50019585761302e-12
TRT,48,36,18,0.7604166666666666,0.3854166666666667,1.672457747970489,2.512136027191103e-12
TRT,48,36,19,0.7604166666666666,0.40625,1.4092267206009206,2.51134423190464e-12
TRT,48,36,20,0.7604166666666666,0.4270833333333333,1.1218834333304046,2.512285920132999e-12
TRT,48,36,21,0.7604166666666666,0.4479166666666667,0.8153444094707523,2.5240850159014466e-12
TRT,48,36,22,0.7604166666666666,0.46875,0.49485461670888875,2.516896103116465e-12
TRT,48,36,23,0.7604166666666666,0.4895833333333333,0.1658977242555162,2.521245977533447e-12
TRT,48,36,24,0.7604166666666666,0.5104166666666666,-0.16589772425541002,2.5274416556328186e-12
TRT,48,36,25,0.7604166666666666,0.5312499999999999,-0.49485461670878367,2.5242735367412037e-12
TRT,48,36,26,0.7604166666666666,0.5520833333333333,-0.8153444094706472,2.5226769628285468e-12
TRT,48,36,27,0.7604166666666666,0.5729166666666666,-1.1218834333302954,2.5167791067642408e-12
TRT,48,36,28,0.7604166666666666,0.5937499999999999,-1.4092267206007976,2.5175264381179787e-12
TRT,48,36,29,0.7604166666666666,0.6145833333333333,-1.672457747970366,2.5207564812274295e-12
TRT,48,36,30,0.7604166666666666,0.6354166666666666,-1.9070725595792595,2.526901631598444e-12
TRT,48,36,31,0.7604166666666666,0.6562499999999999,-2.109056830953338,2.519976174659146e-12
TRT,48,36,32,0.7604166666666666,0.6770833333333333,-2.2749545552087853,2.521153468962964e-12
TRT,48,36,33,0.7604166666666666,0.6979166666666666,-2.401927176288069,2.5110674428408845e-12
TRT,48,36,34,0.7604166666666666,0.7187499999999999,-2.487802157441036,2.497207053786999e-12
TRT,48,36,35,0.7604166666666666,0.7395833333333333,-2.531110153931137,2.4997226417574082e-12
TRT,48,36,36,0.7604166666666666,0.7604166666666666,-2.5311101539311482,2.5019345770203053e-12
TRT,48,36,37,0.7604166666666666,0.7812499999999999,-2.4878021574410965,2.5089796888409865e-12
TRT,48,36,38,0.7604166666666666,0.8020833333333333,-2.401927176288132,2.5057941013222316e-12
TRT,48,36,39,0.7604166666666666,0.8229166666666666,-2.2749545552088852,2.5201711719925874e-12
TRT,48,36,40,0.7604166666666666,0.8437499999999999,-2.1090568309534485,2.532218533372838e-12
TRT,48,36,41,0.7604166666666666,0.8645833333333333,-1.9070725595793978,2.49753058242369e-12
TRT,48,36,42,0.7604166666666666,0.8854166666666666,-1.6724577479704879,2.506752313190222e-12
TRT,48,36,43,0.7604166666666666,0.9062499999999999,-1.409226720600942,2.5088684289236774e-12
TRT,48,36,44,0.7604166666666666,0.9270833333333333,-1.1218834333304013,2.4989219699125035e-12
TRT,48,36,45,0.7604166666666666,0.9479166666666666,-0.8153444094707756,2.5079837446085835e-12
TRT,48,36,46,0.7604166666666666,0.9687499999999999,-0.49485461670888625,2.5101126071232113e-12
TRT,48,36,47,0.7604166666666666,0.9895833333333333,-0.16589772425551463,2.5046995059300656e-12
TRT,48,37,0,0.7812499999999999,0.010416666666666666,0.1658977242554122,2.4678357832195093e-12
TRT,48,37,1,0.7812499999999999,0.03125,0.49485461670879055,2.4648835642870715e-12
TRT,48,37,2,0.7812499999999999,0.05208333333333333,0.8153444094706633,2.4746363607895254e-12
TRT,48,37,3,0.7812499999999999,0.07291666666666667,1.1218834333303174,2.4755098940023102e-12
TRT,48,37,4,0.7812499999999999,0.09375,1.4092267206008273,2.462144130022522e-12
TRT,48,37,5,0.7812499999999999,0.11458333333333333,1.6724577479704033,2.4561466032433593e-12
TRT,48,37,6,0.7812499999999999,0.13541666666666666,1.9070725595792992,2.4494453691471163e-12
TRT,48,37,7,0.7812499999999999,0.15624999999999997,2.109056830953372,2.446404193523881e-12
TRT,48,37,8,0.7812499999999999,0.17708333333333331,2.274954555208819,2.441514080738006e-12
TRT,48,37,9,0.7812499999999999,0.19791666666666666,2.401927176288084,2.4405984972515388e-12
TRT,48,37,10,0.7812499999999999,0.21874999999999997,2.4878021574410623,2.4419511124587883e-12
TRT,48,37,11,0.7812499999999999,0.23958333333333331,2.531110153931155,2.4177542129881374e-12
TRT,48,37,12,0.7812499999999999,0.2604166666666667,2.531110153931155,2.4284884421086652e-12
TRT,48,37,13,0.7812499999999999,0.28125,2.4878021574410907,2.426635874903384e-12
TRT,48,37,14,0.7812499999999999,0.3020833333333333,2.4019271762881282,2.4437436449784663e-12
TRT,48,37,15,0.7812499999999999,0.3229166666666667,2.274954555208873,2.4315395128885278e-12
TRT,48,37,16,0.7812499999999999,0.34375,2.1090568309534383,2.4439516371351047e-12
TRT,48,37,17,0.7812499999999999,0.3645833333333333,1.907072559579386,2.4521243275568693e-12
TRT,48,37,18,0.7812499999999999,0.3854166666666667,1.6724577479704912,2.44992751688999e-12
TRT,48,37,19,0.7812499999999999,0.40625,1.4092267206009153,2.4666226421318364e-12
TRT,48,37,20,0.7812499999999999,0.4270833333333333,1.1218834333304042,2.470935232867145e-12
TRT,48,37,21,0.7812499999999999,0.4479166666666667,0.8153444094707559,2.4752535132690926e-12
TRT,48,37,22,0.7812499999999999,0.46875,0.4948546167088861,2.488375738174962e-12
TRT,48,37,23,0.7812499999999999,0.4895833333333333,0.16589772425552204,2.48743726019446e-12
TRT,48,37,24,0.7812499999999999,0.5104166666666666,-0.16589772425540472,2.478600205646932e-12
TRT,48,37,25,0.7812499999999999,0.5312499999999999,-0.49485461670878805,2.4851464037903024e-12
TRT,48,37,26,0.7812499999999999,0.5520833333333333,-0.8153444094706562,2.4704043783201767e-12
TRT,48,37,27,0.7812499999999999,0.5729166666666666,-1.1218834333302956,2.469366588990393e-12
TRT,48,37,28,0.7812499999999999,0.5937499999999999,-1.4092267206008056,2.474125407550452e-12
TRT,48,37,29,0.7812499999999999,0.6145833333333333,-1.6724577479703624,2.47810315971951e-12
TRT,48,37,30,0.7812499999999999,0.6354166666666666,-1.9070725595792646,2.4902834961030873e-12
TRT,48,37,31,0.7812499999999999,0.6562499999999999,-2.1090568309533375,2.4840778252819127e-12
TRT,48,37,32,0.7812499999999999,0.6770833333333333,-2.274954555208784,2.4827224931926784e-12
TRT,48,37,33,0.7812499999999999,0.6979166666666666,-2.4019271762880585,2.492692575784022e-12
TRT,48,37,34,0.7812499999999999,0.7187499999999999,-2.4878021574410303,2.493674141766246e-12
TRT,48,37,35,0.7812499999999999,0.7395833333333333,-2.5311101539311336,2.4742912627797222e-12
TRT,48,37,36,0.7812499999999999,0.7604166666666666,-2.531110153931135,2.4781769457922426e-12
TRT,48,37,37,0.7812499999999999,0.7812499999999999,-2.4878021574410925,2.480244986902797e-12
TRT,48,37,38,0.7812499999999999,0.8020833333333333,-2.401927176288139,2.482539408935932e-12
TRT,48,37,39,0.7812499999999999,0.8229166666666666,-2.2749545552088786,2.490678242557133e-12
TRT,48,37,40,0.7812499999999999,0.8437499999999999,-2.109056830953462,2.487327148651983e-12
TRT,48,37,41,0.7812499999999999,0.8645833333333333,-1.9070725595794054,2.4822468613180183e-12
TRT,48,37,42,0.7812499999999999,0.8854166666666666,-1.6724577479705036,2.4621618745315524e-12
TRT,48,37,43,0.7812499999999999,0.9062499999999999,-1.409226720600939,2.4711864941204867e-12
TRT,48,37,44,0.7812499999999999,0.9270833333333333,-1.1218834333304288,2.466695690914828e-12
TRT,48,37,45,0.7812499999999999,0.9479166666666666,-0.8153444094707635,2.4681098684068014e-12
TRT,48,37,46,0.7812499999999999,0.9687499999999999,-0.49485461670890296,2.468928441771079e-12
TRT,48,37,47,0.7812499999999999,0.9895833333333333,-0.1658977242555122,2.470213953690241e-12
TRT,48,38,0,0.8020833333333333,0.010416666666666666,0.16589772425541333,2.3779024986046513e-12
TRT,48,38,1,0.8020833333333333,0.03125,0.4948546167088058,2.3934718723702686e-12
TRT,48,38,2,0.8020833333333333,0.05208333333333333,0.815344409470674,2.3924192815504287e-12
TRT,48,38,3,0.8020833333333333,0.07291666666666667,1.12188343333032,2.385220109364859e-12
TRT,48,38,4,0.8020833333333333,0.09375,1.4092267206008349,2.3726179648246922e-12
TRT,48,38,5,0.8020833333333333,0.11458333333333333,1.672457747970397,2.375306848098438e-12
TRT,48,38,6,0.8020833333333333,0.13541666666666666,1.9070725595792988,2.354496621157907e-12
TRT,48,38,7,0.8020833333333333,0.15624999999999997,2.1090568309533784,2.345310091594429e-12
TRT,48,38,8,0.8020833333333333,0.17708333333333331,2.274954555208821,2.3402621492119247e-12
TRT,48,38,9,0.8020833333333333,0.19791666666666666,2.4019271762880816,2.3286548286873164e-12
TRT,48,38,10,0.8020833333333333,0.21874999999999997,2.4878021574410543,2.3254732593101703e-12
TRT,48,38,11,0.8020833333333333,0.23958333333333331,2.531110153931143,2.326078235797758e-12
TRT,48,38,12,0.8020833333333333,0.2604166666666667,2.5311101539311514,2.314828709684525e-12
TRT,48,38,13,0.8020833333333333,0.28125,2.4878021574410876,2.32333417472264e-12
TRT,48,38,14,0.8020833333333333,0.3020833333333333,2.401927176288122,2.3328960001013922e-12
TRT,48,38,15,0.8020833333333333,0.3229166666666667,2.274954555208863,2.338609307923635e-12
TRT,48,38,16,0.8020833333333333,0.34375,2.109056830953428,2.3401488516006123e-12
TRT,48,38,17,0.8020833333333333,0.3645833333333333,1.9070725595793745,2.3596422048716353e-12
TRT,48,38,18,0.8020833333333333,0.3854166666666667,1.6724577479704725,2.365499693013607e-12
TRT,48,38,19,0.8020833333333333,0.40625,1.40922672060091,2.3645615481650746e-12
TRT,48,38,20,0.8020833333333333,0.4270833333333333,1.1218834333303986,2.378103642167241e-12
TRT,48,38,21,0.8020833333333333,0.4479166666666667,0.8153444094707535,2.3918799645958047e-12
TRT,48,38,22,0.8020833333333333,0.46875,0.4948546167088861,2.396859405067973e-12
TRT,48,38,23,0.8020833333333333,0.4895833333333333,0.16589772425550972,2.399926308519213e-12
TRT,48,38,24,0.8020833333333333,0.5104166666666666,-0.16589772425541127,2.3930715401475936e-12
TRT,48,38,25,0.8020833333333333,0.5312499999999999,-0.4948546167087852,2.3901248237675157e-12
TRT,48,38,26,0.8020833333333333,0.5520833333333333,-0.8153444094706629,2.39548770972701e-12
TRT,48,38,27,0.8020833333333333,0.5729166666666666,-1.1218834333302867,2.388541799346471e-12
TRT,48,38,28,0.8020833333333333,0.5937499999999999,-1.409226720600797,2.391546928933239e-12
TRT,48,38,29,0.8020833333333333,0.6145833333333333,-1.672457747970356,2.397980303149004e-12
TRT,48,38,30,0.8020833333333333,0.6354166666666666,-1.9070725595792526,2.4181675301035462e-12
TRT,48,38,31,0.8020833333333333,0.6562499999999999,-2.1090568309533264,2.4234867068232783e-12
TRT,48,38,32,0.8020833333333333,0.6770833333333333,-2.2749545552087804,2.415073790747621e-12
TRT,48,38,33,0.8020833333333333,0.6979166666666666,-2.401927176288041,2.426957576186589e-12
TRT,48,38,34,0.8020833333333333,0.7187499999999999,-2.487802157441041,2.4157985158962015e-12
TRT,48,38,35,0.8020833333333333,0.7395833333333333,-2.5311101539311256,2.4212481930339083e-12
TRT,48,38,36,0.8020833333333333,0.7604166666666666,-2.5311101539311482,2.4137240335431115e-12
TRT,48,38,37,0.8020833333333333,0.7812499999999999,-2.487802157441098,2.4055473200560647e-12
TRT,48,38,38,0.8020833333333333,0.8020833333333333,-2.4019271762881287,2.416327369480559e-12
TRT,48,38,39,0.8020833333333333,0.8229166666666666,-2.274954555208885,2.421195118245948e-12
TRT,48,38,40,0.8020833333333333,0.8437499999999999,-2.1090568309534534,2.4257677342607143e-12
TRT,48,38,41,0.8020833333333333,0.8645833333333333,-1.907072559579398,2.391663393257558e-12
TRT,48,38,42,0.8020833333333333,0.8854166666666666,-1.6724577479705056,2.391588365975229e-12
TRT,48,38,43,0.8020833333333333,0.9062499999999999,-1.4092267206009301,2.377974585211259e-12
TRT,48,38,44,0.8020833333333333,0.9270833333333333,-1.1218834333304206,2.3853931945018723e-12
TRT,48,38,45,0.8020833333333333,0.9479166666666666,-0.8153444094707691,2.384512879637584e-12
TRT,48,38,46,0.8020833333333333,0.9687499999999999,-0.49485461670889863,2.379563357309622e-12
TRT,48,38,47,0.8020833333333333,0.9895833333333333,-0.16589772425551427,2.3829975612860402e-12
TRT,48,39,0,0.8229166666666666,0.010416666666666666,0.16589772425541743,2.258159558875347e-12
TRT,48,39,1,0.8229166666666666,0.03125,0.4948546167087972,2.2521261951439072e-12
TRT,48,39,2,0.8229166666666666,0.05208333333333333,0.815344409470674,2.250518279794981e-12
TRT,48,39,3,0.8229166666666666,0.07291666666666667,1.121883433330321,2.25966483327524e-12
TRT,48,39,4,0.8229166666666666,0.09375,1.4092267206008362,2.242637776375083e-12
TRT,48,39,5,0.8229166666666666,0.11458333333333333,1.6724577479704004,2.2318199765123e-12
TRT,48,39,6,0.8229166666666666,0.13541666666666666,1.9070725595792966,2.2276700163419183e-12
TRT,48,39,7,0.8229166666666666,0.15624999999999997,2.1090568309533797,2.212492241949971e-12
TRT,48,39,8,0.8229166666666666,0.17708333333333331,2.2749545552088244,2.196224682744891e-12
TRT,48,39,9,0.8229166666666666,0.19791666666666666,2.4019271762880865,2.1895891171534427e-12
TRT,48,39,10,0.8229166666666666,0.21874999999999997,2.4878021574410685,2.1912924843281455e-12
TRT,48,39,11,0.8229166666666666,0.23958333333333331,2.5311101539311456,2.1672106121377437e-12
TRT,48,39,12,0.8229166666666666,0.2604166666666667,2.5311101539311522,2.180306650659343e-12
TRT,48,39,13,0.8229166666666666,0.28125,2.487802157441087,2.175455025427123e-12
TRT,48,39,14,0.8229166666666666,0.3020833333333333,2.4019271762881296,2.195046710834922e-12
TRT,48,39,15,0.8229166666666666,0.3229166666666667,2.274954555208859,2.1873937935707676e-12
TRT,48,39,16,0.8229166666666666,0.34375,2.1090568309534343,2.2046803370296202e-12
TRT,48,39,17,0.8229166666666666,0.3645833333333333,1.9070725595793674,2.218889955608947e-12
TRT,48,39,18,0.8229166666666666,0.3854166666666667,1.6724577479704736,2.2233813895811333e-12
TRT,48,39,19,0.8229166666666666,0.40625,1.4092267206009066,2.248124939167373e-12
TRT,48,39,20,0.8229166666666666,0.4270833333333333,1.1218834333303993,2.2491317686418487e-12
TRT,48,39,21,0.8229166666666666,0.4479166666666667,0.8153444094707472,2.2572274835157317e-12
TRT,48,39,22,0.8229166666666666,0.46875,0.4948546167088885,2.267902485855476e-12
TRT,48,39,23,0.8229166666666666,0.4895833333333333,0.16589772425551272,2.2694351305915253e-12
TRT,48,39,24,0.8229166666666666,0.5104166666666666,-0.16589772425540994,2.2726829246377927e-12
TRT,48,39,25,0.8229166666666666,0.5312499999999999,-0.49485461670879055,2.267405708384511e-12
TRT,48,39,26,0.8229166666666666,0.5520833333333333,-0.8153444094706469,2.26697301523505e-12
TRT,48,39,27,0.8229166666666666,0.5729166666666666,-1.1218834333302996,2.273981696441893e-12
TRT,48,39,28,0.8229166666666666,0.5937499999999999,-1.4092267206007947,2.2655204198458676e-12
TRT,48,39,29,0.8229166666666666,0.6145833333333333,-1.6724577479703557,2.2783806963189467e-12
TRT,48,39,30,0.8229166666666666,0.6354166666666666,-1.9070725595792508,2.296153055026932e-12
TRT,48,39,31,0.8229166666666666,0.6562499999999999,-2.1090568309533335,2.2925186913190784e-12
TRT,48,39,32,0.8229166666666666,0.6770833333333333,-2.274954555208759,2.303283920337369e-12
TRT,48,39,33,0.8229166666666666,0.6979166666666666,-2.4019271762880487,2.3105174576971518e-12
TRT,48,39,34,0.8229166666666666,0.7187499999999999,-2.4878021574410285,2.317751488416389e-12
TRT,48,39,35,0.8229166666666666,0.7395833333333333,-2.531110153931131,2.3089817421152267e-12
TRT,48,39,36,0.8229166666666666,0.7604166666666666,-2.531110153931155,2.2974227012369206e-12
TRT,48,39,37,0.8229166666666666,0.7812499999999999,-2.487802157441093,2.3145395051242886e-12
TRT,48,39,38,0.8229166666666666,0.8020833333333333,-2.4019271762881487,2.313076142081716e-12
TRT,48,39,39,0.8229166666666666,0.8229166666666666,-2.2749545552088835,2.300082362361789e-12
TRT,48,39,40,0.8229166666666666,0.8437499999999999,-2.109056830953469,2.2954115334119255e-12
TRT,48,39,41,0.8229166666666666,0.8645833333333333,-1.9070725595794,2.283966062632002e-12
TRT,48,39,42,0.8229166666666666,0.8854166666666666,-1.6724577479704923,2.2705167209041696e-12
TRT,48,39,43,0.8229166666666666,0.9062499999999999,-1.4092267206009252,2.2712413883183267e-12
TRT,48,39,44,0.8229166666666666,0.9270833333333333,-1.1218834333304122,2.2546557730480307e-12
TRT,48,39,45,0.8229166666666666,0.9479166666666666,-0.8153444094707719,2.256838258851619e-12
TRT,48,39,46,0.8229166666666666,0.9687499999999999,-0.4948546167088946,2.2600801856941406e-12
TRT,48,39,47,0.8229166666666666,0.9895833333333333,-0.16589772425551727,2.2598666875631596e-12
TRT,48,40,0,0.8437499999999999,0.010416666666666666,0.16589772425541421,2.0800667170010582e-12
TRT,48,40,1,0.8437499999999999,0.03125,0.49485461670879455,2.0903720090853456e-12
TRT,48,40,2,0.8437499999999999,0.05208333333333333,0.8153444094706832,2.0905376883861293e-12
TRT,48,40,3,0.8437499999999999,0.07291666666666667,1.1218834333303302,2.0834267232480095e-12
TRT,48,40,4,0.8437499999999999,0.09375,1.4092267206008358,2.070349392673768e-12
TRT,48,40,5,0.8437499999999999,0.11458333333333333,1.6724577479704086,2.062926360911731e-12
TRT,48,40,6,0.8437499999999999,0.13541666666666666,1.9070725595793019,2.048388470500891e-12
TRT,48,40,7,0.8437499999999999,0.15624999999999997,2.1090568309533837,2.0423105158499796e-12
TRT,48,40,8,0.8437499999999999,0.17708333333333331,2.2749545552088164,2.0191302265884213e-12
TRT,48,40,9,0.8437499999999999,0.19791666666666666,2.401927176288105,2.0143386919192166e-12
TRT,48,40,10,0.8437499999999999,0.21874999999999997,2.4878021574410574,2.003811087004506e-12
TRT,48,40,11,0.8437499999999999,0.23958333333333331,2.5311101539311456,1.9892616718604333e-12
TRT,48,40,12,0.8437499999999999,0.2604166666666667,2.5311101539311447,1.987305396609502e-12
TRT,48,40,13,0.8437499999999999,0.28125,2.487802157441084,2.001167397589597e-12
TRT,48,40,14,0.8437499999999999,0.3020833333333333,2.4019271762881202,2.0047028464916364e-12
TRT,48,40,15,0.8437499999999999,0.3229166666666667,2.274954555208863,2.0199915846370357e-12
TRT,48,40,16,0.8437499999999999,0.34375,2.109056830953429,2.02729534971936e-12
TRT,48,40,17,0.8437499999999999,0.3645833333333333,1.9070725595793687,2.043767890679472e-12
TRT,48,40,18,0.8437499999999999,0.3854166666666667,1.6724577479704672,2.0585199713386918e-12
TRT,48,40,19,0.8437499999999999,0.40625,1.4092267206009137,2.0605318674800685e-12
TRT,48,40,20,0.8437499999999999,0.4270833333333333,1.1218834333303869,2.0690603806993506e-12
TRT,48,40,21,0.8437499999999999,0.4479166666666667,0.8153444094707503,2.0873629395328054e-12
TRT,48,40,22,0.8437499999999999,0.46875,0.4948546167088728,2.0981449254073624e-12
TRT,48,40,23,0.8437499999999999,0.4895833333333333,0.16589772425551744,2.0976788951630607e-12
TRT,48,40,24,0.8437499999999999,0.5104166666666666,-0.16589772425540536,2.096383927690129e-12
TRT,48,40,25,0.8437499999999999,0.5312499999999999,-0.4948546167087847,2.1076026474347545e-12
TRT,48,40,26,0.8437499999999999,0.5520833333333333,-0.8153444094706519,2.1067559717720196e-12
TRT,48,40,27,0.8437499999999999,0.5729166666666666,-1.121883433330295,2.102867820576056e-12
TRT,48,40,28,0.8437499999999999,0.5937499999999999,-1.409226720600806,2.1234086202645563e-12
TRT,48,40,29,0.8437499999999999,0.6145833333333333,-1.6724577479703573,2.124332735207274e-12
TRT,48,40,30,0.8437499999999999,0.6354166666666666,-1.9070725595792621,2.136069538706687e-12
TRT,48,40,31,0.8437499999999999,0.6562499999999999,-2.109056830953336,2.163156143291364e-12
TRT,48,40,32,0.8437499999999999,0.6770833333333333,-2.27495455520877,2.1515075860449423e-12
TRT,48,40,33,0.8437499999999999,0.6979166666666666,-2.4019271762880385,2.1503118053205717e-12
TRT,48,40,34,0.8437499999999999,0.7187499999999999,-2.487802157441032,2.159964522989266e-12
TRT,48,40,35,0.8437499999999999,0.7395833333333333,-2.531110153931121,2.162562383669455e-12
TRT,48,40,36,0.8437499999999999,0.7604166666666666,-2.5311101539311642,2.1616054742697243e-12
TRT,48,40,37,0.8437499999999999,0.7812499999999999,-2.4878021574410956,2.1516127306973797e-12
TRT,48,40,38,0.8437499999999999,0.8020833333333333,-2.401927176288152,2.160754234929446e-12
TRT,48,40,39,0.8437499999999999,0.8229166666666666,-2.2749545552088875,2.1481853518463213e-12
TRT,48,40,40,0.8437499999999999,0.8437499999999999,-2.1090568309534525,2.1422107036740128e-12
TRT,48,40,41,0.8437499999999999,0.8645833333333333,-1.9070725595794018,2.1352182308390224e-12
TRT,48,40,42,0.8437499999999999,0.8854166666666666,-1.6724577479704883,2.1330675610728353e-12
TRT,48,40,43,0.8437499999999999,0.9062499999999999,-1.409226720600928,2.101675865196911e-12
TRT,48,40,44,0.8437499999999999,0.9270833333333333,-1.1218834333304186,2.091446982522842e-12
TRT,48,40,45,0.8437499999999999,0.9479166666666666,-0.8153444094707699,2.089056455611549e-12
TRT,48,40,46,0.8437499999999999,0.9687499999999999,-0.49485461670888864,2.0893057570089777e-12
TRT,48,40,47,0.8437499999999999,0.9895833333333333,-0.16589772425551624,2.091584232594845e-12
TRT,48,41,0,0.8645833333333333,0.010416666666666666,0.16589772425540955,1.877724900476918e-12
TRT,48,41,1,0.8645833333333333,0.03125,0.4948546167088019,1.881692502209589e-12
TRT,48,41,2,0.8645833333333333,0.05208333333333333,0.815344409470683,1.879460904011637e-12
TRT,48,41,3,0.8645833333333333,0.07291666666666667,1.1218834333303285,1.8669842537335033e-12
TRT,48,41,4,0.8645833333333333,0.09375,1.4092267206008386,1.860173169914355e-12
TRT,48,41,5,0.8645833333333333,0.11458333333333333,1.6724577479703986,1.8497167925314603e-12
TRT,48,41,6,0.8645833333333333,0.13541666666666666,1.9070725595793048,1.841173943840726e-12
TRT,48,41,7,0.8645833333333333,0.15624999999999997,2.1090568309533797,1.8175330153138469e-12
TRT,48,41,8,0.8645833333333333,0.17708333333333331,2.2749545552088293,1.8183816127989094e-12
TRT,48,41,9,0.8645833333333333,0.19791666666666666,2.4019271762880927,1.8037081384577365e-12
TRT,48,41,10,0.8645833333333333,0.21874999999999997,2.4878021574410627,1.7844922394862415e-12
TRT,48,41,11,0.8645833333333333,0.23958333333333331,2.531110153931147,1.7710956619083513e-12
TRT,48,41,12,0.8645833333333333,0.2604166666666667,2.531110153931143,1.7880375559812163e-12
TRT,48,41,13,0.8645833333333333,0.28125,2.487802157441081,1.7836036877149972e-12
TRT,48,41,14,0.8645833333333333,0.3020833333333333,2.401927176288124,1.8010192759649087e-12
TRT,48,41,15,0.8645833333333333,0.3229166666666667,2.2749545552088555,1.8001824325224622e-12
TRT,48,41,16,0.8645833333333333,0.34375,2.1090568309534294,1.8178640522549341e-12
TRT,48,41,17,0.8645833333333333,0.3645833333333333,1.9070725595793687,1.830184538383074e-12
TRT,48,41,18,0.8645833333333333,0.3854166666666667,1.6724577479704712,1.8425863146113785e-12
TRT,48,41,19,0.8645833333333333,0.40625,1.4092267206009066,1.8592678540562057e-12
TRT,48,41,20,0.8645833333333333,0.4270833333333333,1.1218834333303982,1.8577566786503222e-12
TRT,48,41,21,0.8645833333333333,0.4479166666666667,0.8153444094707543,1.8714202821849238e-12
TRT,48,41,22,0.8645833333333333,0.46875,0.49485461670888725,1.890316939530941e-12
TRT,48,41,23,0.8645833333333333,0.4895833333333333,0.16589772425551844,1.9080998324342218e-12
TRT,48,41,24,0.8645833333333333,0.5104166666666666,-0.1658977242553944,1.8993389865726563e-12
TRT,48,41,25,0.8645833333333333,0.5312499999999999,-0.4948546167087687,1.9000547602491205e-12
TRT,48,41,26,0.8645833333333333,0.5520833333333333,-0.8153444094706449,1.9032337062926746e-12
TRT,48,41,27,0.8645833333333333,0.5729166666666666,-1.121883433330283,1.9101875044073174e-12
TRT,48,41,28,0.8645833333333333,0.5937499999999999,-1.4092267206007973,1.9217751343549954e-12
TRT,48,41,29,0.8645833333333333,0.6145833333333333,-1.6724577479703633,1.933484680595735e-12
TRT,48,41,30,0.8645833333333333,0.6354166666666666,-1.9070725595792588,1.93921572610038e-12
TRT,48,41,31,0.8645833333333333,0.6562499999999999,-2.1090568309533366,1.952626398214974e-12
TRT,48,41,32,0.8645833333333333,0.6770833333333333,-2.2749545552087795,1.970507337959129e-12
TRT,48,41,33,0.8645833333333333,0.6979166666666666,-2.4019271762880385,1.9686061021404577e-12
TRT,48,41,34,0.8645833333333333,0.7187499999999999,-2.4878021574410267,1.9856865743400046e-12
TRT,48,41,35,0.8645833333333333,0.7395833333333333,-2.5311101539311243,1.965669074938653e-12
TRT,48,41,36,0.8645833333333333,0.7604166666666666,-2.5311101539311682,1.960032907582002e-12
TRT,48,41,37,0.8645833333333333,0.7812499999999999,-2.4878021574410916,1.9836047389252807e-12
TRT,48,41,38,0.8645833333333333,0.8020833333333333,-2.4019271762881504,1.97570074972684e-12
TRT,48,41,39,0.8645833333333333,0.8229166666666666,-2.2749545552088786,1.9623080588933516e-12
TRT,48,41,40,0.8645833333333333,0.8437499999999999,-2.109056830953456,1.935170954249905e-12
TRT,48,41,41,0.8645833333333333,0.8645833333333333,-1.9070725595793854,1.944696401739519e-12
TRT,48,41,42,0.8645833333333333,0.8854166666666666,-1.6724577479704863,1.936058364793306e-12
TRT,48,41,43,0.8645833333333333,0.9062499999999999,-1.4092267206009286,1.917315262211244e-12
TRT,48,41,44,0.8645833333333333,0.9270833333333333,-1.1218834333304262,1.8963437619562553e-12
TRT,48,41,45,0.8645833333333333,0.9479166666666666,-0.8153444094707799,1.9035506747642942e-12
TRT,48,41,46,0.8645833333333333,0.9687499999999999,-0.4948546167088971,1.8955073951609785e-12
TRT,48,41,47,0.8645833333333333,0.9895833333333333,-0.1658977242555281,1.8817246559670184e-12
TRT,48,42,0,0.8854166666666666,0.010416666666666666,0.16589772425539634,1.6472810746735117e-12
TRT,48,42,1,0.8854166666666666,0.03125,0.49485461670878755,1.6521924381003007e-12
TRT,48,42,2,0.8854166666666666,0.05208333333333333,0.8153444094706719,1.6389282783016048e-12
TRT,48,42,3,0.8854166666666666,0.07291666666666667,1.1218834333303296,1.6211201124378663e-12
TRT,48,42,4,0.8854166666666666,0.09375,1.4092267206008333,1.6108196849009929e-12
TRT,48,42,5,0.8854166666666666,0.11458333333333333,1.672457747970407,1.6147424212891854e-12
TRT,48,42,6,0.8854166666666666,0.13541666666666666,1.907072559579298,1.5977437541177705e-12
TRT,48,42,7,0.8854166666666666,0.15624999999999997,2.1090568309533815,1.5865963639864113e-12
TRT,48,42,8,0.8854166666666666,0.17708333333333331,2.2749545552088293,1.5675602335391922e-12
TRT,48,42,9,0.8854166666666666,0.19791666666666666,2.401927176288101,1.5557456173457842e-12
TRT,48,42,10,0.8854166666666666,0.21874999999999997,2.4878021574410654,1.5470854331087756e-12
TRT,48,42,11,0.8854166666666666,0.23958333333333331,2.5311101539311487,1.5297363392190734e-12
TRT,48,42,12,0.8854166666666666,0.2604166666666667,2.5311101539311514,1.5311036461541739e-12
TRT,48,42,13,0.8854166666666666,0.28125,2.4878021574410742,1.5558503990012655e-12
TRT,48,42,14,0.8854166666666666,0.3020833333333333,2.401927176288104,1.5443535220730222e-12
TRT,48,42,15,0.8854166666666666,0.3229166666666667,2.2749545552088537,1.5661331701238494e-12
TRT,48,42,16,0.8854166666666666,0.34375,2.1090568309534135,1.5816027866323409e-12
TRT,48,42,17,0.8854166666666666,0.3645833333333333,1.9070725595793534,1.5881926020838095e-12
TRT,48,42,18,0.8854166666666666,0.3854166666666667,1.672457747970465,1.6055608672826773e-12
TRT,48,42,19,0.8854166666666666,0.40625,1.4092267206008908,1.610865687346211e-12
TRT,48,42,20,0.8854166666666666,0.4270833333333333,1.1218834333303882,1.6183232456299763e-12
TRT,48,42,21,0.8854166666666666,0.4479166666666667,0.8153444094707435,1.6316367125272176e-12
TRT,48,42,22,0.8854166666666666,0.46875,0.4948546167088865,1.6462141481923257e-12
TRT,48,42,23,0.8854166666666666,0.4895833333333333,0.16589772425551103,1.6602680154640248e-12
TRT,48,42,24,0.8854166666666666,0.5104166666666666,-0.16589772425541105,1.6681419799235827e-12
TRT,48,42,25,0.8854166666666666,0.5312499999999999,-0.49485461670878184,1.666790486194834e-12
TRT,48,42,26,0.8854166666666666,0.5520833333333333,-0.8153444094706503,1.6751403594785949e-12
TRT,48,42,27,0.8854166666666666,0.5729166666666666,-1.1218834333302983,1.6807840117410807e-12
TRT,48,42,28,0.8854166666666666,0.5937499999999999,-1.4092267206008073,1.6989477991010185e-12
TRT,48,42,29,0.8854166666666666,0.6145833333333333,-1.672457747970362,1.7055030855013902e-12
TRT,48,42,30,0.8854166666666666,0.6354166666666666,-1.9070725595792675,1.713221021610833e-12
TRT,48,42,31,0.8854166666666666,0.6562499999999999,-2.1090568309533433,1.7340819090327908e-12
TRT,48,42,32,0.8854166666666666,0.6770833333333333,-2.2749545552087773,1.7427184617781577e-12
TRT,48,42,33,0.8854166666666666,0.6979166666666666,-2.4019271762880314,1.7462878908699506e-12
TRT,48,42,34,0.8854166666666666,0.7187499999999999,-2.4878021574410125,1.7522187708808442e-12
TRT,48,42,35,0.8854166666666666,0.7395833333333333,-2.5311101539311434,1.7465400756318341e-12
TRT,48,42,36,0.8854166666666666,0.7604166666666666,-2.5311101539311505,1.7611959790284783e-12
TRT,48,42,37,0.8854166666666666,0.7812499999999999,-2.4878021574411013,1.7585852249923427e-12
TRT,48,42,38,0.8854166666666666,0.8020833333333333,-2.4019271762881336,1.7463006184148736e-12
TRT,48,42,39,0.8854166666666666,0.8229166666666666,-2.2749545552088817,1.7275428668426608e-12
TRT,48,42,40,0.8854166666666666,0.8437499999999999,-2.1090568309534454,1.720349714943206e-12
TRT,48,42,41,0.8854166666666666,0.8645833333333333,-1.9070725595793847,1.7279151907073644e-12
TRT,48,42,42,0.8854166666666666,0.8854166666666666,-1.6724577479704765,1.7171113286680538e-12
TRT,48,42,43,0.8854166666666666,0.9062499999999999,-1.4092267206009186,1.6737364831569515e-12
TRT,48,42,44,0.8854166666666666,0.9270833333333333,-1.1218834333304217,1.6652207513959998e-12
TRT,48,42,45,0.8854166666666666,0.9479166666666666,-0.8153444094707795,1.671741163806625e-12
TRT,48,42,46,0.8854166666666666,0.9687499999999999,-0.4948546167089141,1.6552590665913058e-12
TRT,48,42,47,0.8854166666666666,0.9895833333333333,-0.16589772425553334,1.646818827391245e-12
TRT,48,43,0,0.9062499999999999,0.010416666666666666,0.16589772425541185,1.3749224449940893e-12
TRT,48,43,1,0.9062499999999999,0.03125,0.4948546167087954,1.3829008221737845e-12
TRT,48,43,2,0.9062499999999999,0.05208333333333333,0.8153444094706777,1.3809790975940609e-12
TRT,48,43,3,0.9062499999999999,0.07291666666666667,1.1218834333303231,1.3513097087220225e-12
TRT,48,43,4,0.9062499999999999,0.09375,1.4092267206008504,1.3465836435364804e-12
TRT,48,43,5,0.9062499999999999,0.11458333333333333,1.672457747970404,1.337469092601253e-12
TRT,48,43,6,0.9062499999999999,0.13541666666666666,1.9070725595793152,1.3267974246843495e-12
TRT,48,43,7,0.9062499999999999,0.15624999999999997,2.1090568309533784,1.3103772151128425e-12
TRT,48,43,8,0.9062499999999999,0.17708333333333331,2.2749545552088426,1.3128497665231658e-12
TRT,48,43,9,0.9062499999999999,0.19791666666666666,2.401927176288099,1.2934664657139843e-12
TRT,48,43,10,0.9062499999999999,0.21874999999999997,2.4878021574410702,1.2727451730905748e-12
TRT,48,43,11,0.9062499999999999,0.23958333333333331,2.5311101539311456,1.2644268378093913e-12
TRT,48,43,12,0.9062499999999999,0.2604166666666667,2.531110153931147,1.2718331761770345e-12
TRT,48,43,13,0.9062499999999999,0.28125,2.4878021574410725,1.257984726266469e-12
TRT,48,43,14,0.9062499999999999,0.3020833333333333,2.401927176288108,1.2913317616889215e-12
TRT,48,43,15,0.9062499999999999,0.3229166666666667,2.2749545552088515,1.293071783125882e-12
TRT,48,43,16,0.9062499999999999,0.34375,2.1090568309534143,1.299364223156075e-12
TRT,48,43,17,0.9062499999999999,0.3645833333333333,1.9070725595793527,1.325204909415558e-12
TRT,48,43,18,0.9062499999999999,0.3854166666666667,1.6724577479704643,1.3273635617403899e-12
TRT,48,43,19,0.9062499999999999,0.40625,1.4092267206008977,1.3449402648636226e-12
TRT,48,43,20,0.9062499999999999,0.4270833333333333,1.12188343333039,1.3513170591773208e-12
TRT,48,43,21,0.9062499999999999,0.4479166666666667,0.8153444094707448,1.3646212689249772e-12
TRT,48,43,22,0.9062499999999999,0.46875,0.4948546167088858,1.3794125473159394e-12
TRT,48,43,23,0.9062499999999999,0.4895833333333333,0.16589772425551585,1.3942726614776758e-12
TRT,48,43,24,0.9062499999999999,0.5104166666666666,-0.16589772425540408,1.4023548091808816e-12
TRT,48,43,25,0.9062499999999999,0.5312499999999999,-0.4948546167087787,1.411836360647356e-12
TRT,48,43,26,0.9062499999999999,0.5520833333333333,-0.8153444094706529,1.413200944030682e-12
TRT,48,43,27,0.9062499999999999,0.5729166666666666,-1.1218834333303107,1.428893622474396e-12
TRT,48,43,28,0.9062499999999999,0.5937499999999999,-1.4092267206008016,1.4566840466866611e-12
TRT,48,43,29,0.9062499999999999,0.6145833333333333,-1.6724577479703773,1.4566175928913721e-12
TRT,48,43,30,0.9062499999999999,0.6354166666666666,-1.9070725595792761,1.445976840337447e-12
TRT,48,43,31,0.9062499999999999,0.6562499999999999,-2.109056830953346,1.468004577655322e-12
TRT,48,43,32,0.9062499999999999,0.6770833333333333,-2.274954555208778,1.50492699240257e-12
TRT,48,43,33,0.9062499999999999,0.6979166666666666,-2.401927176288036,1.5081307308977032e-12
TRT,48,43,34,0.9062499999999999,0.7187499999999999,-2.487802157441025,1.4853792153186474e-12
TRT,48,43,35,0.9062499999999999,0.7395833333333333,-2.5311101539311216,1.4856454890144088e-12
TRT,48,43,36,0.9062499999999999,0.7604166666666666,-2.5311101539311456,1.508053624423139e-12
TRT,48,43,37,0.9062499999999999,0.7812499999999999,-2.4878021574411107,1.519012530290182e-12
TRT,48,43,38,0.9062499999999999,0.8020833333333333,-2.401927176288128,1.502928682618853e-12
TRT,48,43,39,0.9062499999999999,0.8229166666666666,-2.2749545552088724,1.4730900209858677e-12
TRT,48,43,40,0.9062499999999999,0.8437499999999999,-2.1090568309534414,1.4502015738466967e-12
TRT,48,43,41,0.9062499999999999,0.8645833333333333,-1.9070725595793712,1.4760344999600222e-12
TRT,48,43,42,0.9062499999999999,0.8854166666666666,-1.6724577479704736,1.465340537576757e-12
TRT,48,43,43,0.9062499999999999,0.9062499999999999,-1.409226720600918,1.4239914503183263e-12
TRT,48,43,44,0.9062499999999999,0.9270833333333333,-1.1218834333304009,1.403095034826925e-12
TRT,48,43,45,0.9062499999999999,0.9479166666666666,-0.8153444094707729,1.4116858909781075e-12
TRT,48,43,46,0.9062499999999999,0.9687499999999999,-0.4948546167088924,1.4000320641178655e-12
TRT,48,43,47,0.9062499999999999,0.9895833333333333,-0.16589772425551605,1.382614229003957e-12
TRT,48,44,0,0.9270833333333333,0.010416666666666666,0.16589772425543564,1.087952448520374e-12
TRT,48,44,1,0.9270833333333333,0.03125,0.4948546167088158,1.0935015127674415e-12
TRT,48,44,2,0.9270833333333333,0.05208333333333333,0.8153444094706717,1.075910762768624e-12
TRT,48,44,3,0.9270833333333333,0.07291666666666667,1.1218834333303307,1.067027851004572e-12
TRT,48,44,4,0.9270833333333333,0.09375,1.409226720600842,1.0501389551456745e-12
TRT,48,44,5,0.9270833333333333,0.11458333333333333,1.6724577479704137,1.0515150034280153e-12
TRT,48,44,6,0.9270833333333333,0.13541666666666666,1.9070725595793019,1.032585436624694e-12
TRT,48,44,7,0.9270833333333333,0.15624999999999997,2.109056830953397,1.0307440201563084e-12
TRT,48,44,8,0.9270833333333333,0.17708333333333331,2.274954555208838,1.0186186346917305e-12
TRT,48,44,9,0.9270833333333333,0.19791666666666666,2.401927176288105,9.869572508965476e-13
TRT,48,44,10,0.9270833333333333,0.21874999999999997,2.4878021574410702,9.86040990785148e-13
TRT,48,44,11,0.9270833333333333,0.23958333333333331,2.5311101539311496,9.74351353197009e-13
TRT,48,44,12,0.9270833333333333,0.2604166666666667,2.531110153931134,9.72929836064486e-13
TRT,48,44,13,0.9270833333333333,0.28125,2.4878021574410583,9.934978854203804e-13
TRT,48,44,14,0.9270833333333333,0.3020833333333333,2.401927176288105,9.908880322634957e-13
TRT,48,44,15,0.9270833333333333,0.3229166666666667,2.274954555208835,1.0102795924367397e-12
TRT,48,44,16,0.9270833333333333,0.34375,2.1090568309534152,1.0194736439854968e-12
TRT,48,44,17,0.9270833333333333,0.3645833333333333,1.907072559579348,1.0297438096290736e-12
TRT,48,44,18,0.9270833333333333,0.3854166666666667,1.6724577479704625,1.0444743112495341e-12
TRT,48,44,19,0.9270833333333333,0.40625,1.409226720600898,1.047751334004949e-12
TRT,48,44,20,0.9270833333333333,0.4270833333333333,1.121883433330382,1.0531759972870524e-12
TRT,48,44,21,0.9270833333333333,0.4479166666666667,0.8153444094707493,1.070881342503903e-12
TRT,48,44,22,0.9270833333333333,0.46875,0.4948546167088814,1.0914355140620224e-12
TRT,48,44,23,0.9270833333333333,0.4895833333333333,0.165897724255517,1.102159596844347e-12
TRT,48,44,24,0.9270833333333333,0.5104166666666666,-0.16589772425541888,1.1237231972379712e-12
TRT,48,44,25,0.9270833333333333,0.5312499999999999,-0.49485461670877673,1.1202902993663001e-12
TRT,48,44,26,0.9270833333333333,0.5520833333333333,-0.8153444094706597,1.1239082272090878e-12
TRT,48,44,27,0.9270833333333333,0.5729166666666666,-1.1218834333302985,1.1608416502568994e-12
TRT,48,44,28,0.9270833333333333,0.5937499999999999,-1.409226720600828,1.1770284931373447e-12
TRT,48,44,29,0.9270833333333333,0.6145833333333333,-1.6724577479703837,1.1604594892184922e-12
TRT,48,44,30,0.9270833333333333,0.6354166666666666,-1.9070725595792912,1.1742055022065262e-12
TRT,48,44,31,0.9270833333333333,0.6562499999999999,-2.1090568309533473,1.2040772010712797e-12
TRT,48,44,32,0.9270833333333333,0.6770833333333333,-2.274954555208794,1.2180599934591696e-12
TRT,48,44,33,0.9270833333333333,0.6979166666666666,-2.401927176288045,1.2050963662545408e-12
TRT,48,44,34,0.9270833333333333,0.7187499999999999,-2.4878021574410307,1.219161945403276e-12
TRT,48,44,35,0.9270833333333333,0.7395833333333333,-2.531110153931118,1.2296520790352153e-12
TRT,48,44,36,0.9270833333333333,0.7604166666666666,-2.531110153931152,1.2212800229971975e-12
TRT,48,44,37,0.9270833333333333,0.7812499999999999,-2.487802157441089,1.2395718369157605e-12
TRT,48,44,38,0.9270833333333333,0.8020833333333333,-2.4019271762881385,1.2314098072899435e-12
TRT,48,44,39,0.9270833333333333,0.8229166666666666,-2.274954555208875,1.1767235409666536e-12
TRT,48,44,40,0.9270833333333333,0.8437499999999999,-2.1090568309534414,1.1848259582994417e-12
TRT,48,44,41,0.9270833333333333,0.8645833333333333,-1.9070725595793725,1.2035980464095288e-12
TRT,48,44,42,0.9270833333333333,0.8854166666666666,-1.6724577479704716,1.1822255072192848e-12
TRT,48,44,43,0.9270833333333333,0.9062499999999999,-1.4092267206009066,1.1439171598836063e-12
TRT,48,44,44,0.9270833333333333,0.9270833333333333,-1.121883433330398,1.1272209810509591e-12
TRT,48,44,45,0.9270833333333333,0.9479166666666666,-0.8153444094707502,1.1342411176268732e-12
TRT,48,44,46,0.9270833333333333,0.9687499999999999,-0.4948546167088826,1.1285231871675448e-12
TRT,48,44,47,0.9270833333333333,0.9895833333333333,-0.1658977242554982,1.0960440495004832e-12
TRT,48,45,0,0.9479166666666666,0.010416666666666666,0.16589772425543178,7.853851340826461e-13
TRT,48,45,1,0.9479166666666666,0.03125,0.4948546167088057,7.628315808295594e-13
TRT,48,45,2,0.9479166666666666,0.05208333333333333,0.8153444094706823,7.6723029340142e-13
TRT,48,45,3,0.9479166666666666,0.07291666666666667,1.1218834333303291,7.590285547364872e-13
TRT,48,45,4,0.9479166666666666,0.09375,1.4092267206008633,7.487371038592113e-13
TRT,48,45,5,0.9479166666666666,0.11458333333333333,1.6724577479704206,7.319942392504881e-13
TRT,48,45,6,0.9479166666666666,0.13541666666666666,1.9070725595793234,7.355264588521919e-13
TRT,48,45,7,0.9479166666666666,0.15624999999999997,2.1090568309533917,7.206701771441408e-13
TRT,48,45,8,0.9479166666666666,0.17708333333333331,2.274954555208846,7.072633440631293e-13
TRT,48,45,9,0.9479166666666666,0.19791666666666666,2.401927176288101,6.916158921094943e-13
TRT,48,45,10,0.9479166666666666,0.21874999999999997,2.487802157441088,6.72804382646783e-13
TRT,48,45,11,0.9479166666666666,0.23958333333333331,2.531110153931149,6.643754371428548e-13
TRT,48,45,12,0.9479166666666666,0.2604166666666667,2.5311101539311553,6.711901824733493e-13
TRT,48,45,13,0.9479166666666666,0.28125,2.4878021574410623,6.718021308482494e-13
TRT,48,45,14,0.9479166666666666,0.3020833333333333,2.4019271762881034,6.958638184803567e-13
TRT,48,45,15,0.9479166666666666,0.3229166666666667,2.2749545552088333,6.959375560848896e-13
TRT,48,45,16,0.9479166666666666,0.34375,2.10905683095341,7.049778284506831e-13
TRT,48,45,17,0.9479166666666666,0.3645833333333333,1.9070725595793425,7.313018787072243e-13
TRT,48,45,18,0.9479166666666666,0.3854166666666667,1.672457747970459,7.351475671238839e-13
TRT,48,45,19,0.9479166666666666,0.40625,1.4092267206008866,7.347218093965757e-13
TRT,48,45,20,0.9479166666666666,0.4270833333333333,1.1218834333303846,7.523833782511715e-13
TRT,48,45,21,0.9479166666666666,0.4479166666666667,0.8153444094707443,7.700671705167664e-13
TRT,48,45,22,0.9479166666666666,0.46875,0.4948546167088726,7.814775996108747e-13
TRT,48,45,23,0.9479166666666666,0.4895833333333333,0.16589772425551016,7.933858119330361e-13
TRT,48,45,24,0.9479166666666666,0.5104166666666666,-0.16589772425541527,8.202787019493892e-13
TRT,48,45,25,0.9479166666666666,0.5312499999999999,-0.49485461670880315,8.393694834339075e-13
TRT,48,45,26,0.9479166666666666,0.5520833333333333,-0.8153444094706697,8.315861941809999e-13
TRT,48,45,27,0.9479166666666666,0.5729166666666666,-1.121883433330313,8.44751180051306e-13
TRT,48,45,28,0.9479166666666666,0.5937499999999999,-1.4092267206008207,8.756897056132237e-13
TRT,48,45,29,0.9479166666666666,0.6145833333333333,-1.6724577479704017,8.769255482378881e-13
TRT,48,45,30,0.9479166666666666,0.6354166666666666,-1.9070725595792872,8.684665119685415e-13
TRT,48,45,31,0.9479166666666666,0.6562499999999999,-2.10905683095336,8.869609193682293e-13
TRT,48,45,32,0.9479166666666666,0.6770833333333333,-2.2749545552087804,9.247517062247908e-13
TRT,48,45,33,0.9479166666666666,0.6979166666666666,-2.4019271762880496,9.276375101840644e-13
TRT,48,45,34,0.9479166666666666,0.7187499999999999,-2.4878021574410094,9.063250728217283e-13
TRT,48,45,35,0.9479166666666666,0.7395833333333333,-2.5311101539311225,9.217544286772802e-13
TRT,48,45,36,0.9479166666666666,0.7604166666666666,-2.531110153931147,9.389067848923006e-13
TRT,48,45,37,0.9479166666666666,0.7812499999999999,-2.487802157441095,9.40925109461088e-13
TRT,48,45,38,0.9479166666666666,0.8020833333333333,-2.401927176288134,9.18222820240067e-13
TRT,48,45,39,0.9479166666666666,0.8229166666666666,-2.274954555208862,8.926707789699566e-13
TRT,48,45,40,0.9479166666666666,0.8437499999999999,-2.109056830953434,8.700740903886619e-13
TRT,48,45,41,0.9479166666666666,0.8645833333333333,-1.9070725595793718,9.074047974185723e-13
TRT,48,45,42,0.9479166666666666,0.8854166666666666,-1.6724577479704617,8.959781903619387e-13
TRT,48,45,43,0.9479166666666666,0.9062499999999999,-1.409226720600906,8.510130098436622e-13
TRT,48,45,44,0.9479166666666666,0.9270833333333333,-1.1218834333303929,8.319061764128995e-13
TRT,48,45,45,0.9479166666666666,0.9479166666666666,-0.8153444094707438,8.417349535874301e-13
TRT,48,45,46,0.9479166666666666,0.9687499999999999,-0.4948546167088746,8.302524752045825e-13
TRT,48,45,47,0.9479166666666666,0.9895833333333333,-0.1658977242554997,8.139424734613346e-13
TRT,48,46,0,0.9687499999999999,0.010416666666666666,0.16589772425542684,4.70448952635951e-13
TRT,48,46,1,0.9687499999999999,0.03125,0.4948546167088093,4.640998708006487e-13
TRT,48,46,2,0.9687499999999999,0.05208333333333333,0.815344409470692,4.484292051241884e-13
TRT,48,46,3,0.9687499999999999,0.07291666666666667,1.1218834333303445,4.521359955641417e-13
TRT,48,46,4,0.9687499999999999,0.09375,1.4092267206008633,4.3466333685868264e-13
TRT,48,46,5,0.9687499999999999,0.11458333333333333,1.6724577479704357,4.1841223133790925e-13
TRT,48,46,6,0.9687499999999999,0.13541666666666666,1.9070725595793188,3.9890817286418883e-13
TRT,48,46,7,0.9687499999999999,0.15624999999999997,2.1090568309533984,4.0146873808214596e-13
TRT,48,46,8,0.9687499999999999,0.17708333333333331,2.2749545552088453,3.8950400152979475e-13
TRT,48,46,9,0.9687499999999999,0.19791666666666666,2.4019271762881136,3.6864351433420984e-13
TRT,48,46,10,0.9687499999999999,0.21874999999999997,2.4878021574410702,3.6063606385092596e-13
TRT,48,46,11,0.9687499999999999,0.23958333333333331,2.5311101539311527,3.5032572441143614e-13
TRT,48,46,12,0.9687499999999999,0.2604166666666667,2.531110153931148,3.503274441948286e-13
TRT,48,46,13,0.9687499999999999,0.28125,2.4878021574410614,3.6432538738886425e-13
TRT,48,46,14,0.9687499999999999,0.3020833333333333,2.401927176288097,3.5905464375891403e-13
TRT,48,46,15,0.9687499999999999,0.3229166666666667,2.2749545552088293,3.766216569946152e-13
TRT,48,46,16,0.9687499999999999,0.34375,2.109056830953405,3.944050980648845e-13
TRT,48,46,17,0.9687499999999999,0.3645833333333333,1.9070725595793394,4.085292943442639e-13
TRT,48,46,18,0.9687499999999999,0.3854166666666667,1.6724577479704437,4.1918810874205317e-13
TRT,48,46,19,0.9687499999999999,0.40625,1.4092267206008913,4.1842346399446437e-13
TRT,48,46,20,0.9687499999999999,0.4270833333333333,1.121883433330375,4.3593169640873424e-13
TRT,48,46,21,0.9687499999999999,0.4479166666666667,0.8153444094707318,4.3859478324087034e-13
TRT,48,46,22,0.9687499999999999,0.46875,0.49485461670886427,4.688025108819998e-13
TRT,48,46,23,0.9687499999999999,0.4895833333333333,0.16589772425548682,4.879173671156645e-13
TRT,48,46,24,0.9687499999999999,0.5104166666666666,-0.16589772425542768,4.957543692530865e-13
TRT,48,46,25,0.9687499999999999,0.5312499999999999,-0.49485461670881703,5.032445385317047e-13
TRT,48,46,26,0.9687499999999999,0.5520833333333333,-0.8153444094706896,5.222270093935232e-13
TRT,48,46,27,0.9687499999999999,0.5729166666666666,-1.1218834333303256,5.604569246266134e-13
TRT,48,46,28,0.9687499999999999,0.5937499999999999,-1.4092267206008406,5.551083806709465e-13
TRT,48,46,29,0.9687499999999999,0.6145833333333333,-1.672457747970393,5.419620229955838e-13
TRT,48,46,30,0.9687499999999999,0.6354166666666666,-1.9070725595793045,5.655914694338661e-13
TRT,48,46,31,0.9687499999999999,0.6562499999999999,-2.1090568309533664,5.965234502662353e-13
TRT,48,46,32,0.9687499999999999,0.6770833333333333,-2.274954555208802,6.057914218897491e-13
TRT,48,46,33,0.9687499999999999,0.6979166666666666,-2.4019271762880496,5.934957500155286e-13
TRT,48,46,34,0.9687499999999999,0.7187499999999999,-2.487802157441025,6.056691242420186e-13
TRT,48,46,35,0.9687499999999999,0.7395833333333333,-2.5311101539311176,6.061399217517445e-13
TRT,48,46,36,0.9687499999999999,0.7604166666666666,-2.5311101539311527,6.068959624879374e-13
TRT,48,46,37,0.9687499999999999,0.7812499999999999,-2.48780215744109,6.242953818437626e-13
TRT,48,46,38,0.9687499999999999,0.8020833333333333,-2.4019271762881242,6.283697258448385e-13
TRT,48,46,39,0.9687499999999999,0.8229166666666666,-2.274954555208855,5.637300776057141e-13
TRT,48,46,40,0.9687499999999999,0.8437499999999999,-2.1090568309534254,5.570504332675364e-13
TRT,48,46,41,0.9687499999999999,0.8645833333333333,-1.9070725595793458,5.989286252182645e-13
TRT,48,46,42,0.9687499999999999,0.8854166666666666,-1.672457747970451,5.78726947549184e-13
TRT,48,46,43,0.9687499999999999,0.9062499999999999,-1.4092267206008864,5.296680968183224e-13
TRT,48,46,44,0.9687499999999999,0.9270833333333333,-1.1218834333303775,5.262682287115407e-13
TRT,48,46,45,0.9687499999999999,0.9479166666666666,-0.8153444094707243,5.303072688064864e-13
TRT,48,46,46,0.9687499999999999,0.9687499999999999,-0.4948546167088596,5.191717600559871e-13
TRT,48,46,47,0.9687499999999999,0.9895833333333333,-0.16589772425548993,4.888836696678606e-13
TRT,48,47,0,0.9895833333333333,0.010416666666666666,0.16589772425545746,1.4344484550376614e-13
TRT,48,47,1,0.9895833333333333,0.03125,0.4948546167088353,1.3594553770264937e-13
TRT,48,47,2,0.9895833333333333,0.05208333333333333,0.815344409470703,1.3267443611291966e-13
TRT,48,47,3,0.9895833333333333,0.07291666666666667,1.1218834333303596,1.2238562663461392e-13
TRT,48,47,4,0.9895833333333333,0.09375,1.4092267206008702,1.1139191316189233e-13
TRT,48,47,5,0.9895833333333333,0.11458333333333333,1.672457747970436,7.609307409965889e-14
TRT,48,47,6,0.9895833333333333,0.13541666666666666,1.9070725595793372,7.625701761940934e-14
TRT,48,47,7,0.9895833333333333,0.15624999999999997,2.109056830953398,8.051897499931689e-14
TRT,48,47,8,0.9895833333333333,0.17708333333333331,2.2749545552088604,6.955722649226777e-14
TRT,48,47,9,0.9895833333333333,0.19791666666666666,2.4019271762881163,3.9574254548069116e-14
TRT,48,47,10,0.9895833333333333,0.21874999999999997,2.4878021574410876,2.4555372369311435e-14
TRT,48,47,11,0.9895833333333333,0.23958333333333331,2.5311101539311536,3.094734663208703e-14
TRT,48,47,12,0.9895833333333333,0.2604166666666667,2.5311101539311553,2.97465099306588e-14
TRT,48,47,13,0.9895833333333333,0.28125,2.4878021574410516,2.1827509259520417e-14
TRT,48,47,14,0.9895833333333333,0.3020833333333333,2.4019271762880883,4.4675935451085955e-14
TRT,48,47,15,0.9895833333333333,0.3229166666666667,2.274954555208829,5.003096636135735e-14
TRT,48,47,16,0.9895833333333333,0.34375,2.1090568309533984,6.086664179314721e-14
TRT,48,47,17,0.9895833333333333,0.3645833333333333,1.9070725595793399,8.353942768146274e-14
TRT,48,47,18,0.9895833333333333,0.3854166666666667,1.6724577479704377,1.0123365607914108e-13
TRT,48,47,19,0.9895833333333333,0.40625,1.40922672060088,9.523372050600483e-14
TRT,48,47,20,0.9895833333333333,0.4270833333333333,1.1218834333303676,1.0256547512302108e-13
TRT,48,47,21,0.9895833333333333,0.4479166666666667,0.8153444094707205,1.2449433016279787e-13
TRT,48,47,22,0.9895833333333333,0.46875,0.49485461670885966,1.326151304738464e-13
TRT,48,47,23,0.9895833333333333,0.4895833333333333,0.16589772425546456,1.6148423154316063e-13
TRT,48,47,24,0.9895833333333333,0.5104166666666666,-0.16589772425544472,1.7994545139958374e-13
TRT,48,47,25,0.9895833333333333,0.5312499999999999,-0.4948546167088397,1.9015356480063143e-13
TRT,48,47,26,0.9895833333333333,0.5520833333333333,-0.8153444094706847,2.058680623324414e-13
TRT,48,47,27,0.9895833333333333,0.5729166666666666,-1.1218834333303462,2.1832845210612195e-13
TRT,48,47,28,0.9895833333333333,0.5937499999999999,-1.4092267206008426,2.504937868852727e-13
TRT,48,47,29,0.9895833333333333,0.6145833333333333,-1.6724577479704206,2.3634484312635585e-13
TRT,48,47,30,0.9895833333333333,0.6354166666666666,-1.9070725595792986,2.1657895169697127e-13
TRT,48,47,31,0.9895833333333333,0.6562499999999999,-2.1090568309533735,2.4441292173911755e-13
TRT,48,47,32,0.9895833333333333,0.6770833333333333,-2.274954555208793,2.9773106379409755e-13
TRT,48,47,33,0.9895833333333333,0.6979166666666666,-2.401927176288064,2.923460087162106e-13
TRT,48,47,34,0.9895833333333333,0.7187499999999999,-2.48780215744103,2.6063127364972933e-13
TRT,48,47,35,0.9895833333333333,0.7395833333333333,-2.531110153931116,2.8497205451215697e-13
TRT,48,47,36,0.9895833333333333,0.7604166666666666,-2.5311101539311376,3.018566660113441e-13
TRT,48,47,37,0.9895833333333333,0.7812499999999999,-2.4878021574410836,3.0936675450172714e-13
TRT,48,47,38,0.9895833333333333,0.8020833333333333,-2.401927176288109,2.859205366446022e-13
TRT,48,47,39,0.9895833333333333,0.8229166666666666,-2.2749545552088564,2.5169780042074576e-13
TRT,48,47,40,0.9895833333333333,0.8437499999999999,-2.1090568309534046,2.334412552130568e-13
TRT,48,47,41,0.9895833333333333,0.8645833333333333,-1.9070725595793367,2.818967944665333e-13
TRT,48,47,42,0.9895833333333333,0.8854166666666666,-1.6724577479704397,2.5875647361361494e-13
TRT,48,47,43,0.9895833333333333,0.9062499999999999,-1.4092267206008753,2.1558307045469962e-13
TRT,48,47,44,0.9895833333333333,0.9270833333333333,-1.121883433330361,2.0377584544210481e-13
TRT,48,47,45,0.9895833333333333,0.9479166666666666,-0.8153444094707152,2.1354812195128145e-13
TRT,48,47,46,0.9895833333333333,0.9687499999999999,-0.49485461670885283,1.8852080793155973e-13
TRT,48,47,47,0.9895833333333333,0.9895833333333333,-0.16589772425547247,1.651630917001214e-13
SRT,48,0,0,0.010416666666666666,0.010416666666666666,0.16519522254514205,-1.0281095806821261e-13
SRT,48,0,1,0.010416666666666666,0.03125,0.4927591315768542,-4.52343193021746e-14
SRT,48,0,2,0.010416666666666666,0.05208333333333333,0.8118917952487408,-6.863089486428696e-14
SRT,48,0,3,0.010416666666666666,0.07291666666666667,1.1171327652049194,-4.448728314006206e-14
SRT,48,0,4,0.010416666666666666,0.09375,1.4032592838207585,-1.0900739346819091e-13
SRT,48,0,5,0.010416666666666666,0.11458333333333333,1.6653756470334824,-1.150825849777498e-13
SRT,48,0,6,0.010416666666666666,0.13541666666666666,1.8989969711961017,-7.477768653093816e-14
SRT,48,0,7,0.010416666666666666,0.15624999999999997,2.100125930680102,-5.1314180286250406e-14
SRT,48,0,8,0.010416666666666666,0.17708333333333331,2.2653211532253006,-7.599970808559919e-14
SRT,48,0,9,0.010416666666666666,0.19791666666666666,2.391756102773147,-5.5518680364884145e-14
SRT,48,0,10,0.010416666666666666,0.21874999999999997,2.4772674422824803,-3.477214968844011e-14
SRT,48,0,11,0.010416666666666666,0.23958333333333331,2.520392049025971,-3.762616459297276e-14
SRT,48,0,12,0.010416666666666666,0.2604166666666667,2.5203920490259857,3.431606913490634e-14
SRT,48,0,13,0.010416666666666666,0.28125,2.4772674422824523,7.948302669564397e-14
SRT,48,0,14,0.010416666666666666,0.3020833333333333,2.391756102773167,6.124167177004724e-14
SRT,48,0,15,0.010416666666666666,0.3229166666666667,2.265321153225303,5.987043650633133e-14
SRT,48,0,16,0.010416666666666666,0.34375,2.1001259306800977,1.154924952434225e-13
SRT,48,0,17,0.010416666666666666,0.3645833333333333,1.8989969711960444,7.917280599398399e-14
SRT,48,0,18,0.010416666666666666,0.3854166666666667,1.6653756470334722,3.517158425351721e-14
SRT,48,0,19,0.010416666666666666,0.40625,1.4032592838207616,3.3837630809624477e-14
SRT,48,0,20,0.010416666666666666,0.4270833333333333,1.1171327652049174,1.8169173452947495e-14
SRT,48,0,21,0.010416666666666666,0.4479166666666667,0.811891795248707,4.0629425662782034e-14
SRT,48,0,22,0.010416666666666666,0.46875,0.49275913157688267,-1.2267878085299807e-14
SRT,48,0,23,0.010416666666666666,0.4895833333333333,0.1651952225450761,-1.0996835170858527e-14
SRT,48,0,24,0.010416666666666666,0.5104166666666666,-0.16519522254514407,1.2046341083902868e-15
SRT,48,0,25,0.010416666666666666,0.5312499999999999,-0.4927591315768783,2.2792027605844785e-14
SRT,48,0,26,0.010416666666666666,0.5520833333333333,-0.8118917952487088,4.8097658122331453e-14
SRT,48,0,27,0.010416666666666666,0.5729166666666666,-1.117132765204884,2.79696165624632e-14
SRT,48,0,28,0.010416666666666666,0.5937499999999999,-1.4032592838207545,5.3548326100976425e-14
SRT,48,0,29,0.010416666666666666,0.6145833333333333,-1.665375647033493,5.816531017899184e-14
SRT,48,0,30,0.010416666666666666,0.6354166666666666,-1.8989969711961394,8.57944323421103e-14
SRT,48,0,31,0.010416666666666666,0.6562499999999999,-2.1001259306801487,4.967938196492459e-14
SRT,48,0,32,0.010416666666666666,0.6770833333333333,-2.265321153225373,1.057733643609561e-13
SRT,48,0,33,0.010416666666666666,0.6979166666666666,-2.3917561027731455,7.636425430164777e-14
SRT,48,0,34,0.010416666666666666,0.7187499999999999,-2.477267442282448,9.784463459083593e-14
SRT,48,0,35,0.010416666666666666,0.7395833333333333,-2.520392049025979,1.1908814096883212e-13
SRT,48,0,36,0.010416666666666666,0.7604166666666666,-2.5203920490260003,5.6185852814300906e-14
SRT,48,0,37,0.010416666666666666,0.7812499999999999,-2.477267442282456,4.543869829531825e-14
SRT,48,0,38,0.010416666666666666,0.8020833333333333,-2.39175610277314,5.521432441475431e-15
SRT,48,0,39,0.010416666666666666,0.8229166666666666,-2.265321153225272,4.318699077002644e-15
SRT,48,0,40,0.010416666666666666,0.8437499999999999,-2.100125930680066,-1.9737575254312983e-15
SRT,48,0,41,0.010416666666666666,0.8645833333333333,-1.8989969711960268,1.8400005101042566e-14
SRT,48,0,42,0.010416666666666666,0.8854166666666666,-1.6653756470334509,5.3433003597344765e-14
SRT,48,0,43,0.010416666666666666,0.9062499999999999,-1.4032592838207605,1.006060208626362e-13
SRT,48,0,44,0.010416666666666666,0.9270833333333333,-1.1171327652048584,4.345188733840294e-14
SRT,48,0,45,0.010416666666666666,0.9479166666666666,-0.8118917952486917,-3.769620713571556e-14
SRT,48,0,46,0.010416666666666666,0.9687499999999999,-0.4927591315768343,-7.940279427718258e-14
SRT,48,0,47,0.010416666666666666,0.9895833333333333,-0.16519522254511745,-1.6576441637785835e-13
SRT,48,1,0,0.03125,0.010416666666666666,0.16519522254513094,-1.2676031152160173e-13
SRT,48,1,1,0.03125,0.03125,0.492759131576885,-9.342931349591516e-14
SRT,48,1,2,0.03125,0.05208333333333333,0.8118917952487501,-1.0085598201489532e-14
SRT,48,1,3,0.03125,0.07291666666666667,1.117132765204949,-8.55010193888947e-14
SRT,48,1,4,0.03125,0.09375,1.4032592838208005,-1.1192312232277895e-13
SRT,48,1,5,0.03125,0.11458333333333333,1.665375647033511,-9.087513542472766e-14
SRT,48,1,6,0.03125,0.13541666666666666,1.8989969711961228,-1.0363546329551112e-13
SRT,48,1,7,0.03125,0.15624999999999997,2.100125930680164,-9.987119672592257e-14
SRT,48,1,8,0.03125,0.17708333333333331,2.2653211532253117,-8.770746452900125e-14
SRT,48,1,9,0.03125,0.19791666666666666,2.391756102773147,-2.293868785936749e-14
SRT,48,1,10,0.03125,0.21874999999999997,2.4772674422824235,-4.930716875637703e-14
SRT,48,1,11,0.03125,0.23958333333333331,2.5203920490259977,2.07738701958195e-14
SRT,48,1,12,0.03125,0.2604166666666667,2.5203920490259977,4.587852642510009e-14
SRT,48,1,13,0.03125,0.28125,2.4772674422824514,6.940682106114181e-14
SRT,48,1,14,0.03125,0.3020833333333333,2.391756102773146,7.771261445627172e-14
SRT,48,1,15,0.03125,0.3229166666666667,2.2653211532253286,1.3647492801312097e-14
SRT,48,1,16,0.03125,0.34375,2.100125930680082,6.121224803200041e-14
SRT,48,1,17,0.03125,0.3645833333333333,1.8989969711960761,9.632071966285583e-14
SRT,48,1,18,0.03125,0.3854166666666667,1.6653756470334349,6.511227112977556e-14
SRT,48,1,19,0.03125,0.40625,1.4032592838208102,1.847180173298137e-14
SRT,48,1,20,0.03125,0.4270833333333333,1.1171327652049161,3.470864207225397e-14
SRT,48,1,21,0.03125,0.4479166666666667,0.8118917952487491,5.6421593260049037e-14
SRT,48,1,22,0.03125,0.46875,0.4927591315768588,-2.3027961054649502e-14
SRT,48,1,23,0.03125,0.4895833333333333,0.16519522254512195,1.6006514610413884e-14
SRT,48,1,24,0.03125,0.5104166666666666,-0.16519522254515281,5.8508017245708e-14
SRT,48,1,25,0.03125,0.5312499999999999,-0.4927591315768677,5.4582060421808654e-14
SRT,48,1,26,0.03125,0.5520833333333333,-0.8118917952486967,4.671903056334249e-14
SRT,48,1,27,0.03125,0.5729166666666666,-1.1171327652048904,1.962042106192207e-14
SRT,48,1,28,0.03125,0.5937499999999999,-1.4032592838207754,-2.906416869562474e-14
SRT,48,1,29,0.03125,0.6145833333333333,-1.665375647033475,3.624703904066821e-14
SRT,48,1,30,0.03125,0.6354166666666666,-1.898996971196119,4.741000982487242e-14
SRT,48,1,31,0.03125,0.6562499999999999,-2.100125930680137,7.671365420094022e-14
SRT,48,1,32,0.03125,0.6770833333333333,-2.2653211532253392,1.220762470606209e-13
SRT,48,1,33,0.03125,0.6979166666666666,-2.3917561027731513,1.236721371350164e-13
SRT,48,1,34,0.03125,0.7187499999999999,-2.477267442282449,1.139513792463903e-13
SRT,48,1,35,0.03125,0.7395833333333333,-2.520392049025987,8.114461606516274e-14
SRT,48,1,36,0.03125,0.7604166666666666,-2.5203920490259786,6.916988501910153e-14
SRT,48,1,37,0.03125,0.7812499999999999,-2.4772674422824124,6.368619526959174e-14
SRT,48,1,38,0.03125,0.8020833333333333,-2.3917561027731193,3.881058913520587e-14
SRT,48,1,39,0.03125,0.8229166666666666,-2.265321153225266,1.0397889572981656e-14
SRT,48,1,40,0.03125,0.8437499999999999,-2.1001259306800866,-2.218161028716128e-14
SRT,48,1,41,0.03125,0.8645833333333333,-1.898996971196063,-2.382634744257771e-14
SRT,48,1,42,0.03125,0.8854166666666666,-1.6653756470334744,6.354967679960758e-14
SRT,48,1,43,0.03125,0.9062499999999999,-1.4032592838207152,1.2106256943338476e-13
SRT,48,1,44,0.03125,0.9270833333333333,-1.1171327652049525,4.538933093185767e-14
SRT,48,1,45,0.03125,0.9479166666666666,-0.8118917952486985,-3.368391040742461e-14
SRT,48,1,46,0.03125,0.9687499999999999,-0.49275913157693824,-8.158876980823553e-14
SRT,48,1,47,0.03125,0.9895833333333333,-0.16519522254516306,-1.8162106125638112e-13
SRT,48,2,0,0.05208333333333333,0.010416666666666666,0.16519522254516392,-9.380360886888572e-14
SRT,48,2,1,0.05208333333333333,0.03125,0.4927591315769527,-1.0387866184289058e-13
SRT,48,2,2,0.05208333333333333,0.05208333333333333,0.811891795248769,-7.311181628555696e-14
SRT,48,2,3,0.05208333333333333,0.07291666666666667,1.1171327652049718,-5.3714948926174627e-14
SRT,48,2,4,0.05208333333333333,0.09375,1.403259283820817,-1.4999186162085977e-13
SRT,48,2,5,0.05208333333333333,0.11458333333333333,1.6653756470334835,-1.1747896492485142e-13
SRT,48,2,6,0.05208333333333333,0.13541666666666666,1.8989969711960695,-7.427029372013947e-14
SRT,48,2,7,0.05208333333333333,0.15624999999999997,2.100125930680095,-6.314259162586138e-14
SRT,48,2,8,0.05208333333333333,0.17708333333333331,2.2653211532253423,-6.684238551942324e-14
SRT,48,2,9,0.05208333333333333,0.19791666666666666,2.391756102773168,-5.0993830717211065e-14
SRT,48,2,10,0.05208333333333333,0.21874999999999997,2.4772674422824843,-2.989707119487438e-14
SRT,48,2,11,0.05208333333333333,0.23958333333333331,2.5203920490260057,9.18438552638364e-15
SRT,48,2,12,0.05208333333333333,0.2604166666666667,2.5203920490260456,4.5467205990083083e-14
SRT,48,2,13,0.05208333333333333,0.28125,2.477267442282451,6.208916797030954e-14
SRT,48,2,14,0.05208333333333333,0.3020833333333333,2.3917561027731744,8.434515788592993e-14
SRT,48,2,15,0.05208333333333333,0.3229166666666667,2.2653211532253357,4.170066203831929e-14
SRT,48,2,16,0.05208333333333333,0.34375,2.1001259306801425,3.19215273281301e-14
SRT,48,2,17,0.05208333333333333,0.3645833333333333,1.898996971196089,6.646915390414711e-14
SRT,48,2,18,0.05208333333333333,0.3854166666666667,1.6653756470334617,6.608090930257552e-14
SRT,48,2,19,0.05208333333333333,0.40625,1.4032592838207647,3.701103746658592e-14
SRT,48,2,20,0.05208333333333333,0.4270833333333333,1.117132765204942,4.6439666461634206e-14
SRT,48,2,21,0.05208333333333333,0.4479166666666667,0.8118917952487247,1.327458634079071e-14
SRT,48,2,22,0.05208333333333333,0.46875,0.4927591315768986,2.7758359414319345e-15
SRT,48,2,23,0.05208333333333333,0.4895833333333333,0.1651952225452021,5.441290044376406e-14
SRT,48,2,24,0.05208333333333333,0.5104166666666666,-0.1651952225450501,6.270558265987736e-14
SRT,48,2,25,0.05208333333333333,0.5312499999999999,-0.4927591315767969,1.1341829501299096e-13
SRT,48,2,26,0.05208333333333333,0.5520833333333333,-0.8118917952486479,3.204174577817252e-14
SRT,48,2,27,0.05208333333333333,0.5729166666666666,-1.117132765204891,7.340449261492696e-16
SRT,48,2,28,0.05208333333333333,0.5937499999999999,-1.4032592838207603,9.953286704097778e-15
SRT,48,2,29,0.05208333333333333,0.6145833333333333,-1.6653756470334342,4.184859571609334e-15
SRT,48,2,30,0.05208333333333333,0.6354166666666666,-1.8989969711961063,5.164950209515199e-14
SRT,48,2,31,0.05208333333333333,0.6562499999999999,-2.100125930680079,8.207214756393087e-14
SRT,48,2,32,0.05208333333333333,0.6770833333333333,-2.2653211532253383,1.4834674603541025e-13
SRT,48,2,33,0.05208333333333333,0.6979166666666666,-2.3917561027731047,1.1040735656137016e-13
SRT,48,2,34,0.05208333333333333,0.7187499999999999,-2.477267442282436,8.154230265075484e-14
SRT,48,2,35,0.05208333333333333,0.7395833333333333,-2.520392049025947,1.0676878158542696e-13
SRT,48,2,36,0.05208333333333333,0.7604166666666666,-2.5203920490259937,6.498243682098181e-14
SRT,48,2,37,0.05208333333333333,0.7812499999999999,-2.4772674422823924,4.273914083950791e-14
SRT,48,2,38,0.05208333333333333,0.8020833333333333,-2.3917561027731304,4.32840283683473e-14
SRT,48,2,39,0.05208333333333333,0.8229166666666666,-2.2653211532252806,8.302424333330434e-15
SRT,48,2,40,0.05208333333333333,0.8437499999999999,-2.100125930680101,8.079002920442232e-15
SRT,48,2,41,0.05208333333333333,0.8645833333333333,-1.898996971196071,-4.437358377461976e-15
SRT,48,2,42,0.05208333333333333,0.8854166666666666,-1.6653756470334458,4.733081504114336e-14
SRT,48,2,43,0.05208333333333333,0.9062499999999999,-1.4032592838208229,7.713456999142924e-14
SRT,48,2,44,0.05208333333333333,0.9270833333333333,-1.1171327652049863,3.71807032544372e-14
SRT,48,2,45,0.05208333333333333,0.9479166666666666,-0.8118917952487561,-5.852666185507174e-14
SRT,48,2,46,0.05208333333333333,0.9687499999999999,-0.4927591315769423,-1.4265855720455352e-13
SRT,48,2,47,0.05208333333333333,0.9895833333333333,-0.16519522254514057,-1.4956497901254618e-13
SRT,48,3,0,0.07291666666666667,0.010416666666666666,0.1651952225451153,-6.54702123175318e-14
SRT,48,3,1,0.07291666666666667,0.03125,0.4927591315769524,-1.0752233308554228e-13
SRT,48,3,2,0.07291666666666667,0.05208333333333333,0.8118917952487823,-4.2276150820836823e-14
SRT,48,3,3,0.07291666666666667,0.07291666666666667,1.117132765204985,-8.116411967627615e-14
SRT,48,3,4,0.07291666666666667,0.09375,1.4032592838207842,-1.4162045511963953e-13
SRT,48,3,5,0.07291666666666667,0.11458333333333333,1.665375647033491,-1.4306775934817803e-13
SRT,48,3,6,0.07291666666666667,0.13541666666666666,1.8989969711960375,-1.3512749059221236e-13
SRT,48,3,7,0.07291666666666667,0.15624999999999997,2.1001259306801083,-4.450351851209794e-14
SRT,48,3,8,0.07291666666666667,0.17708333333333331,2.265321153225296,-2.13581167247489e-14
SRT,48,3,9,0.07291666666666667,0.19791666666666666,2.391756102773206,-4.145508129365537e-14
SRT,48,3,10,0.07291666666666667,0.21874999999999997,2.4772674422824803,-4.3686513418733974e-14
SRT,48,3,11,0.07291666666666667,0.23958333333333331,2.5203920490260066,2.8645768531088135e-14
SRT,48,3,12,0.07291666666666667,0.2604166666666667,2.520392049025997,2.86401964972713e-14
SRT,48,3,13,0.07291666666666667,0.28125,2.4772674422824323,4.0793725214158836e-14
SRT,48,3,14,0.07291666666666667,0.3020833333333333,2.391756102773133,7.824636174291705e-14
SRT,48,3,15,0.07291666666666667,0.3229166666666667,2.265321153225333,5.631445147092111e-14
SRT,48,3,16,0.07291666666666667,0.34375,2.100125930680131,4.1178415496033414e-15
SRT,48,3,17,0.07291666666666667,0.3645833333333333,1.8989969711960983,2.8703378162001496e-14
SRT,48,3,18,0.07291666666666667,0.3854166666666667,1.6653756470334244,6.508536223793836e-14
SRT,48,3,19,0.07291666666666667,0.40625,1.4032592838207092,3.9385565701359816e-14
SRT,48,3,20,0.07291666666666667,0.4270833333333333,1.1171327652048895,7.509017721094402e-14
SRT,48,3,21,0.07291666666666667,0.4479166666666667,0.8118917952486997,5.2236632634826714e-14
SRT,48,3,22,0.07291666666666667,0.46875,0.49275913157693374,7.056719846252666e-14
SRT,48,3,23,0.07291666666666667,0.4895833333333333,0.16519522254521843,1.3481797362616674e-13
SRT,48,3,24,0.07291666666666667,0.5104166666666666,-0.16519522254498398,9.202223291748127e-14
SRT,48,3,25,0.07291666666666667,0.5312499999999999,-0.49275913157677276,8.224851535913228e-14
SRT,48,3,26,0.07291666666666667,0.5520833333333333,-0.8118917952486492,2.7144009250048642e-14
SRT,48,3,27,0.07291666666666667,0.5729166666666666,-1.117132765204842,-2.800092724633019e-15
SRT,48,3,28,0.07291666666666667,0.5937499999999999,-1.403259283820688,-3.0246188631671284e-14
SRT,48,3,29,0.07291666666666667,0.6145833333333333,-1.665375647033423,-1.507990825011738e-14
SRT,48,3,30,0.07291666666666667,0.6354166666666666,-1.898996971195997,2.2009958715239572e-14
SRT,48,3,31,0.07291666666666667,0.6562499999999999,-2.1001259306800657,7.461533220946083e-14
SRT,48,3,32,0.07291666666666667,0.6770833333333333,-2.2653211532252606,9.40553548395627e-14
SRT,48,3,33,0.07291666666666667,0.6979166666666666,-2.391756102773111,1.6287052131414319e-13
SRT,48,3,34,0.07291666666666667,0.7187499999999999,-2.4772674422824257,1.1078989798313798e-13
SRT,48,3,35,0.07291666666666667,0.7395833333333333,-2.5203920490259297,7.842273646787928e-14
SRT,48,3,36,0.07291666666666667,0.7604166666666666,-2.5203920490259577,1.0327758031034959e-13
SRT,48,3,37,0.07291666666666667,0.7812499999999999,-2.477267442282366,6.083971515960122e-14
SRT,48,3,38,0.07291666666666667,0.8020833333333333,-2.391756102773087,4.396798097391524e-14
SRT,48,3,39,0.07291666666666667,0.8229166666666666,-2.2653211532252424,-2.1128355096651374e-14
SRT,48,3,40,0.07291666666666667,0.8437499999999999,-2.1001259306800644,-2.819374747385049e-14
SRT,48,3,41,0.07291666666666667,0.8645833333333333,-1.8989969711960129,2.4382163385806115e-14
SRT,48,3,42,0.07291666666666667,0.8854166666666666,-1.6653756470334522,1.1340424201011436e-14
SRT,48,3,43,0.07291666666666667,0.9062499999999999,-1.40325928382073,5.045916246189911e-14
SRT,48,3,44,0.07291666666666667,0.9270833333333333,-1.1171327652049647,2.702600888497666e-14
SRT,48,3,45,0.07291666666666667,0.9479166666666666,-0.8118917952487796,-9.825688679525433e-14
SRT,48,3,46,0.07291666666666667,0.9687499999999999,-0.49275913157693246,-1.3087736884690354e-13
SRT,48,3,47,0.07291666666666667,0.9895833333333333,-0.16519522254514768,-1.4299407641097245e-13
SRT,48,4,0,0.09375,0.010416666666666666,0.16519522254510813,-5.851987049484442e-14
SRT,48,4,1,0.09375,0.03125,0.49275913157688833,-4.779488020283395e-14
SRT,48,4,2,0.09375,0.05208333333333333,0.8118917952487574,-1.1740894342653068e-13
SRT,48,4,3,0.09375,0.07291666666666667,1.1171327652049283,-1.2563186211201065e-13
SRT,48,4,4,0.09375,0.09375,1.4032592838207503,-1.5982167742327983e-13
SRT,48,4,5,0.09375,0.11458333333333333,1.6653756470334096,-1.600561148672856e-13
SRT,48,4,6,0.09375,0.13541666666666666,1.8989969711960761,-9.867201035946555e-14
SRT,48,4,7,0.09375,0.15624999999999997,2.1001259306800697,-4.564021063633298e-14
SRT,48,4,8,0.09375,0.17708333333333331,2.2653211532252873,1.3647440749959783e-14
SRT,48,4,9,0.09375,0.19791666666666666,2.3917561027731287,-1.9557380131257956e-14
SRT,48,4,10,0.09375,0.21874999999999997,2.4772674422824936,-2.9019490746446116e-14
SRT,48,4,11,0.09375,0.23958333333333331,2.520392049026005,7.0206703477769195e-15
SRT,48,4,12,0.09375,0.2604166666666667,2.5203920490260248,1.5562445763631143e-14
SRT,48,4,13,0.09375,0.28125,2.477267442282453,5.3921664168494135e-14
SRT,48,4,14,0.09375,0.3020833333333333,2.3917561027731895,7.131713406774732e-14
SRT,48,4,15,0.09375,0.3229166666666667,2.265321153225321,7.579813303486268e-14
SRT,48,4,16,0.09375,0.34375,2.10012593068014,2.511301864284611e-14
SRT,48,4,17,0.09375,0.3645833333333333,1.8989969711960961,-1.1554661810146651e-14
SRT,48,4,18,0.09375,0.3854166666666667,1.6653756470334808,-6.64703193206909e-15
SRT,48,4,19,0.09375,0.40625,1.4032592838207099,3.2384208835609884e-14
SRT,48,4,20,0.09375,0.4270833333333333,1.1171327652048706,7.845573653148871e-14
SRT,48,4,21,0.09375,0.4479166666666667,0.8118917952486872,1.0468192472441288e-13
SRT,48,4,22,0.09375,0.46875,0.4927591315769124,1.1586977468384895e-13
SRT,48,4,23,0.09375,0.4895833333333333,0.16519522254515964,1.8768596755668334e-13
SRT,48,4,24,0.09375,0.5104166666666666,-0.1651952225450856,1.3652239884102417e-13
SRT,48,4,25,0.09375,0.5312499999999999,-0.4927591315768367,4.9353649106911856e-14
SRT,48,4,26,0.09375,0.5520833333333333,-0.8118917952486537,1.8607263684362287e-14
SRT,48,4,27,0.09375,0.5729166666666666,-1.1171327652048941,-4.3878183107869076e-15
SRT,48,4,28,0.09375,0.5937499999999999,-1.4032592838207212,-4.649539050727352e-14
SRT,48,4,29,0.09375,0.6145833333333333,-1.665375647033439,1.6458391853571452e-14
SRT,48,4,30,0.09375,0.6354166666666666,-1.8989969711960089,3.852711562437712e-14
SRT,48,4,31,0.09375,0.6562499999999999,-2.100125930680048,5.792086289397766e-14
SRT,48,4,32,0.09375,0.6770833333333333,-2.2653211532252517,1.2550258138318534e-13
SRT,48,4,33,0.09375,0.6979166666666666,-2.391756102773139,1.2055452944323914e-13
SRT,48,4,34,0.09375,0.7187499999999999,-2.4772674422824608,1.1045072579485738e-13
SRT,48,4,35,0.09375,0.7395833333333333,-2.520392049025944,9.799910810207548e-14
SRT,48,4,36,0.09375,0.7604166666666666,-2.5203920490259297,7.65928574672957e-14
SRT,48,4,37,0.09375,0.7812499999999999,-2.4772674422824092,7.213614691514918e-14
SRT,48,4,38,0.09375,0.8020833333333333,-2.3917561027730474,7.17749514872998e-14
SRT,48,4,39,0.09375,0.8229166666666666,-2.2653211532252326,-2.0659977543720055e-14
SRT,48,4,40,0.09375,0.8437499999999999,-2.1001259306800217,4.887024860161824e-15
SRT,48,4,41,0.09375,0.8645833333333333,-1.898996971196035,-2.848155756080891e-14
SRT,48,4,42,0.09375,0.8854166666666666,-1.665375647033433,-2.52635929569179e-14
SRT,48,4,43,0.09375,0.9062499999999999,-1.4032592838207716,1.1458398011850847e-14
SRT,48,4,44,0.09375,0.9270833333333333,-1.117132765204957,-3.554775758127848e-14
SRT,48,4,45,0.09375,0.9479166666666666,-0.8118917952487954,-7.992012635051418e-14
SRT,48,4,46,0.09375,0.9687499999999999,-0.4927591315769439,-1.2756456152798523e-13
SRT,48,4,47,0.09375,0.9895833333333333,-0.16519522254521893,-1.4948180908330177e-13
SRT,48,5,0,0.11458333333333333,0.010416666666666666,0.16519522254510852,-1.980159774935945e-14
SRT,48,5,1,0.11458333333333333,0.03125,0.49275913157690965,-5.5983858464963855e-14
SRT,48,5,2,0.11458333333333333,0.05208333333333333,0.8118917952486784,-9.532990144910935e-14
SRT,48,5,3,0.11458333333333333,0.07291666666666667,1.117132765204918,-2.0108592449734338e-13
SRT,48,5,4,0.11458333333333333,0.09375,1.4032592838206772,-1.886961633125613e-13
SRT,48,5,5,0.11458333333333333,0.11458333333333333,1.665375647033409,-1.1541168200972704e-13
SRT,48,5,6,0.11458333333333333,0.13541666666666666,1.8989969711960357,-1.0599121865916668e-13
SRT,48,5,7,0.11458333333333333,0.15624999999999997,2.1001259306800844,-6.122140218482446e-14
SRT,48,5,8,0.11458333333333333,0.17708333333333331,2.265321153225265,3.4597763552504854e-14
SRT,48,5,9,0.11458333333333333,0.19791666666666666,2.391756102773093,3.1831459080587705e-14
SRT,48,5,10,0.11458333333333333,0.21874999999999997,2.4772674422824745,-4.9599412104105055e-15
SRT,48,5,11,0.11458333333333333,0.23958333333333331,2.5203920490260177,-1.2575653258937068e-14
SRT,48,5,12,0.11458333333333333,0.2604166666666667,2.520392049026062,1.5196850877891952e-14
SRT,48,5,13,0.11458333333333333,0.28125,2.477267442282512,7.62692024431063e-14
SRT,48,5,14,0.11458333333333333,0.3020833333333333,2.3917561027732295,5.269264511495947e-14
SRT,48,5,15,0.11458333333333333,0.3229166666666667,2.2653211532253383,4.276138514759244e-14
SRT,48,5,16,0.11458333333333333,0.34375,2.100125930680153,4.641752808668847e-14
SRT,48,5,17,0.11458333333333333,0.3645833333333333,1.898996971196105,-2.5077711050868163e-14
SRT,48,5,18,0.11458333333333333,0.3854166666666667,1.6653756470334975,-5.4620489379622756e-14
SRT,48,5,19,0.11458333333333333,0.40625,1.4032592838207512,2.4454132372504216e-15
SRT,48,5,20,0.11458333333333333,0.4270833333333333,1.117132765204891,9.43227285701695e-14
SRT,48,5,21,0.11458333333333333,0.4479166666666667,0.8118917952487411,1.5295003306446484e-13
SRT,48,5,22,0.11458333333333333,0.46875,0.492759131576856,1.6463690951570817e-13
SRT,48,5,23,0.11458333333333333,0.4895833333333333,0.16519522254513203,1.7209606554385082e-13
SRT,48,5,24,0.11458333333333333,0.5104166666666666,-0.16519522254518867,1.483389318925105e-13
SRT,48,5,25,0.11458333333333333,0.5312499999999999,-0.49275913157690493,1.1884572587635154e-13
SRT,48,5,26,0.11458333333333333,0.5520833333333333,-0.8118917952487423,3.357052253995785e-14
SRT,48,5,27,0.11458333333333333,0.5729166666666666,-1.1171327652049325,-5.359240981231998e-15
SRT,48,5,28,0.11458333333333333,0.5937499999999999,-1.4032592838207643,-3.0915344025061267e-14
SRT,48,5,29,0.11458333333333333,0.6145833333333333,-1.6653756470334375,-7.600205160991852e-15
SRT,48,5,30,0.11458333333333333,0.6354166666666666,-1.8989969711960815,2.7420681149488717e-14
SRT,48,5,31,0.11458333333333333,0.6562499999999999,-2.1001259306800484,6.76822186985753e-14
SRT,48,5,32,0.11458333333333333,0.6770833333333333,-2.2653211532252957,4.0948308163521115e-14
SRT,48,5,33,0.11458333333333333,0.6979166666666666,-2.391756102773174,6.430369165101766e-14
SRT,48,5,34,0.11458333333333333,0.7187499999999999,-2.4772674422824634,1.521397814042395e-13
SRT,48,5,35,0.11458333333333333,0.7395833333333333,-2.52039204902601,1.8351279314229898e-13
SRT,48,5,36,0.11458333333333333,0.7604166666666666,-2.5203920490259515,8.89405697774313e-14
SRT,48,5,37,0.11458333333333333,0.7812499999999999,-2.4772674422824443,6.118852342749482e-14
SRT,48,5,38,0.11458333333333333,0.8020833333333333,-2.3917561027731034,5.833064624838814e-14
SRT,48,5,39,0.11458333333333333,0.8229166666666666,-2.2653211532253104,-4.106997753954778e-14
SRT,48,5,40,0.11458333333333333,0.8437499999999999,-2.100125930680096,-4.865013859971805e-14
SRT,48,5,41,0.11458333333333333,0.8645833333333333,-1.8989969711960843,1.8714370718906398e-14
SRT,48,5,42,0.11458333333333333,0.8854166666666666,-1.6653756470334808,-3.067115346876617e-14
SRT,48,5,43,0.11458333333333333,0.9062499999999999,-1.4032592838208262,-4.65546706521522e-14
SRT,48,5,44,0.11458333333333333,0.9270833333333333,-1.1171327652050274,-6.944450646028975e-14
SRT,48,5,45,0.11458333333333333,0.9479166666666666,-0.811891795248829,-1.3140075748741497e-13
SRT,48,5,46,0.11458333333333333,0.9687499999999999,-0.4927591315770059,-1.3172670407877663e-13
SRT,48,5,47,0.11458333333333333,0.9895833333333333,-0.16519522254519065,-1.1338679654558344e-13
SRT,48,6,0,0.13541666666666666,0.010416666666666666,0.16519522254509414,-2.2065002337348687e-14
SRT,48,6,1,0.13541666666666666,0.03125,0.49275913157688545,-6.922966577195427e-14
SRT,48,6,2,0.13541666666666666,0.05208333333333333,0.8118917952487067,-1.3943349807617787e-13
SRT,48,6,3,0.13541666666666666,0.07291666666666667,1.1171327652049121,-1.8880125578863545e-13
SRT,48,6,4,0.13541666666666666,0.09375,1.4032592838207918,-1.8155445721492794e-13
SRT,48,6,5,0.13541666666666666,0.11458333333333333,1.6653756470334977,-9.885943532946753e-14
SRT,48,6,6,0.13541666666666666,0.13541666666666666,1.8989969711960697,-7.380618215879589e-14
SRT,48,6,7,0.13541666666666666,0.15624999999999997,2.1001259306801314,-7.166489360349555e-14
SRT,48,6,8,0.13541666666666666,0.17708333333333331,2.2653211532253104,1.1800955989748742e-14
SRT,48,6,9,0.13541666666666666,0.19791666666666666,2.391756102773138,3.3513944531722306e-14
SRT,48,6,10,0.13541666666666666,0.21874999999999997,2.477267442282431,2.9323311274684483e-14
SRT,48,6,11,0.13541666666666666,0.23958333333333331,2.5203920490259937,1.1790585328010265e-14
SRT,48,6,12,0.13541666666666666,0.2604166666666667,2.5203920490260048,4.459140806028086e-14
SRT,48,6,13,0.13541666666666666,0.28125,2.477267442282484,7.394484112998729e-14
SRT,48,6,14,0.13541666666666666,0.3020833333333333,2.391756102773171,3.5933241019824366e-14
SRT,48,6,15,0.13541666666666666,0.3229166666666667,2.2653211532253477,2.2813209288305445e-14
SRT,48,6,16,0.13541666666666666,0.34375,2.100125930680146,1.0674689655711347e-14
SRT,48,6,17,0.13541666666666666,0.3645833333333333,1.8989969711960935,-4.6168448669139495e-14
SRT,48,6,18,0.13541666666666666,0.3854166666666667,1.6653756470334862,-9.172929006766645e-14
SRT,48,6,19,0.13541666666666666,0.40625,1.4032592838208024,3.3559898567791444e-14
SRT,48,6,20,0.13541666666666666,0.4270833333333333,1.1171327652049807,1.1362967167681038e-13
SRT,48,6,21,0.13541666666666666,0.4479166666666667,0.8118917952487474,1.2973404679970638e-13
SRT,48,6,22,0.13541666666666666,0.46875,0.49275913157691975,1.464508067106166e-13
SRT,48,6,23,0.13541666666666666,0.4895833333333333,0.165195222545128,1.8434248423687638e-13
SRT,48,6,24,0.13541666666666666,0.5104166666666666,-0.16519522254515304,1.396776728170508e-13
SRT,48,6,25,0.13541666666666666,0.5312499999999999,-0.49275913157694606,1.0853451618534861e-13
SRT,48,6,26,0.13541666666666666,0.5520833333333333,-0.8118917952487786,3.910368416599016e-14
SRT,48,6,27,0.13541666666666666,0.5729166666666666,-1.117132765204967,6.847228678766906e-15
SRT,48,6,28,0.13541666666666666,0.5937499999999999,-1.4032592838207916,-9.848018495127035e-15
SRT,48,6,29,0.13541666666666666,0.6145833333333333,-1.6653756470335335,-7.789803335253812e-15
SRT,48,6,30,0.13541666666666666,0.6354166666666666,-1.898996971196106,7.214661480702484e-14
SRT,48,6,31,0.13541666666666666,0.6562499999999999,-2.1001259306801563,8.945783651620248e-14
SRT,48,6,32,0.13541666666666666,0.6770833333333333,-2.2653211532253263,4.6198675315221314e-14
SRT,48,6,33,0.13541666666666666,0.6979166666666666,-2.39175610277316,5.163124086895053e-14
SRT,48,6,34,0.13541666666666666,0.7187499999999999,-2.4772674422824563,1.182251083049327e-13
SRT,48,6,35,0.13541666666666666,0.7395833333333333,-2.520392049026043,1.5292520539323935e-13
SRT,48,6,36,0.13541666666666666,0.7604166666666666,-2.5203920490260114,9.663887604761595e-14
SRT,48,6,37,0.13541666666666666,0.7812499999999999,-2.477267442282463,8.23429729927542e-14
SRT,48,6,38,0.13541666666666666,0.8020833333333333,-2.3917561027731975,7.158337041910778e-14
SRT,48,6,39,0.13541666666666666,0.8229166666666666,-2.265321153225357,-2.8345108599999714e-14
SRT,48,6,40,0.13541666666666666,0.8437499999999999,-2.100125930680169,6.450635470328818e-15
SRT,48,6,41,0.13541666666666666,0.8645833333333333,-1.8989969711961148,-4.28772187491749e-14
SRT,48,6,42,0.13541666666666666,0.8854166666666666,-1.6653756470335483,-7.215996043576039e-14
SRT,48,6,43,0.13541666666666666,0.9062499999999999,-1.4032592838208156,-6.718858005502164e-14
SRT,48,6,44,0.13541666666666666,0.9270833333333333,-1.1171327652050327,-1.0316294058175033e-13
SRT,48,6,45,0.13541666666666666,0.9479166666666666,-0.8118917952488217,-1.1602498645363035e-13
SRT,48,6,46,0.13541666666666666,0.9687499999999999,-0.4927591315769842,-1.335965522907435e-13
SRT,48,6,47,0.13541666666666666,0.9895833333333333,-0.16519522254515395,-9.026818111247087e-14
SRT,48,7,0,0.15624999999999997,0.010416666666666666,0.16519522254507948,-3.816587988585922e-14
SRT,48,7,1,0.15624999999999997,0.03125,0.4927591315768232,-5.631333904128204e-14
SRT,48,7,2,0.15624999999999997,0.05208333333333333,0.8118917952486691,-1.3800647975689105e-13
SRT,48,7,3,0.15624999999999997,0.07291666666666667,1.1171327652049339,-1.9693857485210613e-13
SRT,48,7,4,0.15624999999999997,0.09375,1.4032592838207794,-1.5523514807359594e-13
SRT,48,7,5,0.15624999999999997,0.11458333333333333,1.665375647033537,-1.2707140826749148e-13
SRT,48,7,6,0.15624999999999997,0.13541666666666666,1.8989969711961143,-8.359186168039013e-14
SRT,48,7,7,0.15624999999999997,0.15624999999999997,2.100125930680153,-5.076506028020272e-14
SRT,48,7,8,0.15624999999999997,0.17708333333333331,2.2653211532253223,1.380844513254995e-14
SRT,48,7,9,0.15624999999999997,0.19791666666666666,2.391756102773183,4.2075107506103696e-15
SRT,48,7,10,0.15624999999999997,0.21874999999999997,2.4772674422824394,5.348523382313408e-14
SRT,48,7,11,0.15624999999999997,0.23958333333333331,2.520392049025986,2.6248583054148054e-14
SRT,48,7,12,0.15624999999999997,0.2604166666666667,2.5203920490260154,5.84236573979808e-14
SRT,48,7,13,0.15624999999999997,0.28125,2.477267442282455,6.469375504322228e-14
SRT,48,7,14,0.15624999999999997,0.3020833333333333,2.391756102773177,4.0264799583296846e-14
SRT,48,7,15,0.15624999999999997,0.3229166666666667,2.265321153225332,5.824301443788091e-14
SRT,48,7,16,0.15624999999999997,0.34375,2.1001259306801545,8.49019507999626e-15
SRT,48,7,17,0.15624999999999997,0.3645833333333333,1.8989969711961303,-5.307268612701183e-14
SRT,48,7,18,0.15624999999999997,0.3854166666666667,1.6653756470335521,-7.519526637534723e-14
SRT,48,7,19,0.15624999999999997,0.40625,1.4032592838208706,3.371920252126648e-14
SRT,48,7,20,0.15624999999999997,0.4270833333333333,1.1171327652050143,6.757820417553103e-14
SRT,48,7,21,0.15624999999999997,0.4479166666666667,0.811891795248789,1.5488694892501883e-13
SRT,48,7,22,0.15624999999999997,0.46875,0.4927591315769209,1.5571899092594093e-13
SRT,48,7,23,0.15624999999999997,0.4895833333333333,0.16519522254512345,1.2329110482492667e-13
SRT,48,7,24,0.15624999999999997,0.5104166666666666,-0.16519522254519403,1.2847998346798017e-13
SRT,48,7,25,0.15624999999999997,0.5312499999999999,-0.4927591315769501,1.3263087688858106e-13
SRT,48,7,26,0.15624999999999997,0.5520833333333333,-0.8118917952487884,6.062011981299531e-14
SRT,48,7,27,0.15624999999999997,0.5729166666666666,-1.1171327652049865,1.4715262135776956e-15
SRT,48,7,28,0.15624999999999997,0.5937499999999999,-1.4032592838208764,-3.395228804629559e-14
SRT,48,7,29,0.15624999999999997,0.6145833333333333,-1.6653756470335503,-5.603472071578884e-15
SRT,48,7,30,0.15624999999999997,0.6354166666666666,-1.8989969711961328,6.283429423117173e-14
SRT,48,7,31,0.15624999999999997,0.6562499999999999,-2.1001259306801394,9.491832412614485e-14
SRT,48,7,32,0.15624999999999997,0.6770833333333333,-2.2653211532253223,6.004465639881886e-14
SRT,48,7,33,0.15624999999999997,0.6979166666666666,-2.391756102773137,5.552128082002926e-14
SRT,48,7,34,0.15624999999999997,0.7187499999999999,-2.47726744228246,1.3621132998005586e-13
SRT,48,7,35,0.15624999999999997,0.7395833333333333,-2.5203920490260368,1.3659445654195038e-13
SRT,48,7,36,0.15624999999999997,0.7604166666666666,-2.5203920490260336,1.1795802117497365e-13
SRT,48,7,37,0.15624999999999997,0.7812499999999999,-2.477267442282555,4.4173600743826475e-14
SRT,48,7,38,0.15624999999999997,0.8020833333333333,-2.391756102773219,2.0815562894021545e-14
SRT,48,7,39,0.15624999999999997,0.8229166666666666,-2.265321153225418,1.6855773977491862e-16
SRT,48,7,40,0.15624999999999997,0.8437499999999999,-2.1001259306801767,-4.5428990749538133e-14
SRT,48,7,41,0.15624999999999997,0.8645833333333333,-1.898996971196196,-1.4682579082865203e-15
SRT,48,7,42,0.15624999999999997,0.8854166666666666,-1.6653756470335535,-4.2027975428027455e-14
SRT,48,7,43,0.15624999999999997,0.9062499999999999,-1.4032592838209204,-9.656403833659622e-14
SRT,48,7,44,0.15624999999999997,0.9270833333333333,-1.117132765205004,-1.3333707814999828e-13
SRT,48,7,45,0.15624999999999997,0.9479166666666666,-0.811891795248807,-1.1378107566264148e-13
SRT,48,7,46,0.15624999999999997,0.9687499999999999,-0.49275913157690865,-1.0934908379653655e-13
SRT,48,7,47,0.15624999999999997,0.9895833333333333,-0.16519522254521152,-1.0125148376127531e-13
SRT,48,8,0,0.17708333333333331,0.010416666666666666,0.1651952225450755,-6.242649274884023e-14
SRT,48,8,1,0.17708333333333331,0.03125,0.4927591315768189,-1.2201553275106136e-13
SRT,48,8,2,0.17708333333333331,0.05208333333333333,0.8118917952486704,-1.1732066671416806e-13
SRT,48,8,3,0.17708333333333331,0.07291666666666667,1.11713276520488,-1.3109771266200662e-13
SRT,48,8,4,0.17708333333333331,0.09375,1.4032592838207856,-1.218088244428954e-13
SRT,48,8,5,0.17708333333333331,0.11458333333333333,1.6653756470334975,-6.535788667137939e-14
SRT,48,8,6,0.17708333333333331,0.13541666666666666,1.8989969711960974,-1.0926899195094252e-13
SRT,48,8,7,0.17708333333333331,0.15624999999999997,2.1001259306801385,-7.948097678994129e-14
SRT,48,8,8,0.17708333333333331,0.17708333333333331,2.2653211532253366,1.8426388283420956e-14
SRT,48,8,9,0.17708333333333331,0.19791666666666666,2.391756102773175,1.9098871351487263e-14
SRT,48,8,10,0.17708333333333331,0.21874999999999997,2.477267442282437,7.294564732714447e-15
SRT,48,8,11,0.17708333333333331,0.23958333333333331,2.520392049026021,2.786778280164593e-14
SRT,48,8,12,0.17708333333333331,0.2604166666666667,2.5203920490259684,6.943103626054281e-14
SRT,48,8,13,0.17708333333333331,0.28125,2.4772674422824608,2.6502434998681433e-14
SRT,48,8,14,0.17708333333333331,0.3020833333333333,2.391756102773149,4.485632033975061e-14
SRT,48,8,15,0.17708333333333331,0.3229166666666667,2.265321153225297,4.779499329932147e-14
SRT,48,8,16,0.17708333333333331,0.34375,2.1001259306801217,2.634064300243672e-14
SRT,48,8,17,0.17708333333333331,0.3645833333333333,1.898996971196105,-9.253810845783005e-15
SRT,48,8,18,0.17708333333333331,0.3854166666666667,1.6653756470335668,-5.530341642363368e-14
SRT,48,8,19,0.17708333333333331,0.40625,1.4032592838208893,2.711275797394823e-14
SRT,48,8,20,0.17708333333333331,0.4270833333333333,1.1171327652050307,1.0934798785237962e-13
SRT,48,8,21,0.17708333333333331,0.4479166666666667,0.8118917952488144,1.0325631924908306e-13
SRT,48,8,22,0.17708333333333331,0.46875,0.4927591315769258,8.697210431270884e-14
SRT,48,8,23,0.17708333333333331,0.4895833333333333,0.16519522254511176,1.055612347824901e-13
SRT,48,8,24,0.17708333333333331,0.5104166666666666,-0.16519522254521415,8.897622311637756e-14
SRT,48,8,25,0.17708333333333331,0.5312499999999999,-0.4927591315769995,1.3681639652828135e-13
SRT,48,8,26,0.17708333333333331,0.5520833333333333,-0.8118917952488266,8.879023544772059e-14
SRT,48,8,27,0.17708333333333331,0.5729166666666666,-1.1171327652050134,6.043732164852053e-15
SRT,48,8,28,0.17708333333333331,0.5937499999999999,-1.4032592838208149,-1.803340837709775e-14
SRT,48,8,29,0.17708333333333331,0.6145833333333333,-1.6653756470335095,-6.547285159553108e-15
SRT,48,8,30,0.17708333333333331,0.6354166666666666,-1.898996971196105,7.247024769943156e-14
SRT,48,8,31,0.17708333333333331,0.6562499999999999,-2.1001259306801527,1.1911264686210302e-13
SRT,48,8,32,0.17708333333333331,0.6770833333333333,-2.2653211532253383,8.040482855967796e-14
SRT,48,8,33,0.17708333333333331,0.6979166666666666,-2.391756102773204,5.144429552770247e-14
SRT,48,8,34,0.17708333333333331,0.7187499999999999,-2.477267442282485,8.726134584965526e-14
SRT,48,8,35,0.17708333333333331,0.7395833333333333,-2.5203920490260394,1.3418279134805626e-13
SRT,48,8,36,0.17708333333333331,0.7604166666666666,-2.5203920490260523,8.524627131081821e-14
SRT,48,8,37,0.17708333333333331,0.7812499999999999,-2.4772674422825043,6.700544839126324e-14
SRT,48,8,38,0.17708333333333331,0.8020833333333333,-2.391756102773225,3.139917584621695e-14
SRT,48,8,39,0.17708333333333331,0.8229166666666666,-2.2653211532253623,-2.0516424493637497e-15
SRT,48,8,40,0.17708333333333331,0.8437499999999999,-2.100125930680196,-6.260062146445559e-15
SRT,48,8,41,0.17708333333333331,0.8645833333333333,-1.8989969711961494,-5.346853255869078e-14
SRT,48,8,42,0.17708333333333331,0.8854166666666666,-1.6653756470335734,-6.661062884373602e-14
SRT,48,8,43,0.17708333333333331,0.9062499999999999,-1.4032592838208597,-1.0696553158474953e-13
SRT,48,8,44,0.17708333333333331,0.9270833333333333,-1.117132765205018,-9.206533597271007e-14
SRT,48,8,45,0.17708333333333331,0.9479166666666666,-0.8118917952487787,-5.646155836168884e-14
SRT,48,8,46,0.17708333333333331,0.9687499999999999,-0.49275913157694895,-1.4742075147416504e-13
SRT,48,8,47,0.17708333333333331,0.9895833333333333,-0.16519522254516714,-1.3520269410204473e-13
SRT,48,9,0,0.19791666666666666,0.010416666666666666,0.16519522254511926,-1.0809905722419476e-13
SRT,48,9,1,0.19791666666666666,0.03125,0.4927591315768721,-8.727508885135041e-14
SRT,48,9,2,0.19791666666666666,0.05208333333333333,0.811891795248698,-1.3684263512982372e-13
SRT,48,9,3,0.19791666666666666,0.07291666666666667,1.117132765204916,-1.3742899564385076e-13
SRT,48,9,4,0.19791666666666666,0.09375,1.4032592838207574,-9.735023666103653e-14
SRT,48,9,5,0.19791666666666666,0.11458333333333333,1.6653756470334802,-1.2010067281073777e-13
SRT,48,9,6,0.19791666666666666,0.13541666666666666,1.8989969711960728,-8.685021697560521e-14
SRT,48,9,7,0.19791666666666666,0.15624999999999997,2.100125930680114,-9.03490671649246e-15
SRT,48,9,8,0.19791666666666666,0.17708333333333331,2.2653211532253517,2.5582150810749606e-14
SRT,48,9,9,0.19791666666666666,0.19791666666666666,2.391756102773176,-3.598993057887286e-14
SRT,48,9,10,0.19791666666666666,0.21874999999999997,2.477267442282451,4.0748802209606733e-14
SRT,48,9,11,0.19791666666666666,0.23958333333333331,2.5203920490259737,9.852587095817065e-15
SRT,48,9,12,0.19791666666666666,0.2604166666666667,2.5203920490259897,8.171484304735447e-14
SRT,48,9,13,0.19791666666666666,0.28125,2.477267442282436,6.781925599600727e-14
SRT,48,9,14,0.19791666666666666,0.3020833333333333,2.3917561027731966,2.458998167247584e-14
SRT,48,9,15,0.19791666666666666,0.3229166666666667,2.2653211532253303,4.3013556607535024e-14
SRT,48,9,16,0.19791666666666666,0.34375,2.100125930680141,-2.4787959820792564e-14
SRT,48,9,17,0.19791666666666666,0.3645833333333333,1.8989969711960704,1.2466693571571974e-14
SRT,48,9,18,0.19791666666666666,0.3854166666666667,1.665375647033487,1.4462766032627678e-14
SRT,48,9,19,0.19791666666666666,0.40625,1.4032592838208633,3.646500524412624e-14
SRT,48,9,20,0.19791666666666666,0.4270833333333333,1.1171327652050107,5.429714996594283e-14
SRT,48,9,21,0.19791666666666666,0.4479166666666667,0.8118917952487834,1.0308250853557893e-13
SRT,48,9,22,0.19791666666666666,0.46875,0.49275913157692497,8.267289647075394e-14
SRT,48,9,23,0.19791666666666666,0.4895833333333333,0.16519522254512,5.0853261102673395e-14
SRT,48,9,24,0.19791666666666666,0.5104166666666666,-0.16519522254515606,7.488822570027954e-14
SRT,48,9,25,0.19791666666666666,0.5312499999999999,-0.4927591315769632,1.407922217104104e-13
SRT,48,9,26,0.19791666666666666,0.5520833333333333,-0.8118917952488004,8.224034425550199e-14
SRT,48,9,27,0.19791666666666666,0.5729166666666666,-1.1171327652050187,2.393172963817751e-14
SRT,48,9,28,0.19791666666666666,0.5937499999999999,-1.403259283820838,-8.431802560087725e-15
SRT,48,9,29,0.19791666666666666,0.6145833333333333,-1.6653756470335257,9.229810683925275e-15
SRT,48,9,30,0.19791666666666666,0.6354166666666666,-1.898996971196119,8.553184388879877e-14
SRT,48,9,31,0.19791666666666666,0.6562499999999999,-2.1001259306801328,1.1491950512833927e-13
SRT,48,9,32,0.19791666666666666,0.6770833333333333,-2.2653211532253095,6.251866780767751e-14
SRT,48,9,33,0.19791666666666666,0.6979166666666666,-2.391756102773168,5.601891970417253e-14
SRT,48,9,34,0.19791666666666666,0.7187499999999999,-2.4772674422824843,1.0530913295010674e-13
SRT,48,9,35,0.19791666666666666,0.7395833333333333,-2.5203920490260154,7.917611711869075e-14
SRT,48,9,36,0.19791666666666666,0.7604166666666666,-2.520392049026042,9.123814456034012e-14
SRT,48,9,37,0.19791666666666666,0.7812499999999999,-2.477267442282499,3.461230717088024e-14
SRT,48,9,38,0.19791666666666666,0.8020833333333333,-2.39175610277322,2.0262118023267456e-14
SRT,48,9,39,0.19791666666666666,0.8229166666666666,-2.265321153225351,1.563840165654873e-14
SRT,48,9,40,0.19791666666666666,0.8437499999999999,-2.100125930680137,-2.3540149401017613e-14
SRT,48,9,41,0.19791666666666666,0.8645833333333333,-1.898996971196106,-3.9886673287831004e-14
SRT,48,9,42,0.19791666666666666,0.8854166666666666,-1.6653756470335002,-3.7655685609281934e-14
SRT,48,9,43,0.19791666666666666,0.9062499999999999,-1.4032592838208364,-9.644854846731054e-14
SRT,48,9,44,0.19791666666666666,0.9270833333333333,-1.1171327652049625,-1.1505919789776307e-13
SRT,48,9,45,0.19791666666666666,0.9479166666666666,-0.811891795248792,-8.762515414988747e-14
SRT,48,9,46,0.19791666666666666,0.9687499999999999,-0.49275913157693807,-1.372030734532336e-13
SRT,48,9,47,0.19791666666666666,0.9895833333333333,-0.16519522254511795,-1.1162723043366678e-13
SRT,48,10,0,0.21874999999999997,0.010416666666666666,0.16519522254513624,-1.3572731389414598e-13
SRT,48,10,1,0.21874999999999997,0.03125,0.4927591315768528,-1.4624550697745586e-13
SRT,48,10,2,0.21874999999999997,0.05208333333333333,0.8118917952486868,-1.1448112137546556e-13
SRT,48,10,3,0.21874999999999997,0.07291666666666667,1.1171327652049607,-1.015656390669766e-13
SRT,48,10,4,0.21874999999999997,0.09375,1.4032592838207751,-8.049250997209898e-14
SRT,48,10,5,0.21874999999999997,0.11458333333333333,1.6653756470335008,-5.1748026654168026e-14
SRT,48,10,6,0.21874999999999997,0.13541666666666666,1.8989969711961407,-1.0651484620143137e-13
SRT,48,10,7,0.21874999999999997,0.15624999999999997,2.1001259306801305,-3.722496827133442e-14
SRT,48,10,8,0.21874999999999997,0.17708333333333331,2.265321153225321,2.1278598504353785e-14
SRT,48,10,9,0.21874999999999997,0.19791666666666666,2.3917561027731487,-2.8624445549065104e-14
SRT,48,10,10,0.21874999999999997,0.21874999999999997,2.4772674422824643,-1.791210458688774e-14
SRT,48,10,11,0.21874999999999997,0.23958333333333331,2.5203920490259772,1.125306069701317e-14
SRT,48,10,12,0.21874999999999997,0.2604166666666667,2.5203920490260074,7.064803749610287e-14
SRT,48,10,13,0.21874999999999997,0.28125,2.477267442282457,6.849635738757985e-14
SRT,48,10,14,0.21874999999999997,0.3020833333333333,2.39175610277319,7.51858178594706e-14
SRT,48,10,15,0.21874999999999997,0.3229166666666667,2.2653211532253823,1.1322267227764841e-14
SRT,48,10,16,0.21874999999999997,0.34375,2.100125930680146,-1.2592998670055838e-14
SRT,48,10,17,0.21874999999999997,0.3645833333333333,1.8989969711961048,-8.742492853845983e-15
SRT,48,10,18,0.21874999999999997,0.3854166666666667,1.6653756470334948,4.1663342111553124e-14
SRT,48,10,19,0.21874999999999997,0.40625,1.4032592838207765,9.209608984672129e-14
SRT,48,10,20,0.21874999999999997,0.4270833333333333,1.1171327652050316,7.641423332695013e-14
SRT,48,10,21,0.21874999999999997,0.4479166666666667,0.811891795248753,4.9841887559543925e-14
SRT,48,10,22,0.21874999999999997,0.46875,0.492759131576914,1.389444831499567e-14
SRT,48,10,23,0.21874999999999997,0.4895833333333333,0.16519522254510544,6.710033166856127e-14
SRT,48,10,24,0.21874999999999997,0.5104166666666666,-0.16519522254512678,7.923065435970349e-14
SRT,48,10,25,0.21874999999999997,0.5312499999999999,-0.49275913157693196,1.2359052913066463e-13
SRT,48,10,26,0.21874999999999997,0.5520833333333333,-0.8118917952487328,1.0038319528597817e-13
SRT,48,10,27,0.21874999999999997,0.5729166666666666,-1.1171327652049994,2.0599385202398237e-14
SRT,48,10,28,0.21874999999999997,0.5937499999999999,-1.4032592838208244,1.3356869039428117e-14
SRT,48,10,29,0.21874999999999997,0.6145833333333333,-1.6653756470335481,2.3540126275776845e-14
SRT,48,10,30,0.21874999999999997,0.6354166666666666,-1.8989969711960937,8.179255655274743e-14
SRT,48,10,31,0.21874999999999997,0.6562499999999999,-2.1001259306801243,1.3669086984155107e-13
SRT,48,10,32,0.21874999999999997,0.6770833333333333,-2.265321153225315,8.665333935667005e-14
SRT,48,10,33,0.21874999999999997,0.6979166666666666,-2.391756102773118,4.900429815229735e-14
SRT,48,10,34,0.21874999999999997,0.7187499999999999,-2.4772674422824283,6.638749909768569e-14
SRT,48,10,35,0.21874999999999997,0.7395833333333333,-2.5203920490259684,1.238246747159758e-13
SRT,48,10,36,0.21874999999999997,0.7604166666666666,-2.5203920490259843,5.696399410773721e-14
SRT,48,10,37,0.21874999999999997,0.7812499999999999,-2.4772674422824728,1.9314820467239675e-14
SRT,48,10,38,0.21874999999999997,0.8020833333333333,-2.39175610277314,4.5171595296229414e-14
SRT,48,10,39,0.21874999999999997,0.8229166666666666,-2.2653211532253033,5.647503056324784e-14
SRT,48,10,40,0.21874999999999997,0.8437499999999999,-2.1001259306801106,-3.68101020171332e-15
SRT,48,10,41,0.21874999999999997,0.8645833333333333,-1.8989969711960657,-7.055940679148089e-14
SRT,48,10,42,0.21874999999999997,0.8854166666666666,-1.6653756470334742,-7.716688498099187e-14
SRT,48,10,43,0.21874999999999997,0.9062499999999999,-1.4032592838207876,-1.4143755429858196e-13
SRT,48,10,44,0.21874999999999997,0.9270833333333333,-1.1171327652049947,-1.3401644437911196e-13
SRT,48,10,45,0.21874999999999997,0.9479166666666666,-0.8118917952487946,-1.0525722851251068e-13
SRT,48,10,46,0.21874999999999997,0.9687499999999999,-0.4927591315769341,-1.0339885978523607e-13
SRT,48,10,47,0.21874999999999997,0.9895833333333333,-0.16519522254520627,-1.1486115991674425e-13
SRT,48,11,0,0.23958333333333331,0.010416666666666666,0.1651952225451221,-1.600232503848058e-13
SRT,48,11,1,0.23958333333333331,0.03125,0.49275913157686363,-1.7040584935163692e-13
SRT,48,11,2,0.23958333333333331,0.05208333333333333,0.8118917952487343,-7.743848328833291e-14
SRT,48,11,3,0.23958333333333331,0.07291666666666667,1.1171327652049055,-9.813170273495003e-14
SRT,48,11,4,0.23958333333333331,0.09375,1.403259283820855,-1.1425684139914314e-13
SRT,48,11,5,0.23958333333333331,0.11458333333333333,1.6653756470334968,-6.868142188727985e-14
SRT,48,11,6,0.23958333333333331,0.13541666666666666,1.898996971196144,-6.610680103761107e-14
SRT,48,11,7,0.23958333333333331,0.15624999999999997,2.100125930680167,-4.72628637716093e-14
SRT,48,11,8,0.23958333333333331,0.17708333333333331,2.265321153225366,2.2319389976633715e-14
SRT,48,11,9,0.23958333333333331,0.19791666666666666,2.3917561027731584,-2.932313955955902e-14
SRT,48,11,10,0.23958333333333331,0.21874999999999997,2.4772674422824834,2.243907384108312e-14
SRT,48,11,11,0.23958333333333331,0.23958333333333331,2.520392049026014,-1.1265629008210059e-14
SRT,48,11,12,0.23958333333333331,0.2604166666666667,2.5203920490259875,8.504537872675525e-14
SRT,48,11,13,0.23958333333333331,0.28125,2.4772674422824816,9.400040031734327e-14
SRT,48,11,14,0.23958333333333331,0.3020833333333333,2.391756102773166,7.385253485462657e-14
SRT,48,11,15,0.23958333333333331,0.3229166666666667,2.26532115322534,2.966224209718207e-14
SRT,48,11,16,0.23958333333333331,0.34375,2.1001259306801523,-6.126642566762021e-14
SRT,48,11,17,0.23958333333333331,0.3645833333333333,1.898996971196101,-1.667539297453869e-14
SRT,48,11,18,0.23958333333333331,0.3854166666666667,1.6653756470335395,2.8762609476424055e-14
SRT,48,11,19,0.23958333333333331,0.40625,1.4032592838208344,1.2378818198607367e-13
SRT,48,11,20,0.23958333333333331,0.4270833333333333,1.117132765205022,9.706886576788621e-14
SRT,48,11,21,0.23958333333333331,0.4479166666666667,0.8118917952488139,4.288794378114452e-14
SRT,48,11,22,0.23958333333333331,0.46875,0.4927591315769454,5.436044883809131e-15
SRT,48,11,23,0.23958333333333331,0.4895833333333333,0.16519522254513738,4.704100546385785e-14
SRT,48,11,24,0.23958333333333331,0.5104166666666666,-0.16519522254515615,5.6694423787885464e-14
SRT,48,11,25,0.23958333333333331,0.5312499999999999,-0.49275913157693607,9.780144996613717e-14
SRT,48,11,26,0.23958333333333331,0.5520833333333333,-0.811891795248771,7.727689501962346e-14
SRT,48,11,27,0.23958333333333331,0.5729166666666666,-1.1171327652049847,4.575995643802562e-14
SRT,48,11,28,0.23958333333333331,0.5937499999999999,-1.4032592838207998,-3.4479461398309063e-15
SRT,48,11,29,0.23958333333333331,0.6145833333333333,-1.6653756470334942,5.394407808734724e-14
SRT,48,11,30,0.23958333333333331,0.6354166666666666,-1.8989969711961154,1.0772114729379236e-13
SRT,48,11,31,0.23958333333333331,0.6562499999999999,-2.1001259306801674,1.1064269575196708e-13
SRT,48,11,32,0.23958333333333331,0.6770833333333333,-2.26532115322533,1.0572083362904546e-13
SRT,48,11,33,0.23958333333333331,0.6979166666666666,-2.3917561027731495,7.487425711347739e-14
SRT,48,11,34,0.23958333333333331,0.7187499999999999,-2.4772674422823915,6.741015873406149e-14
SRT,48,11,35,0.23958333333333331,0.7395833333333333,-2.5203920490259977,4.0832211477249583e-14
SRT,48,11,36,0.23958333333333331,0.7604166666666666,-2.520392049026018,5.391634141136922e-14
SRT,48,11,37,0.23958333333333331,0.7812499999999999,-2.4772674422824816,1.6004280594725364e-14
SRT,48,11,38,0.23958333333333331,0.8020833333333333,-2.391756102773174,5.71933983479004e-14
SRT,48,11,39,0.23958333333333331,0.8229166666666666,-2.2653211532253676,4.079760287783378e-14
SRT,48,11,40,0.23958333333333331,0.8437499999999999,-2.1001259306801283,-1.865913221092203e-14
SRT,48,11,41,0.23958333333333331,0.8645833333333333,-1.8989969711961423,-4.066874507358011e-14
SRT,48,11,42,0.23958333333333331,0.8854166666666666,-1.6653756470335161,-8.656895004789829e-14
SRT,48,11,43,0.23958333333333331,0.9062499999999999,-1.4032592838208466,-1.5596808777837427e-13
SRT,48,11,44,0.23958333333333331,0.9270833333333333,-1.1171327652050134,-1.3382480808115452e-13
SRT,48,11,45,0.23958333333333331,0.9479166666666666,-0.8118917952488133,-9.418231712856854e-14
SRT,48,11,46,0.23958333333333331,0.9687499999999999,-0.4927591315769015,-1.2643061767249302e-13
SRT,48,11,47,0.23958333333333331,0.9895833333333333,-0.16519522254517904,-6.86973566091718e-14
SRT,48,12,0,0.2604166666666667,0.010416666666666666,0.1651952225451286,-1.3822628164281772e-13
SRT,48,12,1,0.2604166666666667,0.03125,0.4927591315768838,-1.648324021324269e-13
SRT,48,12,2,0.2604166666666667,0.05208333333333333,0.811891795248724,-1.5953216520887682e-13
SRT,48,12,3,0.2604166666666667,0.07291666666666667,1.117132765204926,-3.6729766690262566e-14
SRT,48,12,4,0.2604166666666667,0.09375,1.4032592838207572,-4.518448054566631e-14
SRT,48,12,5,0.2604166666666667,0.11458333333333333,1.6653756470334984,-8.840281029128219e-14
SRT,48,12,6,0.2604166666666667,0.13541666666666666,1.8989969711960983,-3.116116098559948e-14
SRT,48,12,7,0.2604166666666667,0.15624999999999997,2.1001259306801727,-1.8739218793848102e-14
SRT,48,12,8,0.2604166666666667,0.17708333333333331,2.2653211532253748,-4.042013711129886e-14
SRT,48,12,9,0.2604166666666667,0.19791666666666666,2.3917561027731726,-3.699570963512784e-14
SRT,48,12,10,0.2604166666666667,0.21874999999999997,2.477267442282454,-3.817143311503521e-15
SRT,48,12,11,0.2604166666666667,0.23958333333333331,2.5203920490260043,1.7278359021312298e-15
SRT,48,12,12,0.2604166666666667,0.2604166666666667,2.5203920490260145,5.677930976574134e-14
SRT,48,12,13,0.2604166666666667,0.28125,2.4772674422824723,1.0382914762974094e-13
SRT,48,12,14,0.2604166666666667,0.3020833333333333,2.3917561027731673,8.987897634081464e-14
SRT,48,12,15,0.2604166666666667,0.3229166666666667,2.265321153225381,3.818387656202375e-14
SRT,48,12,16,0.2604166666666667,0.34375,2.100125930680161,-2.4424977767190503e-14
SRT,48,12,17,0.2604166666666667,0.3645833333333333,1.898996971196169,-1.9504239548208223e-14
SRT,48,12,18,0.2604166666666667,0.3854166666666667,1.6653756470335663,8.26129692174695e-14
SRT,48,12,19,0.2604166666666667,0.40625,1.4032592838209024,6.872829868462127e-14
SRT,48,12,20,0.2604166666666667,0.4270833333333333,1.1171327652050005,9.523326577565378e-14
SRT,48,12,21,0.2604166666666667,0.4479166666666667,0.8118917952487994,2.94778302774939e-14
SRT,48,12,22,0.2604166666666667,0.46875,0.4927591315769579,-5.1987223482647375e-14
SRT,48,12,23,0.2604166666666667,0.4895833333333333,0.16519522254516023,3.02063849768167e-14
SRT,48,12,24,0.2604166666666667,0.5104166666666666,-0.16519522254514055,1.0266538789911469e-13
SRT,48,12,25,0.2604166666666667,0.5312499999999999,-0.4927591315768975,1.0814940082712161e-13
SRT,48,12,26,0.2604166666666667,0.5520833333333333,-0.811891795248732,9.863318337146963e-14
SRT,48,12,27,0.2604166666666667,0.5729166666666666,-1.1171327652049634,4.2997747604327856e-14
SRT,48,12,28,0.2604166666666667,0.5937499999999999,-1.4032592838207945,-1.4748429322006837e-15
SRT,48,12,29,0.2604166666666667,0.6145833333333333,-1.6653756470335215,2.203213602558649e-14
SRT,48,12,30,0.2604166666666667,0.6354166666666666,-1.898996971196169,5.265772031499474e-14
SRT,48,12,31,0.2604166666666667,0.6562499999999999,-2.1001259306801763,1.4234607794352511e-13
SRT,48,12,32,0.2604166666666667,0.6770833333333333,-2.2653211532253623,1.4556714934743247e-13
SRT,48,12,33,0.2604166666666667,0.6979166666666666,-2.391756102773167,1.387175605308202e-13
SRT,48,12,34,0.2604166666666667,0.7187499999999999,-2.4772674422824084,8.079115006091014e-14
SRT,48,12,35,0.2604166666666667,0.7395833333333333,-2.5203920490259843,2.6403466086538897e-14
SRT,48,12,36,0.2604166666666667,0.7604166666666666,-2.5203920490259617,1.650830444494217e-14
SRT,48,12,37,0.2604166666666667,0.7812499999999999,-2.477267442282474,5.134587262558561e-14
SRT,48,12,38,0.2604166666666667,0.8020833333333333,-2.3917561027731544,3.5822600019473995e-14
SRT,48,12,39,0.2604166666666667,0.8229166666666666,-2.2653211532253255,6.226712523085916e-14
SRT,48,12,40,0.2604166666666667,0.8437499999999999,-2.100125930680155,-2.7044268021010498e-14
SRT,48,12,41,0.2604166666666667,0.8645833333333333,-1.898996971196145,-7.904261198277347e-14
SRT,48,12,42,0.2604166666666667,0.8854166666666666,-1.665375647033567,-9.650121912210122e-14
SRT,48,12,43,0.2604166666666667,0.9062499999999999,-1.4032592838208235,-1.547137965975777e-13
SRT,48,12,44,0.2604166666666667,0.9270833333333333,-1.1171327652049632,-1.5002959632318714e-13
SRT,48,12,45,0.2604166666666667,0.9479166666666666,-0.8118917952487364,-1.2837060380327943e-13
SRT,48,12,46,0.2604166666666667,0.9687499999999999,-0.4927591315769263,-9.974802629533116e-14
SRT,48,12,47,0.2604166666666667,0.9895833333333333,-0.16519522254512675,-1.486888644970355e-13
SRT,48,13,0,0.28125,0.010416666666666666,0.16519522254511232,-1.7732195559375034e-13
SRT,48,13,1,0.28125,0.03125,0.4927591315768498,-2.0000149395546074e-13
SRT,48,13,2,0.28125,0.05208333333333333,0.8118917952487213,-8.193756851021539e-14
SRT,48,13,3,0.28125,0.07291666666666667,1.1171327652049483,-8.149419828628304e-14
SRT,48,13,4,0.28125,0.09375,1.4032592838207667,-8.938618637734734e-14
SRT,48,13,5,0.28125,0.11458333333333333,1.6653756470334755,-6.451855677438765e-14
SRT,48,13,6,0.28125,0.13541666666666666,1.8989969711961117,-2.5019300168759783e-15
SRT,48,13,7,0.28125,0.15624999999999997,2.1001259306801305,7.142607373804134e-15
SRT,48,13,8,0.28125,0.17708333333333331,2.2653211532253597,-2.7022354953938683e-14
SRT,48,13,9,0.28125,0.19791666666666666,2.3917561027731726,-5.374081489492412e-14
SRT,48,13,10,0.28125,0.21874999999999997,2.4772674422824483,-2.255768685367822e-14
SRT,48,13,11,0.28125,0.23958333333333331,2.5203920490259955,2.6940644063361416e-14
SRT,48,13,12,0.28125,0.2604166666666667,2.520392049026003,6.05530507361725e-14
SRT,48,13,13,0.28125,0.28125,2.4772674422824776,8.327935498720763e-14
SRT,48,13,14,0.28125,0.3020833333333333,2.3917561027731504,1.1171432509163428e-13
SRT,48,13,15,0.28125,0.3229166666666667,2.265321153225351,8.347492020921373e-15
SRT,48,13,16,0.28125,0.34375,2.1001259306801323,-4.58618157064403e-14
SRT,48,13,17,0.28125,0.3645833333333333,1.8989969711961734,4.3440996491879096e-14
SRT,48,13,18,0.28125,0.3854166666666667,1.665375647033567,5.679934033820631e-14
SRT,48,13,19,0.28125,0.40625,1.403259283820844,1.0512035012436841e-13
SRT,48,13,20,0.28125,0.4270833333333333,1.1171327652049787,7.863007672475597e-14
SRT,48,13,21,0.28125,0.4479166666666667,0.8118917952487886,4.469751397806632e-14
SRT,48,13,22,0.28125,0.46875,0.49275913157695855,-4.978853955468838e-15
SRT,48,13,23,0.28125,0.4895833333333333,0.16519522254517355,-2.4731888792007548e-14
SRT,48,13,24,0.28125,0.5104166666666666,-0.16519522254507046,7.435480596112043e-14
SRT,48,13,25,0.28125,0.5312499999999999,-0.49275913157688134,9.940334750456923e-14
SRT,48,13,26,0.28125,0.5520833333333333,-0.8118917952487154,7.74941593921965e-14
SRT,48,13,27,0.28125,0.5729166666666666,-1.1171327652049527,5.586652853663152e-14
SRT,48,13,28,0.28125,0.5937499999999999,-1.4032592838207538,-3.5288214526193023e-15
SRT,48,13,29,0.28125,0.6145833333333333,-1.6653756470335395,-6.3765175452836225e-15
SRT,48,13,30,0.28125,0.6354166666666666,-1.898996971196075,6.86624945515165e-14
SRT,48,13,31,0.28125,0.6562499999999999,-2.100125930680201,9.900068225732552e-14
SRT,48,13,32,0.28125,0.6770833333333333,-2.2653211532253534,1.2236317662440275e-13
SRT,48,13,33,0.28125,0.6979166666666666,-2.3917561027732215,1.5124946949568922e-13
SRT,48,13,34,0.28125,0.7187499999999999,-2.477267442282486,9.367580086692559e-14
SRT,48,13,35,0.28125,0.7395833333333333,-2.5203920490259812,3.423381989549271e-14
SRT,48,13,36,0.28125,0.7604166666666666,-2.520392049025991,-1.202426667125372e-14
SRT,48,13,37,0.28125,0.7812499999999999,-2.477267442282463,-2.4821215556674366e-15
SRT,48,13,38,0.28125,0.8020833333333333,-2.3917561027731775,6.967214012488232e-14
SRT,48,13,39,0.28125,0.8229166666666666,-2.2653211532253437,3.164268118808721e-14
SRT,48,13,40,0.28125,0.8437499999999999,-2.1001259306801545,-2.2855154156783775e-14
SRT,48,13,41,0.28125,0.8645833333333333,-1.898996971196119,-9.108760688518178e-14
SRT,48,13,42,0.28125,0.8854166666666666,-1.6653756470335774,-1.3891945489943779e-13
SRT,48,13,43,0.28125,0.9062499999999999,-1.4032592838208346,-9.13967673976807e-14
SRT,48,13,44,0.28125,0.9270833333333333,-1.1171327652049958,-1.1316213509849108e-13
SRT,48,13,45,0.28125,0.9479166666666666,-0.811891795248783,-1.4562931557771776e-13
SRT,48,13,46,0.28125,0.9687499999999999,-0.4927591315769757,-1.1751155447494728e-13
SRT,48,13,47,0.28125,0.9895833333333333,-0.1651952225451987,-7.235310356746369e-14
SRT,48,14,0,0.3020833333333333,0.010416666666666666,0.1651952225450323,-1.49390368531228e-13
SRT,48,14,1,0.3020833333333333,0.03125,0.4927591315769261,-1.5437450918383614e-13
SRT,48,14,2,0.3020833333333333,0.05208333333333333,0.8118917952487488,-9.98200122281835e-14
SRT,48,14,3,0.3020833333333333,0.07291666666666667,1.1171327652049972,-6.632785359322486e-14
SRT,48,14,4,0.3020833333333333,0.09375,1.4032592838207911,-8.001722793461293e-14
SRT,48,14,5,0.3020833333333333,0.11458333333333333,1.6653756470334982,-6.010872319753585e-14
SRT,48,14,6,0.3020833333333333,0.13541666666666666,1.8989969711961014,1.5371274119435724e-14
SRT,48,14,7,0.3020833333333333,0.15624999999999997,2.100125930680166,1.115818126031997e-15
SRT,48,14,8,0.3020833333333333,0.17708333333333331,2.2653211532253064,-6.557250749651662e-14
SRT,48,14,9,0.3020833333333333,0.19791666666666666,2.3917561027731726,-8.569053684016407e-14
SRT,48,14,10,0.3020833333333333,0.21874999999999997,2.477267442282439,-1.6267500331330263e-14
SRT,48,14,11,0.3020833333333333,0.23958333333333331,2.5203920490260234,4.662414795448885e-14
SRT,48,14,12,0.3020833333333333,0.2604166666666667,2.5203920490259875,7.301012694786405e-14
SRT,48,14,13,0.3020833333333333,0.28125,2.477267442282503,8.753305184268402e-14
SRT,48,14,14,0.3020833333333333,0.3020833333333333,2.3917561027731544,7.466303734328596e-14
SRT,48,14,15,0.3020833333333333,0.3229166666666667,2.2653211532252913,7.586180629633379e-15
SRT,48,14,16,0.3020833333333333,0.34375,2.1001259306800963,2.5226011024581763e-14
SRT,48,14,17,0.3020833333333333,0.3645833333333333,1.8989969711961008,5.787885141948469e-14
SRT,48,14,18,0.3020833333333333,0.3854166666666667,1.665375647033497,7.108908281006615e-14
SRT,48,14,19,0.3020833333333333,0.40625,1.403259283820829,3.027490544959426e-14
SRT,48,14,20,0.3020833333333333,0.4270833333333333,1.11713276520497,8.877497302747005e-14
SRT,48,14,21,0.3020833333333333,0.4479166666666667,0.8118917952487837,5.4633687437044733e-14
SRT,48,14,22,0.3020833333333333,0.46875,0.49275913157697276,-1.1547176859659512e-14
SRT,48,14,23,0.3020833333333333,0.4895833333333333,0.165195222545223,2.3355953460855732e-14
SRT,48,14,24,0.3020833333333333,0.5104166666666666,-0.16519522254504065,7.335443964848369e-14
SRT,48,14,25,0.3020833333333333,0.5312499999999999,-0.4927591315768495,7.404870557610966e-14
SRT,48,14,26,0.3020833333333333,0.5520833333333333,-0.811891795248724,8.696659430096573e-14
SRT,48,14,27,0.3020833333333333,0.5729166666666666,-1.117132765204939,4.0304367211709415e-14
SRT,48,14,28,0.3020833333333333,0.5937499999999999,-1.4032592838207736,-1.920844074132327e-14
SRT,48,14,29,0.3020833333333333,0.6145833333333333,-1.665375647033445,2.953974515153942e-14
SRT,48,14,30,0.3020833333333333,0.6354166666666666,-1.8989969711960488,1.4523861471057946e-14
SRT,48,14,31,0.3020833333333333,0.6562499999999999,-2.1001259306800524,1.0790031469690658e-13
SRT,48,14,32,0.3020833333333333,0.6770833333333333,-2.2653211532252904,1.7483640250647096e-13
SRT,48,14,33,0.3020833333333333,0.6979166666666666,-2.391756102773152,1.2803164441138005e-13
SRT,48,14,34,0.3020833333333333,0.7187499999999999,-2.477267442282482,1.2689408919424804e-13
SRT,48,14,35,0.3020833333333333,0.7395833333333333,-2.5203920490260563,2.908089302121638e-14
SRT,48,14,36,0.3020833333333333,0.7604166666666666,-2.5203920490260487,-2.2258763809290825e-14
SRT,48,14,37,0.3020833333333333,0.7812499999999999,-2.4772674422825296,4.1938923794419264e-14
SRT,48,14,38,0.3020833333333333,0.8020833333333333,-2.391756102773233,-1.032550436675202e-14
SRT,48,14,39,0.3020833333333333,0.8229166666666666,-2.2653211532254396,4.615947276547833e-14
SRT,48,14,40,0.3020833333333333,0.8437499999999999,-2.1001259306802247,-4.4013286685323203e-14
SRT,48,14,41,0.3020833333333333,0.8645833333333333,-1.8989969711961834,-1.1591301789196002e-13
SRT,48,14,42,0.3020833333333333,0.8854166666666666,-1.6653756470335728,-1.273006147732019e-13
SRT,48,14,43,0.3020833333333333,0.9062499999999999,-1.403259283820881,-1.1227718713187511e-13
SRT,48,14,44,0.3020833333333333,0.9270833333333333,-1.117132765205068,-1.3045476509252112e-13
SRT,48,14,45,0.3020833333333333,0.9479166666666666,-0.8118917952488427,-1.6938332826227062e-13
SRT,48,14,46,0.3020833333333333,0.9687499999999999,-0.4927591315769702,-1.2415169268747358e-13
SRT,48,14,47,0.3020833333333333,0.9895833333333333,-0.16519522254519284,-1.1287398945571434e-13
SRT,48,15,0,0.3229166666666667,0.010416666666666666,0.1651952225450408,-1.4639507521105995e-13
SRT,48,15,1,0.3229166666666667,0.03125,0.49275913157688767,-1.076943854767855e-13
SRT,48,15,2,0.3229166666666667,0.05208333333333333,0.811891795248743,-4.9505524872075324e-14
SRT,48,15,3,0.3229166666666667,0.07291666666666667,1.1171327652049974,-1.0142769550886069e-13
SRT,48,15,4,0.3229166666666667,0.09375,1.4032592838208076,-1.1287280322739702e-13
SRT,48,15,5,0.3229166666666667,0.11458333333333333,1.6653756470335024,-4.963180183850207e-14
SRT,48,15,6,0.3229166666666667,0.13541666666666666,1.8989969711961154,3.05653897695127e-14
SRT,48,15,7,0.3229166666666667,0.15624999999999997,2.100125930680154,-1.5915128950214077e-15
SRT,48,15,8,0.3229166666666667,0.17708333333333331,2.265321153225309,-6.420633812216386e-14
SRT,48,15,9,0.3229166666666667,0.19791666666666666,2.391756102773167,-5.702378493133245e-14
SRT,48,15,10,0.3229166666666667,0.21874999999999997,2.4772674422824856,-7.637121516945442e-15
SRT,48,15,11,0.3229166666666667,0.23958333333333331,2.5203920490260683,4.4763704872803763e-14
SRT,48,15,12,0.3229166666666667,0.2604166666666667,2.5203920490260283,7.233510603274644e-14
SRT,48,15,13,0.3229166666666667,0.28125,2.4772674422824847,6.332629061754948e-14
SRT,48,15,14,0.3229166666666667,0.3020833333333333,2.3917561027731398,2.479583961415222e-14
SRT,48,15,15,0.3229166666666667,0.3229166666666667,2.265321153225279,-2.0351670231137298e-14
SRT,48,15,16,0.3229166666666667,0.34375,2.100125930680086,4.03001569651126e-14
SRT,48,15,17,0.3229166666666667,0.3645833333333333,1.8989969711960484,6.353220962696293e-14
SRT,48,15,18,0.3229166666666667,0.3854166666666667,1.665375647033477,7.18523883148131e-14
SRT,48,15,19,0.3229166666666667,0.40625,1.403259283820797,9.942778920821601e-14
SRT,48,15,20,0.3229166666666667,0.4270833333333333,1.1171327652049887,5.6378663885267763e-14
SRT,48,15,21,0.3229166666666667,0.4479166666666667,0.8118917952487393,8.110075950087577e-14
SRT,48,15,22,0.3229166666666667,0.46875,0.49275913157693946,7.209546408584372e-14
SRT,48,15,23,0.3229166666666667,0.4895833333333333,0.16519522254522667,-7.852547297506712e-15
SRT,48,15,24,0.3229166666666667,0.5104166666666666,-0.16519522254510477,1.8310086916497502e-14
SRT,48,15,25,0.3229166666666667,0.5312499999999999,-0.49275913157688334,6.990449840598537e-14
SRT,48,15,26,0.3229166666666667,0.5520833333333333,-0.8118917952487381,3.99334571049228e-14
SRT,48,15,27,0.3229166666666667,0.5729166666666666,-1.117132765204938,2.8201008953334287e-14
SRT,48,15,28,0.3229166666666667,0.5937499999999999,-1.403259283820817,6.253160410012322e-14
SRT,48,15,29,0.3229166666666667,0.6145833333333333,-1.6653756470334444,4.5363762980240845e-14
SRT,48,15,30,0.3229166666666667,0.6354166666666666,-1.8989969711960142,7.874357877884699e-14
SRT,48,15,31,0.3229166666666667,0.6562499999999999,-2.1001259306800124,8.448986134632546e-14
SRT,48,15,32,0.3229166666666667,0.6770833333333333,-2.26532115322525,6.063606135706384e-14
SRT,48,15,33,0.3229166666666667,0.6979166666666666,-2.391756102773122,1.070959318248178e-13
SRT,48,15,34,0.3229166666666667,0.7187499999999999,-2.477267442282458,6.028470364170436e-14
SRT,48,15,35,0.3229166666666667,0.7395833333333333,-2.5203920490260794,-4.72288195282531e-15
SRT,48,15,36,0.3229166666666667,0.7604166666666666,-2.5203920490260843,-1.2415404100569949e-14
SRT,48,15,37,0.3229166666666667,0.7812499999999999,-2.4772674422825562,-6.144614713395426e-15
SRT,48,15,38,0.3229166666666667,0.8020833333333333,-2.3917561027732472,5.0197646857061316e-15
SRT,48,15,39,0.3229166666666667,0.8229166666666666,-2.2653211532254276,3.7536611723751944e-14
SRT,48,15,40,0.3229166666666667,0.8437499999999999,-2.1001259306802775,-2.0173612388012205e-14
SRT,48,15,41,0.3229166666666667,0.8645833333333333,-1.898996971196203,-8.133364372820666e-14
SRT,48,15,42,0.3229166666666667,0.8854166666666666,-1.6653756470335677,-1.4124626165248886e-13
SRT,48,15,43,0.3229166666666667,0.9062499999999999,-1.4032592838208549,-1.2524142149062028e-13
SRT,48,15,44,0.3229166666666667,0.9270833333333333,-1.117132765205039,-1.4249756164018239e-13
SRT,48,15,45,0.3229166666666667,0.9479166666666666,-0.8118917952488014,-1.319471706525001e-13
SRT,48,15,46,0.3229166666666667,0.9687499999999999,-0.4927591315769523,-9.962560092999972e-14
SRT,48,15,47,0.3229166666666667,0.9895833333333333,-0.16519522254521016,-1.297952538504762e-13
SRT,48,16,0,0.34375,0.010416666666666666,0.16519522254514024,-1.204584164953342e-13
SRT,48,16,1,0.34375,0.03125,0.49275913157688994,-6.834324881292798e-14
SRT,48,16,2,0.34375,0.05208333333333333,0.8118917952487557,-4.082196428502059e-14
SRT,48,16,3,0.34375,0.07291666666666667,1.1171327652049947,-8.48267247980319e-14
SRT,48,16,4,0.34375,0.09375,1.4032592838208533,-1.3262562098440997e-13
SRT,48,16,5,0.34375,0.11458333333333333,1.665375647033551,-5.5912705819344993e-14
SRT,48,16,6,0.34375,0.13541666666666666,1.8989969711961308,2.966542980859925e-14
SRT,48,16,7,0.34375,0.15624999999999997,2.1001259306801194,-3.575646013099961e-14
SRT,48,16,8,0.34375,0.17708333333333331,2.2653211532253597,-7.009794130048117e-14
SRT,48,16,9,0.34375,0.19791666666666666,2.3917561027731864,-3.6312953876348455e-14
SRT,48,16,10,0.34375,0.21874999999999997,2.4772674422825327,2.7725537425602283e-14
SRT,48,16,11,0.34375,0.23958333333333331,2.5203920490260727,5.1780461349523145e-14
SRT,48,16,12,0.34375,0.2604166666666667,2.5203920490261047,6.518922373472573e-14
SRT,48,16,13,0.34375,0.28125,2.4772674422825185,4.7844974605785886e-14
SRT,48,16,14,0.34375,0.3020833333333333,2.3917561027731864,-1.8265005508184638e-14
SRT,48,16,15,0.34375,0.3229166666666667,2.265321153225311,-3.73857367712695e-14
SRT,48,16,16,0.34375,0.34375,2.1001259306800906,1.6524643403623373e-14
SRT,48,16,17,0.34375,0.3645833333333333,1.898996971196059,5.714853165219358e-14
SRT,48,16,18,0.34375,0.3854166666666667,1.6653756470334795,1.2043998243231285e-13
SRT,48,16,19,0.34375,0.40625,1.4032592838207727,7.739655966524851e-14
SRT,48,16,20,0.34375,0.4270833333333333,1.1171327652049465,9.584971322296446e-14
SRT,48,16,21,0.34375,0.4479166666666667,0.8118917952487763,7.425852469274276e-14
SRT,48,16,22,0.34375,0.46875,0.4927591315769329,8.773213708359979e-14
SRT,48,16,23,0.34375,0.4895833333333333,0.16519522254515268,3.09844364899002e-14
SRT,48,16,24,0.34375,0.5104166666666666,-0.16519522254513408,3.598394962049677e-15
SRT,48,16,25,0.34375,0.5312499999999999,-0.4927591315768732,7.682023673855237e-14
SRT,48,16,26,0.34375,0.5520833333333333,-0.8118917952487548,6.317262453784569e-14
SRT,48,16,27,0.34375,0.5729166666666666,-1.1171327652049514,1.1480868863921175e-14
SRT,48,16,28,0.34375,0.5937499999999999,-1.403259283820782,4.884683332234801e-14
SRT,48,16,29,0.34375,0.6145833333333333,-1.6653756470334402,1.3411236345430866e-13
SRT,48,16,30,0.34375,0.6354166666666666,-1.8989969711960275,6.751615895590503e-14
SRT,48,16,31,0.34375,0.6562499999999999,-2.1001259306800475,6.037203241735525e-14
SRT,48,16,32,0.34375,0.6770833333333333,-2.265321153225253,9.770111828089776e-14
SRT,48,16,33,0.34375,0.6979166666666666,-2.391756102773144,4.864063065008886e-14
SRT,48,16,34,0.34375,0.7187499999999999,-2.477267442282463,4.02941637386721e-14
SRT,48,16,35,0.34375,0.7395833333333333,-2.5203920490260505,-5.547519146263059e-14
SRT,48,16,36,0.34375,0.7604166666666666,-2.52039204902604,-2.2155738598687185e-14
SRT,48,16,37,0.34375,0.7812499999999999,-2.477267442282511,3.48767536728603e-14
SRT,48,16,38,0.34375,0.8020833333333333,-2.3917561027732304,-6.142687634423742e-14
SRT,48,16,39,0.34375,0.8229166666666666,-2.2653211532254574,-1.6269433125978967e-14
SRT,48,16,40,0.34375,0.8437499999999999,-2.1001259306802327,-2.4183081384272428e-14
SRT,48,16,41,0.34375,0.8645833333333333,-1.89899697119626,-3.7516699860850024e-14
SRT,48,16,42,0.34375,0.8854166666666666,-1.6653756470335614,-9.402125127841396e-14
SRT,48,16,43,0.34375,0.9062499999999999,-1.4032592838208815,-1.2534206060224608e-13
SRT,48,16,44,0.34375,0.9270833333333333,-1.1171327652049663,-1.5566155379248336e-13
SRT,48,16,45,0.34375,0.9479166666666666,-0.8118917952487501,-1.0023350797886988e-13
SRT,48,16,46,0.34375,0.9687499999999999,-0.4927591315769488,-1.5207007673635893e-13
SRT,48,16,47,0.34375,0.9895833333333333,-0.16519522254516394,-1.7413226195003882e-13
SRT,48,17,0,0.3645833333333333,0.010416666666666666,0.16519522254517743,-1.3668248621801727e-13
SRT,48,17,1,0.3645833333333333,0.03125,0.4927591315769386,-9.829480012447293e-14
SRT,48,17,2,0.3645833333333333,0.05208333333333333,0.8118917952487844,-1.5398601284988604e-14
SRT,48,17,3,0.3645833333333333,0.07291666666666667,1.1171327652049807,-7.194688933158217e-14
SRT,48,17,4,0.3645833333333333,0.09375,1.4032592838208204,-1.1076860358769607e-13
SRT,48,17,5,0.3645833333333333,0.11458333333333333,1.6653756470335888,-6.672853030099092e-14
SRT,48,17,6,0.3645833333333333,0.13541666666666666,1.8989969711961514,-8.933870799775441e-15
SRT,48,17,7,0.3645833333333333,0.15624999999999997,2.1001259306801745,-2.2284589844688574e-14
SRT,48,17,8,0.3645833333333333,0.17708333333333331,2.265321153225362,-3.241859119864863e-14
SRT,48,17,9,0.3645833333333333,0.19791666666666666,2.3917561027732317,-2.5580193071906287e-14
SRT,48,17,10,0.3645833333333333,0.21874999999999997,2.4772674422825363,2.5625137950739018e-14
SRT,48,17,11,0.3645833333333333,0.23958333333333331,2.5203920490260643,7.39906719645828e-14
SRT,48,17,12,0.3645833333333333,0.2604166666666667,2.520392049026067,7.346182863714542e-14
SRT,48,17,13,0.3645833333333333,0.28125,2.4772674422825114,-2.1515428571742714e-14
SRT,48,17,14,0.3645833333333333,0.3020833333333333,2.3917561027732326,-9.887890760590203e-15
SRT,48,17,15,0.3645833333333333,0.3229166666666667,2.265321153225393,-6.336871697292505e-14
SRT,48,17,16,0.3645833333333333,0.34375,2.1001259306801923,-1.1330127787457545e-14
SRT,48,17,17,0.3645833333333333,0.3645833333333333,1.898996971196142,8.311080661202984e-14
SRT,48,17,18,0.3645833333333333,0.3854166666666667,1.665375647033497,9.174945946951788e-14
SRT,48,17,19,0.3645833333333333,0.40625,1.4032592838207858,8.60395439842286e-14
SRT,48,17,20,0.3645833333333333,0.4270833333333333,1.1171327652049947,1.150194684385645e-13
SRT,48,17,21,0.3645833333333333,0.4479166666666667,0.8118917952487678,1.239718449026671e-13
SRT,48,17,22,0.3645833333333333,0.46875,0.49275913157695644,5.167464504514141e-14
SRT,48,17,23,0.3645833333333333,0.4895833333333333,0.165195222545131,6.966821974286204e-15
SRT,48,17,24,0.3645833333333333,0.5104166666666666,-0.16519522254512606,2.9849656988668025e-14
SRT,48,17,25,0.3645833333333333,0.5312499999999999,-0.4927591315769203,5.382263466426179e-14
SRT,48,17,26,0.3645833333333333,0.5520833333333333,-0.8118917952487491,6.937447146978718e-15
SRT,48,17,27,0.3645833333333333,0.5729166666666666,-1.1171327652049672,7.26888209103333e-14
SRT,48,17,28,0.3645833333333333,0.5937499999999999,-1.4032592838207745,8.307297211898956e-14
SRT,48,17,29,0.3645833333333333,0.6145833333333333,-1.6653756470334709,8.180632637907782e-14
SRT,48,17,30,0.3645833333333333,0.6354166666666666,-1.898996971196114,1.2298515037362506e-13
SRT,48,17,31,0.3645833333333333,0.6562499999999999,-2.1001259306801203,5.260081715258035e-14
SRT,48,17,32,0.3645833333333333,0.6770833333333333,-2.2653211532253366,4.0402030672308225e-14
SRT,48,17,33,0.3645833333333333,0.6979166666666666,-2.391756102773153,3.403883464457556e-14
SRT,48,17,34,0.3645833333333333,0.7187499999999999,-2.477267442282488,-2.6821320204532724e-14
SRT,48,17,35,0.3645833333333333,0.7395833333333333,-2.5203920490260416,-4.889273765248888e-14
SRT,48,17,36,0.3645833333333333,0.7604166666666666,-2.520392049026046,8.987738001422954e-15
SRT,48,17,37,0.3645833333333333,0.7812499999999999,-2.4772674422824967,1.0494991181193148e-14
SRT,48,17,38,0.3645833333333333,0.8020833333333333,-2.3917561027732255,-7.965240469257715e-14
SRT,48,17,39,0.3645833333333333,0.8229166666666666,-2.2653211532253863,-3.782064867674554e-14
SRT,48,17,40,0.3645833333333333,0.8437499999999999,-2.100125930680223,-5.3790746147898023e-14
SRT,48,17,41,0.3645833333333333,0.8645833333333333,-1.8989969711962273,-7.277437436911857e-14
SRT,48,17,42,0.3645833333333333,0.8854166666666666,-1.6653756470336147,-4.452040395327568e-14
SRT,48,17,43,0.3645833333333333,0.9062499999999999,-1.4032592838208895,-7.206478795436953e-14
SRT,48,17,44,0.3645833333333333,0.9270833333333333,-1.1171327652049803,-1.0960590648019757e-13
SRT,48,17,45,0.3645833333333333,0.9479166666666666,-0.8118917952487864,-1.441994151911223e-13
SRT,48,17,46,0.3645833333333333,0.9687499999999999,-0.4927591315769336,-1.5811790190235108e-13
SRT,48,17,47,0.3645833333333333,0.9895833333333333,-0.16519522254514668,-7.625580950915309e-14
SRT,48,18,0,0.3854166666666667,0.010416666666666666,0.1651952225451444,-1.0313233893663374e-13
SRT,48,18,1,0.3854166666666667,0.03125,0.4927591315769198,-8.45976144775312e-14
SRT,48,18,2,0.3854166666666667,0.05208333333333333,0.8118917952487846,-6.029185761063533e-14
SRT,48,18,3,0.3854166666666667,0.07291666666666667,1.1171327652049814,-6.12460625617696e-14
SRT,48,18,4,0.3854166666666667,0.09375,1.403259283820837,-8.614458374005812e-14
SRT,48,18,5,0.3854166666666667,0.11458333333333333,1.6653756470335335,-4.366674266647832e-14
SRT,48,18,6,0.3854166666666667,0.13541666666666666,1.8989969711961494,-1.0758069840691435e-14
SRT,48,18,7,0.3854166666666667,0.15624999999999997,2.100125930680209,-4.815902813392999e-14
SRT,48,18,8,0.3854166666666667,0.17708333333333331,2.2653211532254023,-3.52951934322948e-14
SRT,48,18,9,0.3854166666666667,0.19791666666666666,2.3917561027732326,-1.605823814831921e-14
SRT,48,18,10,0.3854166666666667,0.21874999999999997,2.4772674422825283,2.0661086660248987e-14
SRT,48,18,11,0.3854166666666667,0.23958333333333331,2.520392049026048,4.518583157236596e-14
SRT,48,18,12,0.3854166666666667,0.2604166666666667,2.520392049026036,6.760225111155209e-14
SRT,48,18,13,0.3854166666666667,0.28125,2.477267442282507,4.76193761470713e-15
SRT,48,18,14,0.3854166666666667,0.3020833333333333,2.3917561027732614,5.188316102574018e-15
SRT,48,18,15,0.3854166666666667,0.3229166666666667,2.2653211532254036,-3.0826556236092887e-14
SRT,48,18,16,0.3854166666666667,0.34375,2.1001259306802433,-3.941751226021917e-14
SRT,48,18,17,0.3854166666666667,0.3645833333333333,1.8989969711961543,4.65741824218886e-15
SRT,48,18,18,0.3854166666666667,0.3854166666666667,1.6653756470335055,6.55037017857786e-14
SRT,48,18,19,0.3854166666666667,0.40625,1.4032592838207685,9.370778424587822e-14
SRT,48,18,20,0.3854166666666667,0.4270833333333333,1.1171327652049514,1.578547762289207e-13
SRT,48,18,21,0.3854166666666667,0.4479166666666667,0.8118917952487191,8.921243383177888e-14
SRT,48,18,22,0.3854166666666667,0.46875,0.4927591315768635,3.0057038101694265e-14
SRT,48,18,23,0.3854166666666667,0.4895833333333333,0.16519522254510863,2.7330391952664427e-14
SRT,48,18,24,0.3854166666666667,0.5104166666666666,-0.16519522254519972,1.0567829365776245e-14
SRT,48,18,25,0.3854166666666667,0.5312499999999999,-0.49275913157697354,6.238482821053561e-14
SRT,48,18,26,0.3854166666666667,0.5520833333333333,-0.8118917952487714,6.880246042803043e-14
SRT,48,18,27,0.3854166666666667,0.5729166666666666,-1.1171327652049556,7.497540036969008e-14
SRT,48,18,28,0.3854166666666667,0.5937499999999999,-1.4032592838207645,1.072134995839528e-13
SRT,48,18,29,0.3854166666666667,0.6145833333333333,-1.6653756470334637,1.3772829105902052e-13
SRT,48,18,30,0.3854166666666667,0.6354166666666666,-1.8989969711960444,8.241495102616703e-14
SRT,48,18,31,0.3854166666666667,0.6562499999999999,-2.1001259306801336,2.4970796976081083e-14
SRT,48,18,32,0.3854166666666667,0.6770833333333333,-2.265321153225308,9.371756633773643e-14
SRT,48,18,33,0.3854166666666667,0.6979166666666666,-2.3917561027731806,1.4750481037735444e-14
SRT,48,18,34,0.3854166666666667,0.7187499999999999,-2.477267442282463,-2.758701624596978e-14
SRT,48,18,35,0.3854166666666667,0.7395833333333333,-2.520392049026043,-7.248019485357266e-14
SRT,48,18,36,0.3854166666666667,0.7604166666666666,-2.520392049026063,-4.687127697965202e-14
SRT,48,18,37,0.3854166666666667,0.7812499999999999,-2.477267442282551,3.5638118903590645e-15
SRT,48,18,38,0.3854166666666667,0.8020833333333333,-2.391756102773212,-5.40279989565884e-14
SRT,48,18,39,0.3854166666666667,0.8229166666666666,-2.2653211532253503,-1.2676112124585258e-14
SRT,48,18,40,0.3854166666666667,0.8437499999999999,-2.1001259306801714,-6.373489279265993e-14
SRT,48,18,41,0.3854166666666667,0.8645833333333333,-1.8989969711961283,-6.453012428871906e-14
SRT,48,18,42,0.3854166666666667,0.8854166666666666,-1.6653756470335475,-4.1166879903349314e-14
SRT,48,18,43,0.3854166666666667,0.9062499999999999,-1.403259283820833,-7.27659676371155e-14
SRT,48,18,44,0.3854166666666667,0.9270833333333333,-1.1171327652049947,-1.4603030599607985e-13
SRT,48,18,45,0.3854166666666667,0.9479166666666666,-0.8118917952488187,-1.1304187515518078e-13
SRT,48,18,46,0.3854166666666667,0.9687499999999999,-0.492759131576919,-1.5997394977704063e-13
SRT,48,18,47,0.3854166666666667,0.9895833333333333,-0.16519522254515268,-1.235606826265337e-13
SRT,48,19,0,0.40625,0.010416666666666666,0.1651952225451448,-1.1765609022144354e-13
SRT,48,19,1,0.40625,0.03125,0.49275913157686585,-8.42455464058439e-14
SRT,48,19,2,0.40625,0.05208333333333333,0.8118917952487833,-6.642239263455436e-14
SRT,48,19,3,0.40625,0.07291666666666667,1.1171327652049552,-5.906013502028301e-14
SRT,48,19,4,0.40625,0.09375,1.4032592838208209,-1.099669894869053e-13
SRT,48,19,5,0.40625,0.11458333333333333,1.6653756470334744,-4.0296317503391546e-14
SRT,48,19,6,0.40625,0.13541666666666666,1.8989969711961074,2.7420059718113203e-14
SRT,48,19,7,0.40625,0.15624999999999997,2.1001259306801576,3.01747016048023e-15
SRT,48,19,8,0.40625,0.17708333333333331,2.265321153225366,-1.407379448600834e-14
SRT,48,19,9,0.40625,0.19791666666666666,2.39175610277323,-1.9043104466269828e-14
SRT,48,19,10,0.40625,0.21874999999999997,2.4772674422825123,1.2767645052372998e-14
SRT,48,19,11,0.40625,0.23958333333333331,2.520392049026067,4.29549530309167e-14
SRT,48,19,12,0.40625,0.2604166666666667,2.520392049026051,6.75196556242827e-14
SRT,48,19,13,0.40625,0.28125,2.4772674422825562,1.81246115529105e-14
SRT,48,19,14,0.40625,0.3020833333333333,2.39175610277321,1.3916703206859943e-14
SRT,48,19,15,0.40625,0.3229166666666667,2.265321153225376,-6.33285918330106e-14
SRT,48,19,16,0.40625,0.34375,2.100125930680165,-4.9820965188032165e-14
SRT,48,19,17,0.40625,0.3645833333333333,1.898996971196129,-9.950616723070176e-15
SRT,48,19,18,0.40625,0.3854166666666667,1.665375647033527,1.1419848815074681e-14
SRT,48,19,19,0.40625,0.40625,1.4032592838207798,6.770006162843823e-14
SRT,48,19,20,0.40625,0.4270833333333333,1.1171327652048848,1.3718997141215678e-13
SRT,48,19,21,0.40625,0.4479166666666667,0.8118917952486867,1.0841582196793164e-13
SRT,48,19,22,0.40625,0.46875,0.4927591315768359,4.3373349336464226e-14
SRT,48,19,23,0.40625,0.4895833333333333,0.16519522254508495,1.178345116715482e-14
SRT,48,19,24,0.40625,0.5104166666666666,-0.1651952225451773,1.3169623471377022e-14
SRT,48,19,25,0.40625,0.5312499999999999,-0.4927591315769199,9.471526848152456e-14
SRT,48,19,26,0.40625,0.5520833333333333,-0.8118917952487338,9.60833565339716e-14
SRT,48,19,27,0.40625,0.5729166666666666,-1.1171327652049095,1.167802401795813e-13
SRT,48,19,28,0.40625,0.5937499999999999,-1.4032592838207112,1.2022961115921006e-13
SRT,48,19,29,0.40625,0.6145833333333333,-1.6653756470334404,8.819877538754995e-14
SRT,48,19,30,0.40625,0.6354166666666666,-1.898996971196003,7.200156271370029e-14
SRT,48,19,31,0.40625,0.6562499999999999,-2.100125930680099,2.1989005741739576e-14
SRT,48,19,32,0.40625,0.6770833333333333,-2.2653211532252784,6.234132034261013e-15
SRT,48,19,33,0.40625,0.6979166666666666,-2.391756102773171,1.6034221678243487e-14
SRT,48,19,34,0.40625,0.7187499999999999,-2.4772674422825003,-5.867228462799916e-14
SRT,48,19,35,0.40625,0.7395833333333333,-2.5203920490260323,-7.924490616938998e-14
SRT,48,19,36,0.40625,0.7604166666666666,-2.520392049026035,-1.482038003737682e-14
SRT,48,19,37,0.40625,0.7812499999999999,-2.4772674422824985,1.093869539182823e-14
SRT,48,19,38,0.40625,0.8020833333333333,-2.391756102773192,-4.684122513609576e-14
SRT,48,19,39,0.40625,0.8229166666666666,-2.2653211532253708,-7.10458521020032e-14
SRT,48,19,40,0.40625,0.8437499999999999,-2.1001259306801723,-6.86725687493781e-14
SRT,48,19,41,0.40625,0.8645833333333333,-1.898996971196175,-8.074118530948277e-14
SRT,48,19,42,0.40625,0.8854166666666666,-1.6653756470335397,-4.3267314293071557e-14
SRT,48,19,43,0.40625,0.9062499999999999,-1.4032592838208693,-5.0014314400623906e-14
SRT,48,19,44,0.40625,0.9270833333333333,-1.117132765205004,-1.1102928343118893e-13
SRT,48,19,45,0.40625,0.9479166666666666,-0.8118917952488319,-1.4147189835234347e-13
SRT,48,19,46,0.40625,0.9687499999999999,-0.49275913157691964,-9.796471512514201e-14
SRT,48,19,47,0.40625,0.9895833333333333,-0.16519522254517657,-7.817844566242433e-14
SRT,48,20,0,0.4270833333333333,0.010416666666666666,0.16519522254512972,-1.2483111955643998e-13
SRT,48,20,1,0.4270833333333333,0.03125,0.4927591315768716,-6.112417742377359e-14
SRT,48,20,2,0.4270833333333333,0.05208333333333333,0.8118917952487421,-3.370493636959456e-14
SRT,48,20,3,0.4270833333333333,0.07291666666666667,1.1171327652049543,-4.225291361824696e-14
SRT,48,20,4,0.4270833333333333,0.09375,1.4032592838208244,-1.1534833470747075e-13
SRT,48,20,5,0.4270833333333333,0.11458333333333333,1.6653756470335168,-6.89120593065923e-14
SRT,48,20,6,0.4270833333333333,0.13541666666666666,1.8989969711960997,-1.0052448897021176e-14
SRT,48,20,7,0.4270833333333333,0.15624999999999997,2.100125930680054,-3.364540169767295e-14
SRT,48,20,8,0.4270833333333333,0.17708333333333331,2.2653211532252637,8.528526898006032e-15
SRT,48,20,9,0.4270833333333333,0.19791666666666666,2.391756102773139,-9.019107630557944e-15
SRT,48,20,10,0.4270833333333333,0.21874999999999997,2.4772674422824914,3.533089734365952e-14
SRT,48,20,11,0.4270833333333333,0.23958333333333331,2.5203920490260137,4.5789745239861294e-14
SRT,48,20,12,0.4270833333333333,0.2604166666666667,2.520392049026045,7.662761321133603e-14
SRT,48,20,13,0.4270833333333333,0.28125,2.4772674422824315,5.9012082911750886e-15
SRT,48,20,14,0.4270833333333333,0.3020833333333333,2.391756102773143,-1.1407170413464333e-14
SRT,48,20,15,0.4270833333333333,0.3229166666666667,2.2653211532253215,-2.6333577375763706e-14
SRT,48,20,16,0.4270833333333333,0.34375,2.100125930680123,-6.212490572887576e-14
SRT,48,20,17,0.4270833333333333,0.3645833333333333,1.8989969711961314,-8.087919540027325e-15
SRT,48,20,18,0.4270833333333333,0.3854166666666667,1.6653756470335208,1.0872972328550482e-14
SRT,48,20,19,0.4270833333333333,0.40625,1.403259283820819,3.3729994992491786e-14
SRT,48,20,20,0.4270833333333333,0.4270833333333333,1.1171327652049468,1.062179079457657e-13
SRT,48,20,21,0.4270833333333333,0.4479166666666667,0.8118917952487301,9.573813441652344e-14
SRT,48,20,22,0.4270833333333333,0.46875,0.49275913157685586,5.1679133463844304e-14
SRT,48,20,23,0.4270833333333333,0.4895833333333333,0.16519522254516142,5.658463401187546e-14
SRT,48,20,24,0.4270833333333333,0.5104166666666666,-0.16519522254511915,4.612452676257736e-14
SRT,48,20,25,0.4270833333333333,0.5312499999999999,-0.49275913157685597,8.392748796405931e-14
SRT,48,20,26,0.4270833333333333,0.5520833333333333,-0.8118917952487125,1.4558468135969463e-13
SRT,48,20,27,0.4270833333333333,0.5729166666666666,-1.1171327652049108,1.2039280994567524e-13
SRT,48,20,28,0.4270833333333333,0.5937499999999999,-1.403259283820755,1.4516112585764625e-13
SRT,48,20,29,0.4270833333333333,0.6145833333333333,-1.6653756470334522,1.2604217867817272e-13
SRT,48,20,30,0.4270833333333333,0.6354166666666666,-1.8989969711960728,5.377439389213724e-14
SRT,48,20,31,0.4270833333333333,0.6562499999999999,-2.1001259306801128,3.492051733805516e-15
SRT,48,20,32,0.4270833333333333,0.6770833333333333,-2.265321153225324,2.576860411799549e-14
SRT,48,20,33,0.4270833333333333,0.6979166666666666,-2.3917561027732095,-4.8695615738373773e-14
SRT,48,20,34,0.4270833333333333,0.7187499999999999,-2.477267442282531,-5.917250701716975e-14
SRT,48,20,35,0.4270833333333333,0.7395833333333333,-2.5203920490260363,-4.1438332976216085e-14
SRT,48,20,36,0.4270833333333333,0.7604166666666666,-2.52039204902605,-5.729959980533957e-14
SRT,48,20,37,0.4270833333333333,0.7812499999999999,-2.4772674422824665,1.5516579862303417e-14
SRT,48,20,38,0.4270833333333333,0.8020833333333333,-2.3917561027732135,-3.124621384585218e-14
SRT,48,20,39,0.4270833333333333,0.8229166666666666,-2.2653211532253574,-2.0382013186268463e-14
SRT,48,20,40,0.4270833333333333,0.8437499999999999,-2.100125930680176,-9.592519565803885e-14
SRT,48,20,41,0.4270833333333333,0.8645833333333333,-1.8989969711961276,-8.652706157834459e-14
SRT,48,20,42,0.4270833333333333,0.8854166666666666,-1.6653756470336043,-5.2720465732550543e-14
SRT,48,20,43,0.4270833333333333,0.9062499999999999,-1.4032592838208713,-7.000427583491125e-14
SRT,48,20,44,0.4270833333333333,0.9270833333333333,-1.117132765205048,-1.4263326969830861e-13
SRT,48,20,45,0.4270833333333333,0.9479166666666666,-0.8118917952487541,-1.2450241407672262e-13
SRT,48,20,46,0.4270833333333333,0.9687499999999999,-0.4927591315769334,-9.905809257430534e-14
SRT,48,20,47,0.4270833333333333,0.9895833333333333,-0.16519522254517227,-1.3537602240784063e-13
SRT,48,21,0,0.4479166666666667,0.010416666666666666,0.1651952225451305,-1.0413068589663185e-13
SRT,48,21,1,0.4479166666666667,0.03125,0.4927591315768831,-7.829862169376955e-14
SRT,48,21,2,0.4479166666666667,0.05208333333333333,0.811891795248712,-7.217355381271116e-14
SRT,48,21,3,0.4479166666666667,0.07291666666666667,1.117132765204962,-2.199308130912897e-14
SRT,48,21,4,0.4479166666666667,0.09375,1.4032592838208604,-5.294286442590523e-14
SRT,48,21,5,0.4479166666666667,0.11458333333333333,1.665375647033551,-7.996562985483644e-14
SRT,48,21,6,0.4479166666666667,0.13541666666666666,1.8989969711961796,-5.469306371184599e-14
SRT,48,21,7,0.4479166666666667,0.15624999999999997,2.1001259306801043,-1.4442895018522993e-14
SRT,48,21,8,0.4479166666666667,0.17708333333333331,2.265321153225316,-1.3996793705281651e-14
SRT,48,21,9,0.4479166666666667,0.19791666666666666,2.391756102773107,4.572251466653655e-14
SRT,48,21,10,0.4479166666666667,0.21874999999999997,2.477267442282424,6.992737322480793e-14
SRT,48,21,11,0.4479166666666667,0.23958333333333331,2.5203920490259923,6.695346819702898e-14
SRT,48,21,12,0.4479166666666667,0.2604166666666667,2.52039204902603,3.726657226084607e-14
SRT,48,21,13,0.4479166666666667,0.28125,2.4772674422824443,-3.252419544022233e-14
SRT,48,21,14,0.4479166666666667,0.3020833333333333,2.3917561027731677,3.942644542921391e-14
SRT,48,21,15,0.4479166666666667,0.3229166666666667,2.2653211532253454,-4.2083462886451655e-14
SRT,48,21,16,0.4479166666666667,0.34375,2.1001259306801807,-4.2154949016800056e-14
SRT,48,21,17,0.4479166666666667,0.3645833333333333,1.8989969711961683,-4.015494426704075e-15
SRT,48,21,18,0.4479166666666667,0.3854166666666667,1.665375647033555,-3.609134071381418e-14
SRT,48,21,19,0.4479166666666667,0.40625,1.4032592838208904,5.6024439581385274e-14
SRT,48,21,20,0.4479166666666667,0.4270833333333333,1.1171327652050014,7.554023275239817e-14
SRT,48,21,21,0.4479166666666667,0.4479166666666667,0.8118917952488157,7.951452234320927e-14
SRT,48,21,22,0.4479166666666667,0.46875,0.4927591315769124,8.268399054530675e-14
SRT,48,21,23,0.4479166666666667,0.4895833333333333,0.16519522254521152,6.45033496967792e-14
SRT,48,21,24,0.4479166666666667,0.5104166666666666,-0.16519522254509425,6.814754196202863e-14
SRT,48,21,25,0.4479166666666667,0.5312499999999999,-0.4927591315768354,8.498728092987602e-14
SRT,48,21,26,0.4479166666666667,0.5520833333333333,-0.8118917952487521,9.959856404355423e-14
SRT,48,21,27,0.4479166666666667,0.5729166666666666,-1.1171327652049812,1.1268036701877988e-13
SRT,48,21,28,0.4479166666666667,0.5937499999999999,-1.4032592838208382,1.6366384228472896e-13
SRT,48,21,29,0.4479166666666667,0.6145833333333333,-1.6653756470335217,8.493814716428497e-14
SRT,48,21,30,0.4479166666666667,0.6354166666666666,-1.8989969711961303,5.177040750703245e-14
SRT,48,21,31,0.4479166666666667,0.6562499999999999,-2.1001259306801403,7.213230920750493e-15
SRT,48,21,32,0.4479166666666667,0.6770833333333333,-2.265321153225373,-6.164281535689766e-14
SRT,48,21,33,0.4479166666666667,0.6979166666666666,-2.391756102773195,-3.532212860705475e-14
SRT,48,21,34,0.4479166666666667,0.7187499999999999,-2.4772674422824936,-5.010931398526136e-14
SRT,48,21,35,0.4479166666666667,0.7395833333333333,-2.520392049026056,-5.5628622285682456e-14
SRT,48,21,36,0.4479166666666667,0.7604166666666666,-2.520392049026043,-2.8227238594857007e-14
SRT,48,21,37,0.4479166666666667,0.7812499999999999,-2.477267442282539,8.731572106831321e-15
SRT,48,21,38,0.4479166666666667,0.8020833333333333,-2.391756102773218,-6.712391065222924e-14
SRT,48,21,39,0.4479166666666667,0.8229166666666666,-2.2653211532253863,-6.897334578116653e-14
SRT,48,21,40,0.4479166666666667,0.8437499999999999,-2.1001259306801936,-2.832891291347e-14
SRT,48,21,41,0.4479166666666667,0.8645833333333333,-1.8989969711961636,-1.228670752691295e-13
SRT,48,21,42,0.4479166666666667,0.8854166666666666,-1.6653756470335457,-9.474594170539373e-14
SRT,48,21,43,0.4479166666666667,0.9062499999999999,-1.4032592838208893,-4.708931040131616e-14
SRT,48,21,44,0.4479166666666667,0.9270833333333333,-1.1171327652049978,-6.682019919981372e-14
SRT,48,21,45,0.4479166666666667,0.9479166666666666,-0.811891795248761,-1.0425799777314138e-13
SRT,48,21,46,0.4479166666666667,0.9687499999999999,-0.4927591315769171,-1.1829166712145512e-13
SRT,48,21,47,0.4479166666666667,0.9895833333333333,-0.16519522254516886,-1.0705721736441488e-13
SRT,48,22,0,0.46875,0.010416666666666666,0.16519522254507693,-1.097850629334437e-13
SRT,48,22,1,0.46875,0.03125,0.4927591315768668,-7.086084653958852e-14
SRT,48,22,2,0.46875,0.05208333333333333,0.8118917952487187,-4.1570928018037295e-14
SRT,48,22,3,0.46875,0.07291666666666667,1.117132765204952,-4.092196995026774e-15
SRT,48,22,4,0.46875,0.09375,1.403259283820824,-4.094236191798927e-14
SRT,48,22,5,0.46875,0.11458333333333333,1.665375647033521,-7.496413066233596e-14
SRT,48,22,6,0.46875,0.13541666666666666,1.8989969711961487,-9.452619407365803e-14
SRT,48,22,7,0.46875,0.15624999999999997,2.1001259306801376,-8.32046061299097e-14
SRT,48,22,8,0.46875,0.17708333333333331,2.2653211532253383,-1.813703991747926e-14
SRT,48,22,9,0.46875,0.19791666666666666,2.3917561027730923,-2.5778387672881664e-16
SRT,48,22,10,0.46875,0.21874999999999997,2.4772674422823577,7.271559603302239e-14
SRT,48,22,11,0.46875,0.23958333333333331,2.5203920490259164,9.85269674728429e-14
SRT,48,22,12,0.46875,0.2604166666666667,2.520392049025971,8.086380247103237e-14
SRT,48,22,13,0.46875,0.28125,2.477267442282491,-6.628878986115985e-16
SRT,48,22,14,0.46875,0.3020833333333333,2.391756102773177,-9.347021621946065e-15
SRT,48,22,15,0.46875,0.3229166666666667,2.265321153225369,2.3700539002224335e-14
SRT,48,22,16,0.46875,0.34375,2.1001259306801767,-3.0000208372444254e-14
SRT,48,22,17,0.46875,0.3645833333333333,1.8989969711961627,-1.4648080307552174e-14
SRT,48,22,18,0.46875,0.3854166666666667,1.6653756470335814,3.668691227365649e-14
SRT,48,22,19,0.46875,0.40625,1.4032592838208806,2.8620533284257256e-14
SRT,48,22,20,0.46875,0.4270833333333333,1.117132765205044,6.638014469470477e-14
SRT,48,22,21,0.46875,0.4479166666666667,0.8118917952488219,6.06545119574903e-14
SRT,48,22,22,0.46875,0.46875,0.49275913157696594,6.383981387896169e-14
SRT,48,22,23,0.46875,0.4895833333333333,0.1651952225451871,1.2702366025471695e-13
SRT,48,22,24,0.46875,0.5104166666666666,-0.16519522254506236,7.641559988615276e-14
SRT,48,22,25,0.46875,0.5312499999999999,-0.4927591315768706,4.254536797874057e-14
SRT,48,22,26,0.46875,0.5520833333333333,-0.8118917952487553,9.027300006543993e-14
SRT,48,22,27,0.46875,0.5729166666666666,-1.1171327652050003,1.0154127208665291e-13
SRT,48,22,28,0.46875,0.5937499999999999,-1.4032592838208593,1.3735773034185978e-13
SRT,48,22,29,0.46875,0.6145833333333333,-1.6653756470335384,1.3787490683363815e-13
SRT,48,22,30,0.46875,0.6354166666666666,-1.898996971196158,6.460779422395762e-14
SRT,48,22,31,0.46875,0.6562499999999999,-2.1001259306801607,-3.83898446157939e-14
SRT,48,22,32,0.46875,0.6770833333333333,-2.2653211532253885,-9.253370889001918e-15
SRT,48,22,33,0.46875,0.6979166666666666,-2.3917561027731633,-4.3841887299688334e-14
SRT,48,22,34,0.46875,0.7187499999999999,-2.4772674422825194,-6.323479587950003e-14
SRT,48,22,35,0.46875,0.7395833333333333,-2.5203920490260185,-2.7059553181638605e-14
SRT,48,22,36,0.46875,0.7604166666666666,-2.5203920490260336,-5.657435487494677e-14
SRT,48,22,37,0.46875,0.7812499999999999,-2.4772674422825047,-7.337550549534559e-15
SRT,48,22,38,0.46875,0.8020833333333333,-2.3917561027732,-4.2006152124033384e-14
SRT,48,22,39,0.46875,0.8229166666666666,-2.2653211532253943,-3.84131477344058e-14
SRT,48,22,40,0.46875,0.8437499999999999,-2.100125930680203,-8.974569315966256e-14
SRT,48,22,41,0.46875,0.8645833333333333,-1.898996971196197,-8.493480443194872e-14
SRT,48,22,42,0.46875,0.8854166666666666,-1.6653756470335677,-1.0980733926982106e-13
SRT,48,22,43,0.46875,0.9062499999999999,-1.4032592838208557,-7.88453348076008e-14
SRT,48,22,44,0.46875,0.9270833333333333,-1.1171327652050347,-8.909231810974777e-14
SRT,48,22,45,0.46875,0.9479166666666666,-0.8118917952488389,-1.0136680477442095e-13
SRT,48,22,46,0.46875,0.9687499999999999,-0.4927591315769572,-9.863262073452925e-14
SRT,48,22,47,0.46875,0.9895833333333333,-0.16519522254520191,-1.6676081750264034e-13
SRT,48,23,0,0.4895833333333333,0.010416666666666666,0.16519522254502714,-9.019723220457138e-14
SRT,48,23,1,0.4895833333333333,0.03125,0.4927591315768398,-3.90393683755586e-14
SRT,48,23,2,0.4895833333333333,0.05208333333333333,0.8118917952487104,-5.0226969001962157e-14
SRT,48,23,3,0.4895833333333333,0.07291666666666667,1.1171327652049328,8.220918883641846e-15
SRT,48,23,4,0.4895833333333333,0.09375,1.4032592838207871,1.4979525884872327e-14
SRT,48,23,5,0.4895833333333333,0.11458333333333333,1.6653756470335181,-7.798299944125396e-14
SRT,48,23,6,0.4895833333333333,0.13541666666666666,1.898996971196114,-9.134085643985917e-14
SRT,48,23,7,0.4895833333333333,0.15624999999999997,2.1001259306800955,-6.522853974740315e-14
SRT,48,23,8,0.4895833333333333,0.17708333333333331,2.2653211532252544,-1.212735267626727e-13
SRT,48,23,9,0.4895833333333333,0.19791666666666666,2.3917561027730527,-2.2332501454300555e-14
SRT,48,23,10,0.4895833333333333,0.21874999999999997,2.4772674422823817,8.686988102269729e-14
SRT,48,23,11,0.4895833333333333,0.23958333333333331,2.5203920490258978,1.4080220708748538e-13
SRT,48,23,12,0.4895833333333333,0.2604166666666667,2.5203920490259524,1.2967307419749675e-13
SRT,48,23,13,0.4895833333333333,0.28125,2.4772674422824585,2.1312959700629262e-14
SRT,48,23,14,0.4895833333333333,0.3020833333333333,2.3917561027731615,1.3451190515312734e-14
SRT,48,23,15,0.4895833333333333,0.3229166666666667,2.2653211532253463,1.6069416679721837e-14
SRT,48,23,16,0.4895833333333333,0.34375,2.1001259306801323,-2.8429933477956476e-14
SRT,48,23,17,0.4895833333333333,0.3645833333333333,1.8989969711961527,2.3264241840701263e-15
SRT,48,23,18,0.4895833333333333,0.3854166666666667,1.6653756470335395,1.8602337410909066e-14
SRT,48,23,19,0.4895833333333333,0.40625,1.403259283820869,5.1641258911049895e-14
SRT,48,23,20,0.4895833333333333,0.4270833333333333,1.1171327652050473,6.9754845508735e-14
SRT,48,23,21,0.4895833333333333,0.4479166666666667,0.8118917952488177,7.757953336926508e-14
SRT,48,23,22,0.4895833333333333,0.46875,0.4927591315769957,6.25901441630768e-14
SRT,48,23,23,0.4895833333333333,0.4895833333333333,0.16519522254520264,9.94487125482895e-14
SRT,48,23,24,0.4895833333333333,0.5104166666666666,-0.16519522254512514,6.054020741932403e-14
SRT,48,23,25,0.4895833333333333,0.5312499999999999,-0.4927591315768663,7.411165074782594e-15
SRT,48,23,26,0.4895833333333333,0.5520833333333333,-0.8118917952487644,2.3982049966666442e-14
SRT,48,23,27,0.4895833333333333,0.5729166666666666,-1.1171327652049892,7.226149511968031e-14
SRT,48,23,28,0.4895833333333333,0.5937499999999999,-1.4032592838208362,1.6039150014854288e-13
SRT,48,23,29,0.4895833333333333,0.6145833333333333,-1.6653756470335557,1.2419911792781278e-13
SRT,48,23,30,0.4895833333333333,0.6354166666666666,-1.8989969711961663,8.011288870260303e-14
SRT,48,23,31,0.4895833333333333,0.6562499999999999,-2.1001259306801523,6.75199731020295e-15
SRT,48,23,32,0.4895833333333333,0.6770833333333333,-2.2653211532252904,-2.6542812293518733e-14
SRT,48,23,33,0.4895833333333333,0.6979166666666666,-2.3917561027731753,-5.694241938363825e-14
SRT,48,23,34,0.4895833333333333,0.7187499999999999,-2.4772674422824394,-4.0609765125930815e-14
SRT,48,23,35,0.4895833333333333,0.7395833333333333,-2.520392049026014,-6.133791715016227e-14
SRT,48,23,36,0.4895833333333333,0.7604166666666666,-2.5203920490260017,-8.142526021945093e-14
SRT,48,23,37,0.4895833333333333,0.7812499999999999,-2.477267442282517,-2.7402339136540792e-14
SRT,48,23,38,0.4895833333333333,0.8020833333333333,-2.391756102773229,-7.036214525690024e-14
SRT,48,23,39,0.4895833333333333,0.8229166666666666,-2.26532115322541,-9.009655656407661e-14
SRT,48,23,40,0.4895833333333333,0.8437499999999999,-2.1001259306801963,-6.87766556551088e-14
SRT,48,23,41,0.4895833333333333,0.8645833333333333,-1.8989969711961603,-8.193358504803637e-14
SRT,48,23,42,0.4895833333333333,0.8854166666666666,-1.6653756470335535,-4.2719125532311146e-14
SRT,48,23,43,0.4895833333333333,0.9062499999999999,-1.4032592838208386,-7.01515638959485e-14
SRT,48,23,44,0.4895833333333333,0.9270833333333333,-1.1171327652050207,-1.017202084062985e-13
SRT,48,23,45,0.4895833333333333,0.9479166666666666,-0.8118917952488449,-9.730513283886573e-14
SRT,48,23,46,0.4895833333333333,0.9687499999999999,-0.49275913157702605,-1.2739038231934705e-13
SRT,48,23,47,0.4895833333333333,0.9895833333333333,-0.16519522254525656,-1.6043101076521185e-13
SRT,48,24,0,0.5104166666666666,0.010416666666666666,0.16519522254506686,-1.0032347176160875e-13
SRT,48,24,1,0.5104166666666666,0.03125,0.4927591315767992,-1.93401490497965e-14
SRT,48,24,2,0.5104166666666666,0.05208333333333333,0.8118917952486914,-5.601237114561346e-15
SRT,48,24,3,0.5104166666666666,0.07291666666666667,1.1171327652048935,-1.7003157809797504e-14
SRT,48,24,4,0.5104166666666666,0.09375,1.4032592838207598,5.383859801206226e-15
SRT,48,24,5,0.5104166666666666,0.11458333333333333,1.6653756470334982,-1.0401485419573936e-14
SRT,48,24,6,0.5104166666666666,0.13541666666666666,1.898996971196114,-1.0935364812788231e-13
SRT,48,24,7,0.5104166666666666,0.15624999999999997,2.1001259306801328,-1.672931073571452e-13
SRT,48,24,8,0.5104166666666666,0.17708333333333331,2.265321153225324,-8.900170978980055e-14
SRT,48,24,9,0.5104166666666666,0.19791666666666666,2.3917561027731575,3.4661883968422923e-15
SRT,48,24,10,0.5104166666666666,0.21874999999999997,2.477267442282459,8.539623072217106e-14
SRT,48,24,11,0.5104166666666666,0.23958333333333331,2.520392049026025,1.2100714947010898e-13
SRT,48,24,12,0.5104166666666666,0.2604166666666667,2.5203920490259826,1.393131932628162e-13
SRT,48,24,13,0.5104166666666666,0.28125,2.4772674422824528,5.624028993209175e-14
SRT,48,24,14,0.5104166666666666,0.3020833333333333,2.391756102773197,7.874366010398287e-15
SRT,48,24,15,0.5104166666666666,0.3229166666666667,2.2653211532253503,2.562691612575046e-14
SRT,48,24,16,0.5104166666666666,0.34375,2.100125930680203,7.58679452048422e-15
SRT,48,24,17,0.5104166666666666,0.3645833333333333,1.898996971196143,3.24118297919471e-15
SRT,48,24,18,0.5104166666666666,0.3854166666666667,1.6653756470335757,5.414722505639026e-14
SRT,48,24,19,0.5104166666666666,0.40625,1.4032592838208693,8.04255673647624e-14
SRT,48,24,20,0.5104166666666666,0.4270833333333333,1.117132765205059,4.740741024139455e-14
SRT,48,24,21,0.5104166666666666,0.4479166666666667,0.8118917952488326,5.3728093240986566e-14
SRT,48,24,22,0.5104166666666666,0.46875,0.4927591315769583,5.456595153407582e-14
SRT,48,24,23,0.5104166666666666,0.4895833333333333,0.16519522254515498,6.457096202858756e-14
SRT,48,24,24,0.5104166666666666,0.5104166666666666,-0.16519522254512442,8.598684450314751e-14
SRT,48,24,25,0.5104166666666666,0.5312499999999999,-0.4927591315769071,3.1721774190160657e-14
SRT,48,24,26,0.5104166666666666,0.5520833333333333,-0.8118917952487137,4.020418436923624e-14
SRT,48,24,27,0.5104166666666666,0.5729166666666666,-1.1171327652049519,9.252384221734466e-14
SRT,48,24,28,0.5104166666666666,0.5937499999999999,-1.4032592838208087,9.476892556916826e-14
SRT,48,24,29,0.5104166666666666,0.6145833333333333,-1.6653756470335794,9.220092615198272e-14
SRT,48,24,30,0.5104166666666666,0.6354166666666666,-1.8989969711961627,8.78847158832079e-14
SRT,48,24,31,0.5104166666666666,0.6562499999999999,-2.1001259306801856,5.733886875842097e-14
SRT,48,24,32,0.5104166666666666,0.6770833333333333,-2.2653211532253263,6.9901523703384495e-15
SRT,48,24,33,0.5104166666666666,0.6979166666666666,-2.3917561027731438,-4.692015932451356e-14
SRT,48,24,34,0.5104166666666666,0.7187499999999999,-2.477267442282444,-4.8236629250792216e-14
SRT,48,24,35,0.5104166666666666,0.7395833333333333,-2.5203920490259897,-3.9909202057511484e-14
SRT,48,24,36,0.5104166666666666,0.7604166666666666,-2.5203920490260137,-7.460834887407917e-14
SRT,48,24,37,0.5104166666666666,0.7812499999999999,-2.4772674422824674,-1.0577517890347253e-13
SRT,48,24,38,0.5104166666666666,0.8020833333333333,-2.391756102773254,-8.617111852526311e-14
SRT,48,24,39,0.5104166666666666,0.8229166666666666,-2.265321153225424,-4.7586307882983407e-14
SRT,48,24,40,0.5104166666666666,0.8437499999999999,-2.1001259306802202,-9.907823040554848e-14
SRT,48,24,41,0.5104166666666666,0.8645833333333333,-1.8989969711961723,-5.197417445002057e-14
SRT,48,24,42,0.5104166666666666,0.8854166666666666,-1.6653756470335577,-9.321233444975984e-14
SRT,48,24,43,0.5104166666666666,0.9062499999999999,-1.4032592838208737,-9.790348633598417e-14
SRT,48,24,44,0.5104166666666666,0.9270833333333333,-1.1171327652050254,-1.1841360888518211e-13
SRT,48,24,45,0.5104166666666666,0.9479166666666666,-0.8118917952488333,-1.411440184451512e-13
SRT,48,24,46,0.5104166666666666,0.9687499999999999,-0.4927591315770064,-1.192715839894203e-13
SRT,48,24,47,0.5104166666666666,0.9895833333333333,-0.1651952225452409,-1.6303643787407397e-13
SRT,48,25,0,0.5312499999999999,0.010416666666666666,0.1651952225450931,-1.1062530234319871e-13
SRT,48,25,1,0.5312499999999999,0.03125,0.4927591315768588,-4.314734955037287e-14
SRT,48,25,2,0.5312499999999999,0.05208333333333333,0.8118917952487057,1.6136184041926313e-14
SRT,48,25,3,0.5312499999999999,0.07291666666666667,1.1171327652049372,7.168219839911947e-15
SRT,48,25,4,0.5312499999999999,0.09375,1.4032592838208118,3.589689641527932e-14
SRT,48,25,5,0.5312499999999999,0.11458333333333333,1.6653756470334724,-2.6441571931055147e-14
SRT,48,25,6,0.5312499999999999,0.13541666666666666,1.8989969711961123,-8.974326011135766e-14
SRT,48,25,7,0.5312499999999999,0.15624999999999997,2.100125930680161,-1.2468545990165298e-13
SRT,48,25,8,0.5312499999999999,0.17708333333333331,2.265321153225391,-1.3283773678534806e-13
SRT,48,25,9,0.5312499999999999,0.19791666666666666,2.391756102773195,-8.638662642895769e-15
SRT,48,25,10,0.5312499999999999,0.21874999999999997,2.4772674422825256,1.1224546261862886e-13
SRT,48,25,11,0.5312499999999999,0.23958333333333331,2.5203920490260474,1.5072969032614165e-13
SRT,48,25,12,0.5312499999999999,0.2604166666666667,2.5203920490260376,8.07698603121787e-14
SRT,48,25,13,0.5312499999999999,0.28125,2.47726744228249,8.317637882692978e-14
SRT,48,25,14,0.5312499999999999,0.3020833333333333,2.3917561027731793,3.58627297724597e-14
SRT,48,25,15,0.5312499999999999,0.3229166666666667,2.2653211532253983,3.0809777933643935e-14
SRT,48,25,16,0.5312499999999999,0.34375,2.1001259306801843,3.681056911763701e-14
SRT,48,25,17,0.5312499999999999,0.3645833333333333,1.8989969711962067,3.519161926533188e-14
SRT,48,25,18,0.5312499999999999,0.3854166666666667,1.665375647033599,5.143592275032565e-14
SRT,48,25,19,0.5312499999999999,0.40625,1.4032592838209104,8.759897866583143e-14
SRT,48,25,20,0.5312499999999999,0.4270833333333333,1.1171327652050886,8.846002036595464e-14
SRT,48,25,21,0.5312499999999999,0.4479166666666667,0.8118917952488374,1.606008266648499e-14
SRT,48,25,22,0.5312499999999999,0.46875,0.4927591315769774,1.1523739311200664e-14
SRT,48,25,23,0.5312499999999999,0.4895833333333333,0.16519522254516858,8.610208197715061e-14
SRT,48,25,24,0.5312499999999999,0.5104166666666666,-0.16519522254511027,3.4725738097555504e-14
SRT,48,25,25,0.5312499999999999,0.5312499999999999,-0.4927591315769173,1.3670746571291769e-14
SRT,48,25,26,0.5312499999999999,0.5520833333333333,-0.8118917952487471,3.399206402681215e-14
SRT,48,25,27,0.5312499999999999,0.5729166666666666,-1.117132765204935,2.983927002576043e-14
SRT,48,25,28,0.5312499999999999,0.5937499999999999,-1.4032592838208628,8.008159500510784e-14
SRT,48,25,29,0.5312499999999999,0.6145833333333333,-1.6653756470335623,5.758338349015428e-14
SRT,48,25,30,0.5312499999999999,0.6354166666666666,-1.8989969711962196,9.516872020077648e-14
SRT,48,25,31,0.5312499999999999,0.6562499999999999,-2.1001259306802114,7.91086185646636e-14
SRT,48,25,32,0.5312499999999999,0.6770833333333333,-2.2653211532254143,3.288683443578721e-14
SRT,48,25,33,0.5312499999999999,0.6979166666666666,-2.391756102773196,-3.600298851695278e-14
SRT,48,25,34,0.5312499999999999,0.7187499999999999,-2.4772674422824923,-4.7487913837141356e-14
SRT,48,25,35,0.5312499999999999,0.7395833333333333,-2.5203920490260123,-7.49981481922618e-14
SRT,48,25,36,0.5312499999999999,0.7604166666666666,-2.5203920490260647,-1.217666338323399e-13
SRT,48,25,37,0.5312499999999999,0.7812499999999999,-2.477267442282482,-8.697148875153927e-14
SRT,48,25,38,0.5312499999999999,0.8020833333333333,-2.39175610277322,-1.1264610856151183e-13
SRT,48,25,39,0.5312499999999999,0.8229166666666666,-2.2653211532253437,-5.3317389708569346e-14
SRT,48,25,40,0.5312499999999999,0.8437499999999999,-2.100125930680177,-6.283916218694067e-14
SRT,48,25,41,0.5312499999999999,0.8645833333333333,-1.898996971196131,-6.206237589210993e-14
SRT,48,25,42,0.5312499999999999,0.8854166666666666,-1.6653756470335603,-4.491206307168678e-14
SRT,48,25,43,0.5312499999999999,0.9062499999999999,-1.4032592838208324,-1.0936323260464139e-13
SRT,48,25,44,0.5312499999999999,0.9270833333333333,-1.1171327652050314,-9.680577528443822e-14
SRT,48,25,45,0.5312499999999999,0.9479166666666666,-0.8118917952487678,-1.4568179499753527e-13
SRT,48,25,46,0.5312499999999999,0.9687499999999999,-0.4927591315769384,-1.5158795923580588e-13
SRT,48,25,47,0.5312499999999999,0.9895833333333333,-0.16519522254515906,-1.345765751247777e-13
SRT,48,26,0,0.5520833333333333,0.010416666666666666,0.16519522254511146,-1.1785305169164192e-13
SRT,48,26,1,0.5520833333333333,0.03125,0.49275913157689644,-3.745860279654375e-14
SRT,48,26,2,0.5520833333333333,0.05208333333333333,0.811891795248728,4.124238346430334e-15
SRT,48,26,3,0.5520833333333333,0.07291666666666667,1.1171327652049479,3.240015567883415e-14
SRT,48,26,4,0.5520833333333333,0.09375,1.4032592838207711,-1.6831715513989956e-14
SRT,48,26,5,0.5520833333333333,0.11458333333333333,1.6653756470334484,-1.0331665190206786e-14
SRT,48,26,6,0.5520833333333333,0.13541666666666666,1.8989969711960997,-2.3428187671547856e-14
SRT,48,26,7,0.5520833333333333,0.15624999999999997,2.100125930680134,-1.2194759973640454e-13
SRT,48,26,8,0.5520833333333333,0.17708333333333331,2.265321153225373,-1.0594737824649362e-13
SRT,48,26,9,0.5520833333333333,0.19791666666666666,2.3917561027731993,7.776564025053777e-15
SRT,48,26,10,0.5520833333333333,0.21874999999999997,2.477267442282529,9.552880069732547e-14
SRT,48,26,11,0.5520833333333333,0.23958333333333331,2.520392049026052,1.2904718037122902e-13
SRT,48,26,12,0.5520833333333333,0.2604166666666667,2.520392049026067,9.533733688034774e-14
SRT,48,26,13,0.5520833333333333,0.28125,2.477267442282519,5.671815124235987e-14
SRT,48,26,14,0.5520833333333333,0.3020833333333333,2.391756102773195,7.962477261982622e-14
SRT,48,26,15,0.5520833333333333,0.3229166666666667,2.265321153225406,5.3496957934915856e-14
SRT,48,26,16,0.5520833333333333,0.34375,2.100125930680194,2.1813845343135712e-14
SRT,48,26,17,0.5520833333333333,0.3645833333333333,1.8989969711962136,1.5477773151590116e-14
SRT,48,26,18,0.5520833333333333,0.3854166666666667,1.66537564703358,6.866688054172075e-14
SRT,48,26,19,0.5520833333333333,0.40625,1.4032592838209017,1.2942509703286683e-13
SRT,48,26,20,0.5520833333333333,0.4270833333333333,1.1171327652050633,7.339724815390185e-14
SRT,48,26,21,0.5520833333333333,0.4479166666666667,0.811891795248859,-1.4989549981149235e-14
SRT,48,26,22,0.5520833333333333,0.46875,0.49275913157701967,2.3592860560433725e-14
SRT,48,26,23,0.5520833333333333,0.4895833333333333,0.16519522254518745,2.5582139364304883e-14
SRT,48,26,24,0.5520833333333333,0.5104166666666666,-0.16519522254510285,1.9072144149303983e-14
SRT,48,26,25,0.5520833333333333,0.5312499999999999,-0.49275913157693474,2.8187821013068707e-14
SRT,48,26,26,0.5520833333333333,0.5520833333333333,-0.811891795248769,7.002845490050351e-14
SRT,48,26,27,0.5520833333333333,0.5729166666666666,-1.1171327652050234,4.8341075117508337e-14
SRT,48,26,28,0.5520833333333333,0.5937499999999999,-1.4032592838208662,2.423372620686552e-14
SRT,48,26,29,0.5520833333333333,0.6145833333333333,-1.6653756470335501,5.695308214021461e-14
SRT,48,26,30,0.5520833333333333,0.6354166666666666,-1.898996971196187,9.065832587923898e-14
SRT,48,26,31,0.5520833333333333,0.6562499999999999,-2.10012593068017,1.0372890959655217e-13
SRT,48,26,32,0.5520833333333333,0.6770833333333333,-2.265321153225413,5.565127683327383e-14
SRT,48,26,33,0.5520833333333333,0.6979166666666666,-2.391756102773194,1.3333036675591778e-14
SRT,48,26,34,0.5520833333333333,0.7187499999999999,-2.4772674422824985,-5.074961593571289e-14
SRT,48,26,35,0.5520833333333333,0.7395833333333333,-2.5203920490260505,-7.57855251881537e-14
SRT,48,26,36,0.5520833333333333,0.7604166666666666,-2.5203920490260687,-1.1431355458064711e-13
SRT,48,26,37,0.5520833333333333,0.7812499999999999,-2.4772674422825114,-8.9006085638312e-14
SRT,48,26,38,0.5520833333333333,0.8020833333333333,-2.3917561027731615,-9.159536354324413e-14
SRT,48,26,39,0.5520833333333333,0.8229166666666666,-2.2653211532253503,-7.045851239547901e-14
SRT,48,26,40,0.5520833333333333,0.8437499999999999,-2.1001259306801496,-1.0373698071564865e-13
SRT,48,26,41,0.5520833333333333,0.8645833333333333,-1.8989969711961527,-6.014202974116864e-14
SRT,48,26,42,0.5520833333333333,0.8854166666666666,-1.6653756470335221,-5.436157850784497e-14
SRT,48,26,43,0.5520833333333333,0.9062499999999999,-1.4032592838208378,-1.2192327905635327e-13
SRT,48,26,44,0.5520833333333333,0.9270833333333333,-1.1171327652049599,-1.2848868082850363e-13
SRT,48,26,45,0.5520833333333333,0.9479166666666666,-0.8118917952488177,-1.5241247133339023e-13
SRT,48,26,46,0.5520833333333333,0.9687499999999999,-0.4927591315769195,-1.4231393703198685e-13
SRT,48,26,47,0.5520833333333333,0.9895833333333333,-0.1651952225451972,-1.698962364557406e-13
SRT,48,27,0,0.5729166666666666,0.010416666666666666,0.1651952225451325,-7.06426011890263e-14
SRT,48,27,1,0.5729166666666666,0.03125,0.4927591315769081,-2.907897531736391e-14
SRT,48,27,2,0.5729166666666666,0.05208333333333333,0.8118917952487651,-1.5755703345567863e-14
SRT,48,27,3,0.5729166666666666,0.07291666666666667,1.1171327652049214,-9.086727104035274e-15
SRT,48,27,4,0.5729166666666666,0.09375,1.4032592838207274,-3.2216170268932246e-14
SRT,48,27,5,0.5729166666666666,0.11458333333333333,1.6653756470334808,-2.4272289007993987e-14
SRT,48,27,6,0.5729166666666666,0.13541666666666666,1.898996971196025,-9.470359837364086e-15
SRT,48,27,7,0.5729166666666666,0.15624999999999997,2.1001259306801314,-7.473449580072264e-14
SRT,48,27,8,0.5729166666666666,0.17708333333333331,2.265321153225364,-6.033979257069784e-14
SRT,48,27,9,0.5729166666666666,0.19791666666666666,2.3917561027732335,1.8004776448716494e-14
SRT,48,27,10,0.5729166666666666,0.21874999999999997,2.4772674422824754,6.953378876361423e-14
SRT,48,27,11,0.5729166666666666,0.23958333333333331,2.520392049026029,1.547033805003051e-13
SRT,48,27,12,0.5729166666666666,0.2604166666666667,2.5203920490260137,7.323799738188368e-14
SRT,48,27,13,0.5729166666666666,0.28125,2.477267442282479,4.7173451261236785e-14
SRT,48,27,14,0.5729166666666666,0.3020833333333333,2.391756102773217,7.297727221717262e-14
SRT,48,27,15,0.5729166666666666,0.3229166666666667,2.2653211532253987,1.0908110158075398e-13
SRT,48,27,16,0.5729166666666666,0.34375,2.100125930680275,1.0126007039360043e-13
SRT,48,27,17,0.5729166666666666,0.3645833333333333,1.898996971196204,3.937451252720812e-14
SRT,48,27,18,0.5729166666666666,0.3854166666666667,1.6653756470336283,4.36075571465644e-14
SRT,48,27,19,0.5729166666666666,0.40625,1.4032592838208926,7.927278806817923e-14
SRT,48,27,20,0.5729166666666666,0.4270833333333333,1.1171327652050402,9.836789586572264e-14
SRT,48,27,21,0.5729166666666666,0.4479166666666667,0.811891795248824,1.0784338403453504e-14
SRT,48,27,22,0.5729166666666666,0.46875,0.4927591315769699,-2.1847923426782198e-14
SRT,48,27,23,0.5729166666666666,0.4895833333333333,0.16519522254519384,2.6312014845855497e-14
SRT,48,27,24,0.5729166666666666,0.5104166666666666,-0.16519522254510136,-2.2490161419813324e-14
SRT,48,27,25,0.5729166666666666,0.5312499999999999,-0.4927591315768782,1.8848557423032033e-15
SRT,48,27,26,0.5729166666666666,0.5520833333333333,-0.8118917952487836,1.2377401820228494e-15
SRT,48,27,27,0.5729166666666666,0.5729166666666666,-1.1171327652050067,1.7298668875014607e-14
SRT,48,27,28,0.5729166666666666,0.5937499999999999,-1.4032592838208087,6.868444976466556e-14
SRT,48,27,29,0.5729166666666666,0.6145833333333333,-1.6653756470335122,3.791039300860624e-14
SRT,48,27,30,0.5729166666666666,0.6354166666666666,-1.8989969711961114,9.615908533525266e-14
SRT,48,27,31,0.5729166666666666,0.6562499999999999,-2.1001259306801683,6.825432284307849e-14
SRT,48,27,32,0.5729166666666666,0.6770833333333333,-2.265321153225401,4.9612238604446005e-14
SRT,48,27,33,0.5729166666666666,0.6979166666666666,-2.3917561027732206,3.7642295803793835e-14
SRT,48,27,34,0.5729166666666666,0.7187499999999999,-2.477267442282527,-5.941962171997318e-14
SRT,48,27,35,0.5729166666666666,0.7395833333333333,-2.520392049026043,-1.1506677577615698e-13
SRT,48,27,36,0.5729166666666666,0.7604166666666666,-2.5203920490260456,-1.1486248178094774e-13
SRT,48,27,37,0.5729166666666666,0.7812499999999999,-2.477267442282462,-1.9898782791577355e-14
SRT,48,27,38,0.5729166666666666,0.8020833333333333,-2.391756102773159,-9.079329961374666e-14
SRT,48,27,39,0.5729166666666666,0.8229166666666666,-2.2653211532253703,-1.1682014295488597e-13
SRT,48,27,40,0.5729166666666666,0.8437499999999999,-2.100125930680206,-6.755201740341457e-14
SRT,48,27,41,0.5729166666666666,0.8645833333333333,-1.898996971196171,-7.381803610693455e-14
SRT,48,27,42,0.5729166666666666,0.8854166666666666,-1.6653756470335723,-5.951666025858024e-14
SRT,48,27,43,0.5729166666666666,0.9062499999999999,-1.4032592838208666,-9.578868525378659e-14
SRT,48,27,44,0.5729166666666666,0.9270833333333333,-1.1171327652050498,-1.244028884876244e-13
SRT,48,27,45,0.5729166666666666,0.9479166666666666,-0.8118917952488,-1.446890921325366e-13
SRT,48,27,46,0.5729166666666666,0.9687499999999999,-0.49275913157698903,-1.420828588026131e-13
SRT,48,27,47,0.5729166666666666,0.9895833333333333,-0.1651952225451748,-1.6160868983544304e-13
SRT,48,28,0,0.5937499999999999,0.010416666666666666,0.16519522254510524,-1.0121306812587512e-13
SRT,48,28,1,0.5937499999999999,0.03125,0.49275913157688267,-2.3477546558519133e-14
SRT,48,28,2,0.5937499999999999,0.05208333333333333,0.811891795248711,-3.6892176336006796e-14
SRT,48,28,3,0.5937499999999999,0.07291666666666667,1.1171327652049288,-3.788945368293017e-14
SRT,48,28,4,0.5937499999999999,0.09375,1.403259283820762,1.4444883111123067e-15
SRT,48,28,5,0.5937499999999999,0.11458333333333333,1.665375647033451,-1.3816783372258278e-14
SRT,48,28,6,0.5937499999999999,0.13541666666666666,1.898996971196087,-4.83493575392865e-15
SRT,48,28,7,0.5937499999999999,0.15624999999999997,2.1001259306801234,-3.4522279337958394e-14
SRT,48,28,8,0.5937499999999999,0.17708333333333331,2.2653211532253437,-8.70669594716438e-15
SRT,48,28,9,0.5937499999999999,0.19791666666666666,2.3917561027732237,1.9115408644083824e-14
SRT,48,28,10,0.5937499999999999,0.21874999999999997,2.4772674422825425,5.943064653671669e-14
SRT,48,28,11,0.5937499999999999,0.23958333333333331,2.5203920490260656,1.2340792788324616e-13
SRT,48,28,12,0.5937499999999999,0.2604166666666667,2.5203920490260145,5.392581608910179e-14
SRT,48,28,13,0.5937499999999999,0.28125,2.477267442282515,7.73728232155002e-14
SRT,48,28,14,0.5937499999999999,0.3020833333333333,2.391756102773216,1.1336286673957131e-13
SRT,48,28,15,0.5937499999999999,0.3229166666666667,2.2653211532254334,1.314150809317207e-13
SRT,48,28,16,0.5937499999999999,0.34375,2.1001259306802087,6.154437752795759e-14
SRT,48,28,17,0.5937499999999999,0.3645833333333333,1.898996971196202,-1.911339483279561e-15
SRT,48,28,18,0.5937499999999999,0.3854166666666667,1.6653756470335856,8.075862348707635e-14
SRT,48,28,19,0.5937499999999999,0.40625,1.4032592838208868,1.0355019927339202e-13
SRT,48,28,20,0.5937499999999999,0.4270833333333333,1.1171327652050085,9.703667527266233e-14
SRT,48,28,21,0.5937499999999999,0.4479166666666667,0.8118917952488317,-1.5740063144389243e-16
SRT,48,28,22,0.5937499999999999,0.46875,0.49275913157697543,1.7146520502563457e-14
SRT,48,28,23,0.5937499999999999,0.4895833333333333,0.16519522254523875,2.347499837641014e-14
SRT,48,28,24,0.5937499999999999,0.5104166666666666,-0.16519522254507416,-4.452391718116094e-15
SRT,48,28,25,0.5937499999999999,0.5312499999999999,-0.4927591315768263,-6.436626493993942e-14
SRT,48,28,26,0.5937499999999999,0.5520833333333333,-0.8118917952487601,-3.295670581826423e-14
SRT,48,28,27,0.5937499999999999,0.5729166666666666,-1.1171327652049512,5.168531476927366e-14
SRT,48,28,28,0.5937499999999999,0.5937499999999999,-1.4032592838208222,5.845247632668802e-14
SRT,48,28,29,0.5937499999999999,0.6145833333333333,-1.6653756470335235,9.361625193540215e-14
SRT,48,28,30,0.5937499999999999,0.6354166666666666,-1.8989969711961263,7.365530935570168e-14
SRT,48,28,31,0.5937499999999999,0.6562499999999999,-2.1001259306801447,8.606378217501418e-14
SRT,48,28,32,0.5937499999999999,0.6770833333333333,-2.265321153225337,5.028961476758579e-14
SRT,48,28,33,0.5937499999999999,0.6979166666666666,-2.3917561027731855,1.736942804990981e-14
SRT,48,28,34,0.5937499999999999,0.7187499999999999,-2.477267442282519,-3.724696274109525e-14
SRT,48,28,35,0.5937499999999999,0.7395833333333333,-2.520392049026011,-1.0939480152070409e-13
SRT,48,28,36,0.5937499999999999,0.7604166666666666,-2.5203920490260328,-7.922698908520681e-14
SRT,48,28,37,0.5937499999999999,0.7812499999999999,-2.4772674422824843,-2.3189886363554587e-14
SRT,48,28,38,0.5937499999999999,0.8020833333333333,-2.3917561027732317,-1.1676310191399673e-13
SRT,48,28,39,0.5937499999999999,0.8229166666666666,-2.2653211532254036,-1.6638884091333022e-13
SRT,48,28,40,0.5937499999999999,0.8437499999999999,-2.1001259306802407,-1.1368724846273102e-13
SRT,48,28,41,0.5937499999999999,0.8645833333333333,-1.8989969711962462,-6.368074491439381e-14
SRT,48,28,42,0.5937499999999999,0.8854166666666666,-1.665375647033608,-8.302273434271277e-14
SRT,48,28,43,0.5937499999999999,0.9062499999999999,-1.403259283820931,-9.537318593274746e-14
SRT,48,28,44,0.5937499999999999,0.9270833333333333,-1.1171327652050647,-1.0775105956939229e-13
SRT,48,28,45,0.5937499999999999,0.9479166666666666,-0.8118917952488144,-1.7536303360497367e-13
SRT,48,28,46,0.5937499999999999,0.9687499999999999,-0.4927591315770007,-1.4639833853067314e-13
SRT,48,28,47,0.5937499999999999,0.9895833333333333,-0.1651952225451754,-1.213426241433738e-13
SRT,48,29,0,0.6145833333333333,0.010416666666666666,0.16519522254508945,-5.2713927955829056e-14
SRT,48,29,1,0.6145833333333333,0.03125,0.4927591315768718,-5.796558171097927e-14
SRT,48,29,2,0.6145833333333333,0.05208333333333333,0.8118917952487017,-4.069090197013018e-14
SRT,48,29,3,0.6145833333333333,0.07291666666666667,1.1171327652049008,-5.800518941461647e-14
SRT,48,29,4,0.6145833333333333,0.09375,1.403259283820773,-4.3959275624260017e-14
SRT,48,29,5,0.6145833333333333,0.11458333333333333,1.6653756470334424,2.4666732355359323e-14
SRT,48,29,6,0.6145833333333333,0.13541666666666666,1.8989969711960963,7.996169690136631e-15
SRT,48,29,7,0.6145833333333333,0.15624999999999997,2.1001259306801323,-1.1862810570631246e-14
SRT,48,29,8,0.6145833333333333,0.17708333333333331,2.2653211532253343,1.2743224466185136e-14
SRT,48,29,9,0.6145833333333333,0.19791666666666666,2.3917561027732095,5.654858153090637e-14
SRT,48,29,10,0.6145833333333333,0.21874999999999997,2.4772674422825034,4.153975632735589e-14
SRT,48,29,11,0.6145833333333333,0.23958333333333331,2.5203920490260603,7.695360352766429e-14
SRT,48,29,12,0.6145833333333333,0.2604166666666667,2.520392049026038,9.381741370185956e-14
SRT,48,29,13,0.6145833333333333,0.28125,2.4772674422825305,1.2374794025348847e-13
SRT,48,29,14,0.6145833333333333,0.3020833333333333,2.3917561027732455,1.3972342228066597e-13
SRT,48,29,15,0.6145833333333333,0.3229166666666667,2.265321153225394,9.560791483631222e-14
SRT,48,29,16,0.6145833333333333,0.34375,2.1001259306801816,1.100578953870737e-13
SRT,48,29,17,0.6145833333333333,0.3645833333333333,1.898996971196189,8.446236835153867e-14
SRT,48,29,18,0.6145833333333333,0.3854166666666667,1.6653756470335837,3.033535954815457e-14
SRT,48,29,19,0.6145833333333333,0.40625,1.4032592838208802,5.759678788347532e-14
SRT,48,29,20,0.6145833333333333,0.4270833333333333,1.117132765205068,1.0875944943490586e-13
SRT,48,29,21,0.6145833333333333,0.4479166666666667,0.8118917952488353,3.060224151591778e-14
SRT,48,29,22,0.6145833333333333,0.46875,0.49275913157702106,-1.1886249037278998e-14
SRT,48,29,23,0.6145833333333333,0.4895833333333333,0.16519522254521166,1.8801641348522967e-14
SRT,48,29,24,0.6145833333333333,0.5104166666666666,-0.16519522254505656,-3.618058794055187e-14
SRT,48,29,25,0.6145833333333333,0.5312499999999999,-0.49275913157686596,-4.840492587016631e-14
SRT,48,29,26,0.6145833333333333,0.5520833333333333,-0.8118917952486499,-2.5263402654367903e-14
SRT,48,29,27,0.6145833333333333,0.5729166666666666,-1.1171327652049157,2.417061919819226e-14
SRT,48,29,28,0.6145833333333333,0.5937499999999999,-1.4032592838207298,6.526405493823903e-14
SRT,48,29,29,0.6145833333333333,0.6145833333333333,-1.665375647033463,6.658683100980712e-14
SRT,48,29,30,0.6145833333333333,0.6354166666666666,-1.8989969711960795,4.437046864675261e-14
SRT,48,29,31,0.6145833333333333,0.6562499999999999,-2.100125930680085,8.79799893961829e-14
SRT,48,29,32,0.6145833333333333,0.6770833333333333,-2.2653211532253263,4.893319800645009e-14
SRT,48,29,33,0.6145833333333333,0.6979166666666666,-2.3917561027731176,-1.2141311355005666e-14
SRT,48,29,34,0.6145833333333333,0.7187499999999999,-2.4772674422824648,-3.359450538407378e-14
SRT,48,29,35,0.6145833333333333,0.7395833333333333,-2.520392049026005,-9.961491667639489e-14
SRT,48,29,36,0.6145833333333333,0.7604166666666666,-2.520392049025988,-7.880357284540932e-14
SRT,48,29,37,0.6145833333333333,0.7812499999999999,-2.4772674422825065,-5.81078793229049e-14
SRT,48,29,38,0.6145833333333333,0.8020833333333333,-2.391756102773225,-1.5229702340553762e-13
SRT,48,29,39,0.6145833333333333,0.8229166666666666,-2.265321153225399,-1.6685202969125473e-13
SRT,48,29,40,0.6145833333333333,0.8437499999999999,-2.1001259306802114,-1.2764564917707384e-13
SRT,48,29,41,0.6145833333333333,0.8645833333333333,-1.898996971196214,-8.212829943178212e-14
SRT,48,29,42,0.6145833333333333,0.8854166666666666,-1.6653756470336376,-8.4513883963315e-14
SRT,48,29,43,0.6145833333333333,0.9062499999999999,-1.403259283820897,-6.589516475960491e-14
SRT,48,29,44,0.6145833333333333,0.9270833333333333,-1.1171327652050105,-6.610871808885902e-14
SRT,48,29,45,0.6145833333333333,0.9479166666666666,-0.811891795248797,-1.4752978775572917e-13
SRT,48,29,46,0.6145833333333333,0.9687499999999999,-0.4927591315769613,-1.3529813074392778e-13
SRT,48,29,47,0.6145833333333333,0.9895833333333333,-0.16519522254519536,-1.259349154659875e-13
SRT,48,30,0,0.6354166666666666,0.010416666666666666,0.1651952225450822,-7.349095535668905e-14
SRT,48,30,1,0.6354166666666666,0.03125,0.49275913157693274,-3.592655452053192e-14
SRT,48,30,2,0.6354166666666666,0.05208333333333333,0.8118917952487447,-2.175659236960637e-14
SRT,48,30,3,0.6354166666666666,0.07291666666666667,1.1171327652050087,-5.61894131500686e-14
SRT,48,30,4,0.6354166666666666,0.09375,1.4032592838208018,-1.8026015348518285e-14
SRT,48,30,5,0.6354166666666666,0.11458333333333333,1.6653756470335328,-3.2444731837458914e-14
SRT,48,30,6,0.6354166666666666,0.13541666666666666,1.8989969711960548,1.1496128495013007e-14
SRT,48,30,7,0.6354166666666666,0.15624999999999997,2.1001259306801177,2.538492671797153e-15
SRT,48,30,8,0.6354166666666666,0.17708333333333331,2.2653211532253197,4.765815466565883e-14
SRT,48,30,9,0.6354166666666666,0.19791666666666666,2.3917561027731837,9.45409159864662e-14
SRT,48,30,10,0.6354166666666666,0.21874999999999997,2.477267442282451,5.739896924206047e-14
SRT,48,30,11,0.6354166666666666,0.23958333333333331,2.5203920490260234,8.106900683736832e-14
SRT,48,30,12,0.6354166666666666,0.2604166666666667,2.5203920490260403,5.603954271623313e-14
SRT,48,30,13,0.6354166666666666,0.28125,2.4772674422825314,1.5041468912255384e-13
SRT,48,30,14,0.6354166666666666,0.3020833333333333,2.39175610277321,1.3180100347422708e-13
SRT,48,30,15,0.6354166666666666,0.3229166666666667,2.2653211532254156,9.051866379150855e-14
SRT,48,30,16,0.6354166666666666,0.34375,2.1001259306802056,1.2480350000107273e-13
SRT,48,30,17,0.6354166666666666,0.3645833333333333,1.898996971196219,4.602602851916484e-14
SRT,48,30,18,0.6354166666666666,0.3854166666666667,1.665375647033613,4.256672899637288e-14
SRT,48,30,19,0.6354166666666666,0.40625,1.4032592838209113,9.210953257348538e-14
SRT,48,30,20,0.6354166666666666,0.4270833333333333,1.1171327652050544,1.0426848328036056e-13
SRT,48,30,21,0.6354166666666666,0.4479166666666667,0.8118917952488409,3.8454144939505944e-14
SRT,48,30,22,0.6354166666666666,0.46875,0.4927591315769707,2.397203102400388e-14
SRT,48,30,23,0.6354166666666666,0.4895833333333333,0.16519522254524643,1.2333325949067505e-14
SRT,48,30,24,0.6354166666666666,0.5104166666666666,-0.16519522254508012,-1.6139788654301463e-14
SRT,48,30,25,0.6354166666666666,0.5312499999999999,-0.4927591315768264,-6.723128461947004e-14
SRT,48,30,26,0.6354166666666666,0.5520833333333333,-0.811891795248681,-1.480000724880506e-14
SRT,48,30,27,0.6354166666666666,0.5729166666666666,-1.117132765204853,5.063984308294559e-15
SRT,48,30,28,0.6354166666666666,0.5937499999999999,-1.4032592838207996,1.5476067480648174e-14
SRT,48,30,29,0.6354166666666666,0.6145833333333333,-1.6653756470334595,7.614567092904446e-14
SRT,48,30,30,0.6354166666666666,0.6354166666666666,-1.898996971196105,7.353619349927094e-14
SRT,48,30,31,0.6354166666666666,0.6562499999999999,-2.100125930680152,9.682435889923412e-14
SRT,48,30,32,0.6354166666666666,0.6770833333333333,-2.26532115322539,2.1994641882030077e-14
SRT,48,30,33,0.6354166666666666,0.6979166666666666,-2.3917561027732006,2.4654573964144165e-14
SRT,48,30,34,0.6354166666666666,0.7187499999999999,-2.4772674422825194,-4.822842927396311e-14
SRT,48,30,35,0.6354166666666666,0.7395833333333333,-2.5203920490260114,-6.757678551447287e-14
SRT,48,30,36,0.6354166666666666,0.7604166666666666,-2.5203920490260177,-6.150244275411662e-14
SRT,48,30,37,0.6354166666666666,0.7812499999999999,-2.4772674422824665,-1.44114923683073e-13
SRT,48,30,38,0.6354166666666666,0.8020833333333333,-2.3917561027732064,-1.6503808290991107e-13
SRT,48,30,39,0.6354166666666666,0.8229166666666666,-2.2653211532254103,-1.86528817780162e-13
SRT,48,30,40,0.6354166666666666,0.8437499999999999,-2.1001259306802083,-1.2849542789910393e-13
SRT,48,30,41,0.6354166666666666,0.8645833333333333,-1.898996971196195,-1.2359837985412274e-13
SRT,48,30,42,0.6354166666666666,0.8854166666666666,-1.6653756470335983,-8.311720243410299e-14
SRT,48,30,43,0.6354166666666666,0.9062499999999999,-1.403259283820851,2.6298643746095128e-15
SRT,48,30,44,0.6354166666666666,0.9270833333333333,-1.117132765204992,-6.909234665333848e-14
SRT,48,30,45,0.6354166666666666,0.9479166666666666,-0.8118917952487621,-1.8107850480006709e-13
SRT,48,30,46,0.6354166666666666,0.9687499999999999,-0.4927591315769189,-1.8250447749585116e-13
SRT,48,30,47,0.6354166666666666,0.9895833333333333,-0.1651952225451385,-8.985818395478097e-14
SRT,48,31,0,0.6562499999999999,0.010416666666666666,0.16519522254515387,-5.922293698400235e-14
SRT,48,31,1,0.6562499999999999,0.03125,0.49275913157692175,-3.07070043383933e-14
SRT,48,31,2,0.6562499999999999,0.05208333333333333,0.8118917952487721,-2.6793602290975438e-14
SRT,48,31,3,0.6562499999999999,0.07291666666666667,1.1171327652050045,-6.277291268006896e-14
SRT,48,31,4,0.6562499999999999,0.09375,1.403259283820845,-2.3442237147781346e-14
SRT,48,31,5,0.6562499999999999,0.11458333333333333,1.6653756470335384,-1.665650029732652e-14
SRT,48,31,6,0.6562499999999999,0.13541666666666666,1.898996971196129,-1.3761747752197923e-14
SRT,48,31,7,0.6562499999999999,0.15624999999999997,2.1001259306801345,4.395828647839955e-14
SRT,48,31,8,0.6562499999999999,0.17708333333333331,2.2653211532253756,5.3274533084828316e-14
SRT,48,31,9,0.6562499999999999,0.19791666666666666,2.3917561027731917,3.75844346310627e-14
SRT,48,31,10,0.6562499999999999,0.21874999999999997,2.4772674422825096,2.346767368281995e-14
SRT,48,31,11,0.6562499999999999,0.23958333333333331,2.5203920490260123,1.0939332413837983e-13
SRT,48,31,12,0.6562499999999999,0.2604166666666667,2.520392049026016,9.242821215658083e-14
SRT,48,31,13,0.6562499999999999,0.28125,2.4772674422824656,1.2763774816419338e-13
SRT,48,31,14,0.6562499999999999,0.3020833333333333,2.391756102773169,1.6842694398723026e-13
SRT,48,31,15,0.6562499999999999,0.3229166666666667,2.265321153225378,1.1234696997159923e-13
SRT,48,31,16,0.6562499999999999,0.34375,2.100125930680176,1.2705896201320446e-13
SRT,48,31,17,0.6562499999999999,0.3645833333333333,1.8989969711961254,9.724363281127166e-14
SRT,48,31,18,0.6562499999999999,0.3854166666666667,1.6653756470335317,7.019782371041135e-14
SRT,48,31,19,0.6562499999999999,0.40625,1.4032592838208338,4.358803490160608e-14
SRT,48,31,20,0.6562499999999999,0.4270833333333333,1.1171327652049639,6.793071731291025e-14
SRT,48,31,21,0.6562499999999999,0.4479166666666667,0.8118917952487278,3.362736408249934e-14
SRT,48,31,22,0.6562499999999999,0.46875,0.4927591315769038,3.866801908399536e-14
SRT,48,31,23,0.6562499999999999,0.4895833333333333,0.1651952225451539,3.998172409012682e-14
SRT,48,31,24,0.6562499999999999,0.5104166666666666,-0.16519522254509236,-6.060137119865396e-14
SRT,48,31,25,0.6562499999999999,0.5312499999999999,-0.4927591315768783,-3.2964757137944636e-14
SRT,48,31,26,0.6562499999999999,0.5520833333333333,-0.8118917952487105,2.3926220246455646e-15
SRT,48,31,27,0.6562499999999999,0.5729166666666666,-1.1171327652049368,-2.6416649568428237e-14
SRT,48,31,28,0.6562499999999999,0.5937499999999999,-1.4032592838208113,1.288069844757404e-14
SRT,48,31,29,0.6562499999999999,0.6145833333333333,-1.6653756470335348,7.432361341241752e-14
SRT,48,31,30,0.6562499999999999,0.6354166666666666,-1.898996971196142,4.1939827177195756e-14
SRT,48,31,31,0.6562499999999999,0.6562499999999999,-2.100125930680178,6.70313250516684e-14
SRT,48,31,32,0.6562499999999999,0.6770833333333333,-2.2653211532253454,3.721926460331004e-14
SRT,48,31,33,0.6562499999999999,0.6979166666666666,-2.391756102773207,8.83413706160813e-15
SRT,48,31,34,0.6562499999999999,0.7187499999999999,-2.477267442282477,-4.024671647437505e-14
SRT,48,31,35,0.6562499999999999,0.7395833333333333,-2.5203920490260345,-8.125932577732568e-14
SRT,48,31,36,0.6562499999999999,0.7604166666666666,-2.520392049026035,-7.226925796196711e-14
SRT,48,31,37,0.6562499999999999,0.7812499999999999,-2.477267442282495,-1.2152273954163504e-13
SRT,48,31,38,0.6562499999999999,0.8020833333333333,-2.391756102773202,-2.1079487640593218e-13
SRT,48,31,39,0.6562499999999999,0.8229166666666666,-2.265321153225367,-1.6128366582127396e-13
SRT,48,31,40,0.6562499999999999,0.8437499999999999,-2.100125930680179,-1.4471121809009391e-13
SRT,48,31,41,0.6562499999999999,0.8645833333333333,-1.8989969711961343,-1.261245490629638e-13
SRT,48,31,42,0.6562499999999999,0.8854166666666666,-1.6653756470335102,-4.2140147921392096e-14
SRT,48,31,43,0.6562499999999999,0.9062499999999999,-1.4032592838208071,-1.7936967242568845e-15
SRT,48,31,44,0.6562499999999999,0.9270833333333333,-1.1171327652049499,-3.5985590002332925e-14
SRT,48,31,45,0.6562499999999999,0.9479166666666666,-0.8118917952487398,-1.3730835930270342e-13
SRT,48,31,46,0.6562499999999999,0.9687499999999999,-0.492759131576855,-1.5282720418579816e-13
SRT,48,31,47,0.6562499999999999,0.9895833333333333,-0.16519522254511004,-1.4504809567665547e-13
SRT,48,32,0,0.6770833333333333,0.010416666666666666,0.16519522254519536,-1.0129496646872213e-13
SRT,48,32,1,0.6770833333333333,0.03125,0.4927591315769213,-4.314187446093221e-14
SRT,48,32,2,0.6770833333333333,0.05208333333333333,0.8118917952487577,-2.63950157133929e-14
SRT,48,32,3,0.6770833333333333,0.07291666666666667,1.1171327652049743,-2.8129250920579047e-14
SRT,48,32,4,0.6770833333333333,0.09375,1.4032592838208,-2.320258413726142e-14
SRT,48,32,5,0.6770833333333333,0.11458333333333333,1.6653756470335408,-7.20621213195619e-14
SRT,48,32,6,0.6770833333333333,0.13541666666666666,1.8989969711961594,1.0740382123494442e-14
SRT,48,32,7,0.6770833333333333,0.15624999999999997,2.100125930680252,5.855376805028912e-14
SRT,48,32,8,0.6770833333333333,0.17708333333333331,2.2653211532254254,8.837980709405802e-14
SRT,48,32,9,0.6770833333333333,0.19791666666666666,2.3917561027732517,3.53235774476517e-14
SRT,48,32,10,0.6770833333333333,0.21874999999999997,2.4772674422825336,3.585957188817066e-14
SRT,48,32,11,0.6770833333333333,0.23958333333333331,2.520392049026067,7.496048873993372e-14
SRT,48,32,12,0.6770833333333333,0.2604166666666667,2.5203920490260643,8.657458344814112e-14
SRT,48,32,13,0.6770833333333333,0.28125,2.4772674422825016,1.3852212164789064e-13
SRT,48,32,14,0.6770833333333333,0.3020833333333333,2.3917561027731993,1.429373683611571e-13
SRT,48,32,15,0.6770833333333333,0.3229166666666667,2.265321153225329,1.372539125334836e-13
SRT,48,32,16,0.6770833333333333,0.34375,2.100125930680175,1.132047941212417e-13
SRT,48,32,17,0.6770833333333333,0.3645833333333333,1.8989969711961083,4.910251971242369e-14
SRT,48,32,18,0.6770833333333333,0.3854166666666667,1.6653756470335317,1.0307477085008583e-13
SRT,48,32,19,0.6770833333333333,0.40625,1.4032592838208162,6.02280583231038e-14
SRT,48,32,20,0.6770833333333333,0.4270833333333333,1.1171327652049519,2.3661472120294075e-14
SRT,48,32,21,0.6770833333333333,0.4479166666666667,0.8118917952487564,5.3479343534247814e-14
SRT,48,32,22,0.6770833333333333,0.46875,0.4927591315768727,5.5740700957953674e-14
SRT,48,32,23,0.6770833333333333,0.4895833333333333,0.16519522254513153,3.0008236951258296e-14
SRT,48,32,24,0.6770833333333333,0.5104166666666666,-0.1651952225451576,-1.2221713822749066e-14
SRT,48,32,25,0.6770833333333333,0.5312499999999999,-0.49275913157689283,-2.508552329991754e-14
SRT,48,32,26,0.6770833333333333,0.5520833333333333,-0.8118917952487557,-3.1404460455195476e-14
SRT,48,32,27,0.6770833333333333,0.5729166666666666,-1.1171327652049654,-1.6980241418347824e-14
SRT,48,32,28,0.6770833333333333,0.5937499999999999,-1.4032592838207925,-8.158920198243598e-15
SRT,48,32,29,0.6770833333333333,0.6145833333333333,-1.6653756470335344,1.1976852234467566e-14
SRT,48,32,30,0.6770833333333333,0.6354166666666666,-1.8989969711961507,9.677564692859347e-14
SRT,48,32,31,0.6770833333333333,0.6562499999999999,-2.1001259306801847,8.63975391354016e-14
SRT,48,32,32,0.6770833333333333,0.6770833333333333,-2.2653211532253685,3.292375944197468e-15
SRT,48,32,33,0.6770833333333333,0.6979166666666666,-2.3917561027731784,6.345083511781068e-14
SRT,48,32,34,0.6770833333333333,0.7187499999999999,-2.4772674422825034,-4.1485369667770765e-14
SRT,48,32,35,0.6770833333333333,0.7395833333333333,-2.5203920490260194,-6.138965505219549e-14
SRT,48,32,36,0.6770833333333333,0.7604166666666666,-2.520392049026093,-5.3267092160612386e-14
SRT,48,32,37,0.6770833333333333,0.7812499999999999,-2.4772674422825105,-1.5666934324808959e-13
SRT,48,32,38,0.6770833333333333,0.8020833333333333,-2.3917561027732273,-1.6001081031221651e-13
SRT,48,32,39,0.6770833333333333,0.8229166666666666,-2.265321153225323,-2.0101969337578563e-13
SRT,48,32,40,0.6770833333333333,0.8437499999999999,-2.100125930680148,-1.5772177187545784e-13
SRT,48,32,41,0.6770833333333333,0.8645833333333333,-1.8989969711960768,-1.0326257232806387e-13
SRT,48,32,42,0.6770833333333333,0.8854166666666666,-1.665375647033517,-4.3269171162652617e-14
SRT,48,32,43,0.6770833333333333,0.9062499999999999,-1.4032592838207951,2.4149509890658153e-15
SRT,48,32,44,0.6770833333333333,0.9270833333333333,-1.1171327652049616,-2.5872847174476522e-14
SRT,48,32,45,0.6770833333333333,0.9479166666666666,-0.811891795248692,-1.0407260703466979e-13
SRT,48,32,46,0.6770833333333333,0.9687499999999999,-0.49275913157686085,-2.0344803308436212e-13
SRT,48,32,47,0.6770833333333333,0.9895833333333333,-0.1651952225450727,-1.1849687080514912e-13
SRT,48,33,0,0.6979166666666666,0.010416666666666666,0.16519522254518285,-1.1586689199104038e-13
SRT,48,33,1,0.6979166666666666,0.03125,0.4927591315769945,-8.362643975432355e-14
SRT,48,33,2,0.6979166666666666,0.05208333333333333,0.8118917952487764,-7.2486978188837e-15
SRT,48,33,3,0.6979166666666666,0.07291666666666667,1.117132765205052,-4.0107583310781414e-14
SRT,48,33,4,0.6979166666666666,0.09375,1.403259283820887,-9.591869085996213e-15
SRT,48,33,5,0.6979166666666666,0.11458333333333333,1.6653756470336076,-2.0872295309139825e-14
SRT,48,33,6,0.6979166666666666,0.13541666666666666,1.898996971196232,2.3240313382867933e-14
SRT,48,33,7,0.6979166666666666,0.15624999999999997,2.10012593068026,7.472291090015561e-14
SRT,48,33,8,0.6979166666666666,0.17708333333333331,2.2653211532254196,2.979402500497897e-14
SRT,48,33,9,0.6979166666666666,0.19791666666666666,2.39175610277326,1.655701741065967e-14
SRT,48,33,10,0.6979166666666666,0.21874999999999997,2.4772674422825376,3.1759126284778e-14
SRT,48,33,11,0.6979166666666666,0.23958333333333331,2.5203920490261362,8.46140534425159e-14
SRT,48,33,12,0.6979166666666666,0.2604166666666667,2.5203920490261034,6.338422418000959e-14
SRT,48,33,13,0.6979166666666666,0.28125,2.477267442282527,9.136280615291107e-14
SRT,48,33,14,0.6979166666666666,0.3020833333333333,2.391756102773219,1.5297247666883814e-13
SRT,48,33,15,0.6979166666666666,0.3229166666666667,2.2653211532253557,1.425911011394283e-13
SRT,48,33,16,0.6979166666666666,0.34375,2.100125930680129,1.0466149707924653e-13
SRT,48,33,17,0.6979166666666666,0.3645833333333333,1.898996971196158,9.617017271970581e-14
SRT,48,33,18,0.6979166666666666,0.3854166666666667,1.6653756470335304,9.627641422540871e-14
SRT,48,33,19,0.6979166666666666,0.40625,1.4032592838208484,2.315624742974008e-14
SRT,48,33,20,0.6979166666666666,0.4270833333333333,1.1171327652049867,4.294320616821986e-14
SRT,48,33,21,0.6979166666666666,0.4479166666666667,0.8118917952487746,2.315711469726151e-15
SRT,48,33,22,0.6979166666666666,0.46875,0.4927591315769119,5.76554302820663e-14
SRT,48,33,23,0.6979166666666666,0.4895833333333333,0.16519522254508293,5.0823568384057834e-14
SRT,48,33,24,0.6979166666666666,0.5104166666666666,-0.1651952225451834,-2.5036977800280268e-14
SRT,48,33,25,0.6979166666666666,0.5312499999999999,-0.49275913157694545,2.464548832347819e-14
SRT,48,33,26,0.6979166666666666,0.5520833333333333,-0.8118917952487548,-1.631550689635987e-14
SRT,48,33,27,0.6979166666666666,0.5729166666666666,-1.1171327652049725,-2.0376815865399642e-14
SRT,48,33,28,0.6979166666666666,0.5937499999999999,-1.4032592838208158,-2.0946736855265777e-14
SRT,48,33,29,0.6979166666666666,0.6145833333333333,-1.6653756470335301,1.4933220468426044e-14
SRT,48,33,30,0.6979166666666666,0.6354166666666666,-1.898996971196132,3.816643185596293e-14
SRT,48,33,31,0.6979166666666666,0.6562499999999999,-2.1001259306801803,8.328630490750632e-14
SRT,48,33,32,0.6979166666666666,0.6770833333333333,-2.2653211532253943,6.380467231844153e-14
SRT,48,33,33,0.6979166666666666,0.6979166666666666,-2.391756102773257,1.3877626404035448e-14
SRT,48,33,34,0.6979166666666666,0.7187499999999999,-2.4772674422825527,-4.410247173623612e-14
SRT,48,33,35,0.6979166666666666,0.7395833333333333,-2.5203920490260803,-9.306789032612242e-14
SRT,48,33,36,0.6979166666666666,0.7604166666666666,-2.5203920490260936,-1.1964069467469062e-13
SRT,48,33,37,0.6979166666666666,0.7812499999999999,-2.477267442282564,-1.255968032604112e-13
SRT,48,33,38,0.6979166666666666,0.8020833333333333,-2.391756102773224,-1.121525311264049e-13
SRT,48,33,39,0.6979166666666666,0.8229166666666666,-2.2653211532254085,-1.3792150706088966e-13
SRT,48,33,40,0.6979166666666666,0.8437499999999999,-2.1001259306801314,-1.2952956489614077e-13
SRT,48,33,41,0.6979166666666666,0.8645833333333333,-1.8989969711961383,-1.0036187126689979e-13
SRT,48,33,42,0.6979166666666666,0.8854166666666666,-1.6653756470335117,-4.236830535333647e-14
SRT,48,33,43,0.6979166666666666,0.9062499999999999,-1.4032592838208555,-3.5638179569503e-15
SRT,48,33,44,0.6979166666666666,0.9270833333333333,-1.11713276520496,1.3615215678011848e-14
SRT,48,33,45,0.6979166666666666,0.9479166666666666,-0.8118917952487751,-7.668409734182274e-14
SRT,48,33,46,0.6979166666666666,0.9687499999999999,-0.4927591315768671,-1.7646049367161244e-13
SRT,48,33,47,0.6979166666666666,0.9895833333333333,-0.16519522254507366,-1.1613233324709674e-13
SRT,48,34,0,0.7187499999999999,0.010416666666666666,0.16519522254519967,-1.0071669118470355e-13
SRT,48,34,1,0.7187499999999999,0.03125,0.4927591315770149,-5.849322544790821e-14
SRT,48,34,2,0.7187499999999999,0.05208333333333333,0.8118917952488456,-5.329327020608672e-14
SRT,48,34,3,0.7187499999999999,0.07291666666666667,1.1171327652050684,1.528013667469497e-14
SRT,48,34,4,0.7187499999999999,0.09375,1.403259283820907,-2.0077002667394574e-15
SRT,48,34,5,0.7187499999999999,0.11458333333333333,1.6653756470336722,-3.469780164769157e-14
SRT,48,34,6,0.7187499999999999,0.13541666666666666,1.8989969711962547,6.331324327349111e-14
SRT,48,34,7,0.7187499999999999,0.15624999999999997,2.1001259306802704,3.5076479901241074e-14
SRT,48,34,8,0.7187499999999999,0.17708333333333331,2.265321153225409,2.1985412998779135e-14
SRT,48,34,9,0.7187499999999999,0.19791666666666666,2.391756102773277,8.973289514513535e-15
SRT,48,34,10,0.7187499999999999,0.21874999999999997,2.4772674422825363,6.176522977757351e-14
SRT,48,34,11,0.7187499999999999,0.23958333333333331,2.5203920490261322,9.315459453105552e-14
SRT,48,34,12,0.7187499999999999,0.2604166666666667,2.5203920490260843,7.623448419952299e-14
SRT,48,34,13,0.7187499999999999,0.28125,2.4772674422825816,7.618788836099476e-14
SRT,48,34,14,0.7187499999999999,0.3020833333333333,2.3917561027732064,1.178669691118451e-13
SRT,48,34,15,0.7187499999999999,0.3229166666666667,2.265321153225389,1.1583238590263377e-13
SRT,48,34,16,0.7187499999999999,0.34375,2.1001259306801807,1.3375303001753675e-13
SRT,48,34,17,0.7187499999999999,0.3645833333333333,1.8989969711961554,6.399558837690337e-14
SRT,48,34,18,0.7187499999999999,0.3854166666666667,1.6653756470335161,6.216330402950069e-14
SRT,48,34,19,0.7187499999999999,0.40625,1.403259283820788,4.448453191721222e-14
SRT,48,34,20,0.7187499999999999,0.4270833333333333,1.1171327652049514,2.3739199831880166e-15
SRT,48,34,21,0.7187499999999999,0.4479166666666667,0.8118917952487198,6.800645447701217e-14
SRT,48,34,22,0.7187499999999999,0.46875,0.4927591315768996,3.202024986787162e-14
SRT,48,34,23,0.7187499999999999,0.4895833333333333,0.1651952225451165,-1.890469959178362e-15
SRT,48,34,24,0.7187499999999999,0.5104166666666666,-0.16519522254517727,3.865007670671272e-14
SRT,48,34,25,0.7187499999999999,0.5312499999999999,-0.4927591315769361,1.5409171284577143e-14
SRT,48,34,26,0.7187499999999999,0.5520833333333333,-0.8118917952487756,1.2027420758106146e-14
SRT,48,34,27,0.7187499999999999,0.5729166666666666,-1.1171327652049652,-4.549530858944359e-14
SRT,48,34,28,0.7187499999999999,0.5937499999999999,-1.403259283820804,-1.1340310994036167e-14
SRT,48,34,29,0.7187499999999999,0.6145833333333333,-1.6653756470335281,3.874844764854612e-14
SRT,48,34,30,0.7187499999999999,0.6354166666666666,-1.898996971196116,3.2129185068737994e-14
SRT,48,34,31,0.7187499999999999,0.6562499999999999,-2.10012593068019,4.6976135131274016e-14
SRT,48,34,32,0.7187499999999999,0.6770833333333333,-2.2653211532254076,1.1641773148893305e-15
SRT,48,34,33,0.7187499999999999,0.6979166666666666,-2.391756102773265,6.336206184405035e-14
SRT,48,34,34,0.7187499999999999,0.7187499999999999,-2.4772674422825482,-2.6093018672220833e-14
SRT,48,34,35,0.7187499999999999,0.7395833333333333,-2.5203920490261096,-5.3404632741470816e-14
SRT,48,34,36,0.7187499999999999,0.7604166666666666,-2.520392049026042,-6.841337522337027e-14
SRT,48,34,37,0.7187499999999999,0.7812499999999999,-2.477267442282526,-1.2833548564257215e-13
SRT,48,34,38,0.7187499999999999,0.8020833333333333,-2.3917561027732095,-1.2417504433680217e-13
SRT,48,34,39,0.7187499999999999,0.8229166666666666,-2.2653211532253397,-1.2654817709316596e-13
SRT,48,34,40,0.7187499999999999,0.8437499999999999,-2.1001259306801234,-1.1628515682577873e-13
SRT,48,34,41,0.7187499999999999,0.8645833333333333,-1.898996971196057,-1.1279949317286457e-13
SRT,48,34,42,0.7187499999999999,0.8854166666666666,-1.6653756470335002,-7.896066255559908e-14
SRT,48,34,43,0.7187499999999999,0.9062499999999999,-1.4032592838208002,-2.492345112039716e-14
SRT,48,34,44,0.7187499999999999,0.9270833333333333,-1.1171327652050198,-2.525573037701115e-14
SRT,48,34,45,0.7187499999999999,0.9479166666666666,-0.8118917952487974,-7.123198065094462e-14
SRT,48,34,46,0.7187499999999999,0.9687499999999999,-0.49275913157692897,-1.2189883873585731e-13
SRT,48,34,47,0.7187499999999999,0.9895833333333333,-0.16519522254513966,-1.0465500791664345e-13
SRT,48,35,0,0.7395833333333333,0.010416666666666666,0.1651952225451856,-3.9936032957198445e-14
SRT,48,35,1,0.7395833333333333,0.03125,0.4927591315769608,-1.8548282208644117e-14
SRT,48,35,2,0.7395833333333333,0.05208333333333333,0.8118917952488524,-3.493823488068524e-14
SRT,48,35,3,0.7395833333333333,0.07291666666666667,1.1171327652050407,-6.290450868817414e-14
SRT,48,35,4,0.7395833333333333,0.09375,1.4032592838208695,4.414331651892139e-14
SRT,48,35,5,0.7395833333333333,0.11458333333333333,1.6653756470336227,2.7780300136059443e-14
SRT,48,35,6,0.7395833333333333,0.13541666666666666,1.89899697119621,1.809905848349786e-15
SRT,48,35,7,0.7395833333333333,0.15624999999999997,2.1001259306802456,1.325310173755434e-14
SRT,48,35,8,0.7395833333333333,0.17708333333333331,2.265321153225421,1.1198722061261484e-14
SRT,48,35,9,0.7395833333333333,0.19791666666666666,2.391756102773272,5.630199336464202e-14
SRT,48,35,10,0.7395833333333333,0.21874999999999997,2.477267442282599,3.870751024317487e-14
SRT,48,35,11,0.7395833333333333,0.23958333333333331,2.5203920490261074,5.96835470071257e-14
SRT,48,35,12,0.7395833333333333,0.2604166666666667,2.5203920490260994,7.153290535439093e-14
SRT,48,35,13,0.7395833333333333,0.28125,2.4772674422825496,2.7746881652754043e-14
SRT,48,35,14,0.7395833333333333,0.3020833333333333,2.391756102773236,9.651876088099577e-14
SRT,48,35,15,0.7395833333333333,0.3229166666666667,2.265321153225379,1.487795676082104e-13
SRT,48,35,16,0.7395833333333333,0.34375,2.1001259306801576,9.014080366199759e-14
SRT,48,35,17,0.7395833333333333,0.3645833333333333,1.898996971196101,7.7017506721557e-14
SRT,48,35,18,0.7395833333333333,0.3854166666666667,1.6653756470334942,7.931788205260959e-14
SRT,48,35,19,0.7395833333333333,0.40625,1.4032592838207656,-6.719865351146861e-16
SRT,48,35,20,0.7395833333333333,0.4270833333333333,1.1171327652049077,4.6775453641102974e-14
SRT,48,35,21,0.7395833333333333,0.4479166666666667,0.8118917952487293,1.854041770947891e-14
SRT,48,35,22,0.7395833333333333,0.46875,0.4927591315768733,4.287597199122529e-14
SRT,48,35,23,0.7395833333333333,0.4895833333333333,0.16519522254513924,7.537583554768828e-15
SRT,48,35,24,0.7395833333333333,0.5104166666666666,-0.16519522254517513,-1.8083846401413827e-14
SRT,48,35,25,0.7395833333333333,0.5312499999999999,-0.49275913157698337,1.5509701998732315e-14
SRT,48,35,26,0.7395833333333333,0.5520833333333333,-0.8118917952488146,3.433082560469981e-14
SRT,48,35,27,0.7395833333333333,0.5729166666666666,-1.1171327652050393,1.7495947574169932e-14
SRT,48,35,28,0.7395833333333333,0.5937499999999999,-1.4032592838208529,-2.8788540317462e-14
SRT,48,35,29,0.7395833333333333,0.6145833333333333,-1.6653756470335197,3.410067461591457e-14
SRT,48,35,30,0.7395833333333333,0.6354166666666666,-1.8989969711961527,3.281808462906074e-14
SRT,48,35,31,0.7395833333333333,0.6562499999999999,-2.100125930680185,2.770748550431338e-14
SRT,48,35,32,0.7395833333333333,0.6770833333333333,-2.265321153225375,2.2538677900054648e-14
SRT,48,35,33,0.7395833333333333,0.6979166666666666,-2.3917561027732392,-4.590480055942306e-16
SRT,48,35,34,0.7395833333333333,0.7187499999999999,-2.4772674422825363,-4.321560581879674e-14
SRT,48,35,35,0.7395833333333333,0.7395833333333333,-2.5203920490260807,-4.336263590830233e-14
SRT,48,35,36,0.7395833333333333,0.7604166666666666,-2.520392049026011,-6.673239080980839e-14
SRT,48,35,37,0.7395833333333333,0.7812499999999999,-2.4772674422824763,-1.0543855196710257e-13
SRT,48,35,38,0.7395833333333333,0.8020833333333333,-2.3917561027731478,-1.062996427339516e-13
SRT,48,35,39,0.7395833333333333,0.8229166666666666,-2.265321153225316,-6.846341070522873e-14
SRT,48,35,40,0.7395833333333333,0.8437499999999999,-2.1001259306800666,-8.232402861205076e-14
SRT,48,35,41,0.7395833333333333,0.8645833333333333,-1.898996971196029,-1.0300157400482075e-13
SRT,48,35,42,0.7395833333333333,0.8854166666666666,-1.6653756470334182,-9.282773601503229e-14
SRT,48,35,43,0.7395833333333333,0.9062499999999999,-1.4032592838207656,-6.282547840351111e-14
SRT,48,35,44,0.7395833333333333,0.9270833333333333,-1.1171327652049854,-1.9749665057895532e-14
SRT,48,35,45,0.7395833333333333,0.9479166666666666,-0.8118917952487503,-5.914916780366963e-14
SRT,48,35,46,0.7395833333333333,0.9687499999999999,-0.49275913157694756,-1.2761928736564415e-13
SRT,48,35,47,0.7395833333333333,0.9895833333333333,-0.16519522254514257,-5.0780028486657734e-14
SRT,48,36,0,0.7604166666666666,0.010416666666666666,0.16519522254515426,-6.160776514792256e-14
SRT,48,36,1,0.7604166666666666,0.03125,0.49275913157690243,-1.7494943048313196e-14
SRT,48,36,2,0.7604166666666666,0.05208333333333333,0.811891795248789,-3.8161625441964525e-14
SRT,48,36,3,0.7604166666666666,0.07291666666666667,1.1171327652049923,-1.2931932765441754e-14
SRT,48,36,4,0.7604166666666666,0.09375,1.4032592838208895,3.9338352142816287e-14
SRT,48,36,5,0.7604166666666666,0.11458333333333333,1.6653756470335244,3.6683042098167526e-14
SRT,48,36,6,0.7604166666666666,0.13541666666666666,1.898996971196175,2.4981350030330526e-14
SRT,48,36,7,0.7604166666666666,0.15624999999999997,2.100125930680217,2.4213082528356756e-14
SRT,48,36,8,0.7604166666666666,0.17708333333333331,2.2653211532254143,1.5510107834083898e-14
SRT,48,36,9,0.7604166666666666,0.19791666666666666,2.3917561027732828,4.738399144996585e-14
SRT,48,36,10,0.7604166666666666,0.21874999999999997,2.477267442282565,6.330190897294356e-14
SRT,48,36,11,0.7604166666666666,0.23958333333333331,2.520392049026118,5.185900130760378e-14
SRT,48,36,12,0.7604166666666666,0.2604166666666667,2.5203920490260607,5.2346989124783525e-14
SRT,48,36,13,0.7604166666666666,0.28125,2.4772674422825016,5.588870324716152e-14
SRT,48,36,14,0.7604166666666666,0.3020833333333333,2.3917561027732552,1.1423600864704178e-13
SRT,48,36,15,0.7604166666666666,0.3229166666666667,2.265321153225395,9.09426013523523e-14
SRT,48,36,16,0.7604166666666666,0.34375,2.1001259306801465,8.551119582254609e-14
SRT,48,36,17,0.7604166666666666,0.3645833333333333,1.8989969711961068,1.809271021693701e-14
SRT,48,36,18,0.7604166666666666,0.3854166666666667,1.6653756470334797,5.406648985185543e-14
SRT,48,36,19,0.7604166666666666,0.40625,1.4032592838208355,1.041558693205912e-14
SRT,48,36,20,0.7604166666666666,0.4270833333333333,1.1171327652049847,2.3791611699694732e-14
SRT,48,36,21,0.7604166666666666,0.4479166666666667,0.8118917952487457,7.566422763347697e-14
SRT,48,36,22,0.7604166666666666,0.46875,0.4927591315769041,5.3209996428311715e-14
SRT,48,36,23,0.7604166666666666,0.4895833333333333,0.16519522254508098,-1.0053967612164567e-14
SRT,48,36,24,0.7604166666666666,0.5104166666666666,-0.16519522254517752,-3.400454263848286e-14
SRT,48,36,25,0.7604166666666666,0.5312499999999999,-0.4927591315770114,-9.859706022958615e-16
SRT,48,36,26,0.7604166666666666,0.5520833333333333,-0.8118917952488499,2.885983502848153e-14
SRT,48,36,27,0.7604166666666666,0.5729166666666666,-1.1171327652050873,-9.899399452370954e-16
SRT,48,36,28,0.7604166666666666,0.5937499999999999,-1.4032592838208675,2.7477733253430042e-14
SRT,48,36,29,0.7604166666666666,0.6145833333333333,-1.6653756470335528,3.7357719075335546e-14
SRT,48,36,30,0.7604166666666666,0.6354166666666666,-1.8989969711961463,4.11225160662948e-14
SRT,48,36,31,0.7604166666666666,0.6562499999999999,-2.10012593068017,4.000437825277623e-14
SRT,48,36,32,0.7604166666666666,0.6770833333333333,-2.2653211532253614,-4.872966218557358e-15
SRT,48,36,33,0.7604166666666666,0.6979166666666666,-2.391756102773216,4.6548043703179094e-14
SRT,48,36,34,0.7604166666666666,0.7187499999999999,-2.4772674422824785,-6.634476198912871e-15
SRT,48,36,35,0.7604166666666666,0.7395833333333333,-2.520392049026063,-2.487463118006903e-14
SRT,48,36,36,0.7604166666666666,0.7604166666666666,-2.5203920490259977,-1.714073122021705e-14
SRT,48,36,37,0.7604166666666666,0.7812499999999999,-2.4772674422824905,-7.764774129754584e-14
SRT,48,36,38,0.7604166666666666,0.8020833333333333,-2.391756102773123,-1.2708618863443392e-13
SRT,48,36,39,0.7604166666666666,0.8229166666666666,-2.265321153225316,-6.384194445653844e-14
SRT,48,36,40,0.7604166666666666,0.8437499999999999,-2.1001259306800977,-7.327024793772182e-14
SRT,48,36,41,0.7604166666666666,0.8645833333333333,-1.8989969711960688,-7.310070202915139e-14
SRT,48,36,42,0.7604166666666666,0.8854166666666666,-1.6653756470334198,-1.066962811216645e-13
SRT,48,36,43,0.7604166666666666,0.9062499999999999,-1.4032592838207385,-1.1088207365497321e-13
SRT,48,36,44,0.7604166666666666,0.9270833333333333,-1.1171327652048935,-6.50827700532393e-14
SRT,48,36,45,0.7604166666666666,0.9479166666666666,-0.8118917952486802,-8.754617199894671e-14
SRT,48,36,46,0.7604166666666666,0.9687499999999999,-0.49275913157684714,-1.0744300632826169e-13
SRT,48,36,47,0.7604166666666666,0.9895833333333333,-0.16519522254509636,-7.486509621829351e-14
SRT,48,37,0,0.7812499999999999,0.010416666666666666,0.16519522254516397,-5.339481876586147e-14
SRT,48,37,1,0.7812499999999999,0.03125,0.4927591315768958,-3.8284726128019e-14
SRT,48,37,2,0.7812499999999999,0.05208333333333333,0.8118917952487994,3.9089193752763685e-14
SRT,48,37,3,0.7812499999999999,0.07291666666666667,1.1171327652050196,-3.3740415091782724e-15
SRT,48,37,4,0.7812499999999999,0.09375,1.4032592838209268,1.060448014146757e-14
SRT,48,37,5,0.7812499999999999,0.11458333333333333,1.6653756470335976,5.438511852694295e-14
SRT,48,37,6,0.7812499999999999,0.13541666666666666,1.898996971196225,6.1164669464294676e-15
SRT,48,37,7,0.7812499999999999,0.15624999999999997,2.1001259306802376,1.948814913098469e-14
SRT,48,37,8,0.7812499999999999,0.17708333333333331,2.2653211532253996,3.0359021877873736e-15
SRT,48,37,9,0.7812499999999999,0.19791666666666666,2.3917561027732184,6.678752329509509e-14
SRT,48,37,10,0.7812499999999999,0.21874999999999997,2.477267442282507,6.955915222711513e-14
SRT,48,37,11,0.7812499999999999,0.23958333333333331,2.5203920490260314,-2.7669271567270693e-15
SRT,48,37,12,0.7812499999999999,0.2604166666666667,2.5203920490260123,-9.794706642706271e-15
SRT,48,37,13,0.7812499999999999,0.28125,2.477267442282467,6.607488979962149e-14
SRT,48,37,14,0.7812499999999999,0.3020833333333333,2.391756102773147,1.221007785482891e-13
SRT,48,37,15,0.7812499999999999,0.3229166666666667,2.265321153225357,1.0088688845079594e-13
SRT,48,37,16,0.7812499999999999,0.34375,2.1001259306801434,4.662452193294517e-14
SRT,48,37,17,0.7812499999999999,0.3645833333333333,1.8989969711961088,3.547855239618887e-14
SRT,48,37,18,0.7812499999999999,0.3854166666666667,1.6653756470334864,9.399074632414229e-14
SRT,48,37,19,0.7812499999999999,0.40625,1.4032592838208087,4.144847874357686e-14
SRT,48,37,20,0.7812499999999999,0.4270833333333333,1.117132765204967,2.178134120613478e-14
SRT,48,37,21,0.7812499999999999,0.4479166666666667,0.8118917952487738,1.4072587874171938e-14
SRT,48,37,22,0.7812499999999999,0.46875,0.4927591315768322,2.6423218547741392e-14
SRT,48,37,23,0.7812499999999999,0.4895833333333333,0.16519522254511168,1.2039249593370294e-14
SRT,48,37,24,0.7812499999999999,0.5104166666666666,-0.16519522254519065,2.9480547396295823e-15
SRT,48,37,25,0.7812499999999999,0.5312499999999999,-0.4927591315769266,-4.72018437984507e-14
SRT,48,37,26,0.7812499999999999,0.5520833333333333,-0.8118917952488373,-2.5454318539184318e-14
SRT,48,37,27,0.7812499999999999,0.5729166666666666,-1.1171327652050378,6.374912039802301e-14
SRT,48,37,28,0.7812499999999999,0.5937499999999999,-1.4032592838209053,1.5412257490612784e-14
SRT,48,37,29,0.7812499999999999,0.6145833333333333,-1.6653756470336076,3.039283526204225e-14
SRT,48,37,30,0.7812499999999999,0.6354166666666666,-1.8989969711962293,5.378778615131168e-14
SRT,48,37,31,0.7812499999999999,0.6562499999999999,-2.100125930680239,3.054785966746719e-14
SRT,48,37,32,0.7812499999999999,0.6770833333333333,-2.2653211532254276,4.3528350954573336e-14
SRT,48,37,33,0.7812499999999999,0.6979166666666666,-2.391756102773212,2.171086895770382e-14
SRT,48,37,34,0.7812499999999999,0.7187499999999999,-2.47726744228247,-7.403528138745187e-15
SRT,48,37,35,0.7812499999999999,0.7395833333333333,-2.520392049026011,-2.1767927935628883e-14
SRT,48,37,36,0.7812499999999999,0.7604166666666666,-2.5203920490260394,-3.545646372458454e-14
SRT,48,37,37,0.7812499999999999,0.7812499999999999,-2.477267442282481,-8.441911883564074e-14
SRT,48,37,38,0.7812499999999999,0.8020833333333333,-2.391756102773183,-8.043384818068703e-14
SRT,48,37,39,0.7812499999999999,0.8229166666666666,-2.2653211532253352,-5.762025672378352e-14
SRT,48,37,40,0.7812499999999999,0.8437499999999999,-2.100125930680179,-8.01127970031162e-14
SRT,48,37,41,0.7812499999999999,0.8645833333333333,-1.8989969711961474,-5.234991781088202e-14
SRT,48,37,42,0.7812499999999999,0.8854166666666666,-1.6653756470335064,-8.601373570562128e-14
SRT,48,37,43,0.7812499999999999,0.9062499999999999,-1.4032592838207738,-7.828670586928603e-14
SRT,48,37,44,0.7812499999999999,0.9270833333333333,-1.1171327652049186,-7.172955209592948e-14
SRT,48,37,45,0.7812499999999999,0.9479166666666666,-0.8118917952487361,-8.296572828447581e-14
SRT,48,37,46,0.7812499999999999,0.9687499999999999,-0.49275913157688184,-9.39203943449225e-14
SRT,48,37,47,0.7812499999999999,0.9895833333333333,-0.16519522254508803,-7.689338326193342e-14
SRT,48,38,0,0.8020833333333333,0.010416666666666666,0.1651952225451857,-6.679236128884722e-14
SRT,48,38,1,0.8020833333333333,0.03125,0.4927591315769614,-1.5985686278143167e-14
SRT,48,38,2,0.8020833333333333,0.05208333333333333,0.8118917952488477,2.7708262292363164e-14
SRT,48,38,3,0.8020833333333333,0.07291666666666667,1.117132765205044,3.429901629756045e-14
SRT,48,38,4,0.8020833333333333,0.09375,1.4032592838209217,2.6051677465628394e-14
SRT,48,38,5,0.8020833333333333,0.11458333333333333,1.6653756470336547,5.4386665869179084e-14
SRT,48,38,6,0.8020833333333333,0.13541666666666666,1.8989969711962429,2.4365567756334537e-14
SRT,48,38,7,0.8020833333333333,0.15624999999999997,2.100125930680235,2.319027269146783e-14
SRT,48,38,8,0.8020833333333333,0.17708333333333331,2.265321153225396,-2.3076829299272608e-14
SRT,48,38,9,0.8020833333333333,0.19791666666666666,2.391756102773191,3.1117539213902536e-14
SRT,48,38,10,0.8020833333333333,0.21874999999999997,2.477267442282475,7.37780307185735e-14
SRT,48,38,11,0.8020833333333333,0.23958333333333331,2.5203920490260003,9.453246065361494e-15
SRT,48,38,12,0.8020833333333333,0.2604166666666667,2.5203920490260576,4.450717707954263e-14
SRT,48,38,13,0.8020833333333333,0.28125,2.4772674422824674,4.292935005619961e-14
SRT,48,38,14,0.8020833333333333,0.3020833333333333,2.39175610277316,9.374491244502218e-14
SRT,48,38,15,0.8020833333333333,0.3229166666666667,2.265321153225306,1.0472397452421501e-13
SRT,48,38,16,0.8020833333333333,0.34375,2.1001259306801123,5.15438732923109e-14
SRT,48,38,17,0.8020833333333333,0.3645833333333333,1.898996971196109,1.0313479417766095e-14
SRT,48,38,18,0.8020833333333333,0.3854166666666667,1.6653756470334817,5.847427303206289e-14
SRT,48,38,19,0.8020833333333333,0.40625,1.403259283820763,4.407552264126207e-14
SRT,48,38,20,0.8020833333333333,0.4270833333333333,1.1171327652049121,4.7622689333997944e-14
SRT,48,38,21,0.8020833333333333,0.4479166666666667,0.8118917952486808,-1.4126709234980557e-14
SRT,48,38,22,0.8020833333333333,0.46875,0.49275913157684587,8.343365610671756e-17
SRT,48,38,23,0.8020833333333333,0.4895833333333333,0.16519522254508637,2.0216527457539052e-14
SRT,48,38,24,0.8020833333333333,0.5104166666666666,-0.16519522254521093,-1.133558182887835e-14
SRT,48,38,25,0.8020833333333333,0.5312499999999999,-0.4927591315769531,-4.30741322853607e-14
SRT,48,38,26,0.8020833333333333,0.5520833333333333,-0.8118917952488264,-9.85084715321387e-16
SRT,48,38,27,0.8020833333333333,0.5729166666666666,-1.1171327652050418,2.909619745940968e-14
SRT,48,38,28,0.8020833333333333,0.5937499999999999,-1.403259283820947,3.1463995598769603e-14
SRT,48,38,29,0.8020833333333333,0.6145833333333333,-1.6653756470336283,2.6945125695875487e-14
SRT,48,38,30,0.8020833333333333,0.6354166666666666,-1.8989969711962462,5.346785947197994e-14
SRT,48,38,31,0.8020833333333333,0.6562499999999999,-2.1001259306802558,6.588340863265804e-14
SRT,48,38,32,0.8020833333333333,0.6770833333333333,-2.2653211532254387,3.253611565146098e-14
SRT,48,38,33,0.8020833333333333,0.6979166666666666,-2.3917561027732535,8.687231182834505e-14
SRT,48,38,34,0.8020833333333333,0.7187499999999999,-2.4772674422825194,4.509837392511109e-14
SRT,48,38,35,0.8020833333333333,0.7395833333333333,-2.5203920490260603,-4.6693205060982884e-14
SRT,48,38,36,0.8020833333333333,0.7604166666666666,-2.5203920490260763,-3.246351424356582e-14
SRT,48,38,37,0.8020833333333333,0.7812499999999999,-2.4772674422825087,-3.750139918593134e-14
SRT,48,38,38,0.8020833333333333,0.8020833333333333,-2.391756102773202,-8.798903374247425e-14
SRT,48,38,39,0.8020833333333333,0.8229166666666666,-2.2653211532254005,-1.0200681970606443e-13
SRT,48,38,40,0.8020833333333333,0.8437499999999999,-2.100125930680211,-1.14074125416802e-13
SRT,48,38,41,0.8020833333333333,0.8645833333333333,-1.8989969711961843,-1.7948048292664606e-14
SRT,48,38,42,0.8020833333333333,0.8854166666666666,-1.6653756470335614,-5.6361399091891605e-14
SRT,48,38,43,0.8020833333333333,0.9062499999999999,-1.4032592838208264,-6.861638843645374e-14
SRT,48,38,44,0.8020833333333333,0.9270833333333333,-1.117132765204998,-9.068449086368127e-14
SRT,48,38,45,0.8020833333333333,0.9479166666666666,-0.8118917952488154,-1.017339279412659e-13
SRT,48,38,46,0.8020833333333333,0.9687499999999999,-0.4927591315769602,-8.153020381623201e-14
SRT,48,38,47,0.8020833333333333,0.9895833333333333,-0.16519522254515712,-9.006877067631112e-14
SRT,48,39,0,0.8229166666666666,0.010416666666666666,0.1651952225451636,2.85006908201185e-15
SRT,48,39,1,0.8229166666666666,0.03125,0.492759131577009,-2.336528720331394e-14
SRT,48,39,2,0.8229166666666666,0.05208333333333333,0.8118917952488567,5.902131485912895e-14
SRT,48,39,3,0.8229166666666666,0.07291666666666667,1.1171327652050775,7.479545687595208e-14
SRT,48,39,4,0.8229166666666666,0.09375,1.403259283820921,6.667202307152088e-14
SRT,48,39,5,0.8229166666666666,0.11458333333333333,1.665375647033648,5.74652925185626e-14
SRT,48,39,6,0.8229166666666666,0.13541666666666666,1.8989969711962336,-3.316566852611331e-14
SRT,48,39,7,0.8229166666666666,0.15624999999999997,2.10012593068023,-5.30129362912077e-14
SRT,48,39,8,0.8229166666666666,0.17708333333333331,2.2653211532254134,-5.2314499101198634e-14
SRT,48,39,9,0.8229166666666666,0.19791666666666666,2.3917561027732153,-4.411355447901094e-15
SRT,48,39,10,0.8229166666666666,0.21874999999999997,2.477267442282506,4.3684142595143604e-14
SRT,48,39,11,0.8229166666666666,0.23958333333333331,2.5203920490260017,1.451549337969479e-14
SRT,48,39,12,0.8229166666666666,0.2604166666666667,2.520392049026039,2.8705696124572056e-15
SRT,48,39,13,0.8229166666666666,0.28125,2.477267442282442,4.627256446926685e-14
SRT,48,39,14,0.8229166666666666,0.3020833333333333,2.391756102773182,7.428701420682486e-14
SRT,48,39,15,0.8229166666666666,0.3229166666666667,2.2653211532252806,1.034241558295072e-13
SRT,48,39,16,0.8229166666666666,0.34375,2.100125930680125,7.311382584156854e-14
SRT,48,39,17,0.8229166666666666,0.3645833333333333,1.8989969711960568,1.587304207173836e-14
SRT,48,39,18,0.8229166666666666,0.3854166666666667,1.665375647033409,3.274920754775942e-14
SRT,48,39,19,0.8229166666666666,0.40625,1.4032592838206859,4.2304704213041126e-14
SRT,48,39,20,0.8229166666666666,0.4270833333333333,1.1171327652048582,3.341424031940647e-14
SRT,48,39,21,0.8229166666666666,0.4479166666666667,0.8118917952486607,3.6653359364490886e-14
SRT,48,39,22,0.8229166666666666,0.46875,0.4927591315768583,5.762076553884546e-14
SRT,48,39,23,0.8229166666666666,0.4895833333333333,0.16519522254507987,2.1292161738619117e-14
SRT,48,39,24,0.8229166666666666,0.5104166666666666,-0.16519522254518246,1.105345132377222e-14
SRT,48,39,25,0.8229166666666666,0.5312499999999999,-0.4927591315769488,-3.843374238164637e-14
SRT,48,39,26,0.8229166666666666,0.5520833333333333,-0.8118917952487897,-3.831010201462764e-14
SRT,48,39,27,0.8229166666666666,0.5729166666666666,-1.1171327652050185,-1.2002085796526323e-14
SRT,48,39,28,0.8229166666666666,0.5937499999999999,-1.403259283820857,-2.977099419478026e-14
SRT,48,39,29,0.8229166666666666,0.6145833333333333,-1.665375647033624,2.883715836617302e-14
SRT,48,39,30,0.8229166666666666,0.6354166666666666,-1.8989969711961927,5.68667821152224e-14
SRT,48,39,31,0.8229166666666666,0.6562499999999999,-2.1001259306802256,7.309364324059774e-14
SRT,48,39,32,0.8229166666666666,0.6770833333333333,-2.26532115322541,1.017321726450251e-13
SRT,48,39,33,0.8229166666666666,0.6979166666666666,-2.3917561027732175,9.30914623684047e-14
SRT,48,39,34,0.8229166666666666,0.7187499999999999,-2.477267442282544,3.592229522580669e-14
SRT,48,39,35,0.8229166666666666,0.7395833333333333,-2.520392049026035,-2.3731305762945858e-14
SRT,48,39,36,0.8229166666666666,0.7604166666666666,-2.5203920490260168,-4.317571126685793e-14
SRT,48,39,37,0.8229166666666666,0.7812499999999999,-2.4772674422824776,-5.357902005724955e-14
SRT,48,39,38,0.8229166666666666,0.8020833333333333,-2.3917561027731935,-8.970136111202052e-14
SRT,48,39,39,0.8229166666666666,0.8229166666666666,-2.26532115322534,-1.215781853192621e-13
SRT,48,39,40,0.8229166666666666,0.8437499999999999,-2.1001259306801696,-9.116994959699656e-14
SRT,48,39,41,0.8229166666666666,0.8645833333333333,-1.8989969711961534,-3.4326233997854115e-14
SRT,48,39,42,0.8229166666666666,0.8854166666666666,-1.6653756470335594,-9.764483549010732e-15
SRT,48,39,43,0.8229166666666666,0.9062499999999999,-1.4032592838208258,-3.258771590769379e-14
SRT,48,39,44,0.8229166666666666,0.9270833333333333,-1.1171327652049614,-1.139273835679663e-13
SRT,48,39,45,0.8229166666666666,0.9479166666666666,-0.8118917952487564,-9.997216407175949e-14
SRT,48,39,46,0.8229166666666666,0.9687499999999999,-0.49275913157691115,-6.97604001185125e-14
SRT,48,39,47,0.8229166666666666,0.9895833333333333,-0.16519522254514657,-3.152064654109115e-14
SRT,48,40,0,0.8437499999999999,0.010416666666666666,0.16519522254524116,5.437199695847456e-14
SRT,48,40,1,0.8437499999999999,0.03125,0.492759131577014,5.908915136596523e-14
SRT,48,40,2,0.8437499999999999,0.05208333333333333,0.8118917952488819,-4.97783972582817e-15
SRT,48,40,3,0.8437499999999999,0.07291666666666667,1.117132765205056,5.0911920884500043e-14
SRT,48,40,4,0.8437499999999999,0.09375,1.4032592838209224,5.5915543276339285e-14
SRT,48,40,5,0.8437499999999999,0.11458333333333333,1.6653756470335876,5.130017337300232e-14
SRT,48,40,6,0.8437499999999999,0.13541666666666666,1.8989969711961967,-4.242761501519002e-15
SRT,48,40,7,0.8437499999999999,0.15624999999999997,2.1001259306801856,-4.654475910153737e-14
SRT,48,40,8,0.8437499999999999,0.17708333333333331,2.2653211532254005,-5.720708706794251e-14
SRT,48,40,9,0.8437499999999999,0.19791666666666666,2.391756102773202,-1.585454318181541e-14
SRT,48,40,10,0.8437499999999999,0.21874999999999997,2.477267442282497,3.5059758145971406e-14
SRT,48,40,11,0.8437499999999999,0.23958333333333331,2.5203920490260194,1.0929537565429919e-14
SRT,48,40,12,0.8437499999999999,0.2604166666666667,2.520392049025962,9.005686822897378e-15
SRT,48,40,13,0.8437499999999999,0.28125,2.4772674422824426,5.0876120654211996e-14
SRT,48,40,14,0.8437499999999999,0.3020833333333333,2.3917561027731122,6.451946477584443e-14
SRT,48,40,15,0.8437499999999999,0.3229166666666667,2.265321153225347,9.629011395961123e-14
SRT,48,40,16,0.8437499999999999,0.34375,2.100125930680083,5.019885261392698e-14
SRT,48,40,17,0.8437499999999999,0.3645833333333333,1.8989969711960584,-5.656594417121211e-14
SRT,48,40,18,0.8437499999999999,0.3854166666666667,1.6653756470334031,2.871591760184846e-14
SRT,48,40,19,0.8437499999999999,0.40625,1.4032592838207145,4.598311286467105e-14
SRT,48,40,20,0.8437499999999999,0.4270833333333333,1.1171327652048537,5.6432627679262926e-14
SRT,48,40,21,0.8437499999999999,0.4479166666666667,0.8118917952486387,1.5802146022826977e-15
SRT,48,40,22,0.8437499999999999,0.46875,0.49275913157676493,2.0342893239735503e-15
SRT,48,40,23,0.8437499999999999,0.4895833333333333,0.16519522254500166,4.996764104586838e-14
SRT,48,40,24,0.8437499999999999,0.5104166666666666,-0.16519522254527816,4.4398563661009296e-14
SRT,48,40,25,0.8437499999999999,0.5312499999999999,-0.49275913157701773,-4.265444508542505e-15
SRT,48,40,26,0.8437499999999999,0.5520833333333333,-0.8118917952488373,-2.344262223521958e-14
SRT,48,40,27,0.8437499999999999,0.5729166666666666,-1.117132765205029,7.173849171728947e-15
SRT,48,40,28,0.8437499999999999,0.5937499999999999,-1.4032592838209064,-1.515476829204589e-14
SRT,48,40,29,0.8437499999999999,0.6145833333333333,-1.6653756470335737,1.2218919382807702e-14
SRT,48,40,30,0.8437499999999999,0.6354166666666666,-1.898996971196222,8.408794581892396e-14
SRT,48,40,31,0.8437499999999999,0.6562499999999999,-2.100125930680229,8.662458358150347e-14
SRT,48,40,32,0.8437499999999999,0.6770833333333333,-2.265321153225419,9.149263548974794e-14
SRT,48,40,33,0.8437499999999999,0.6979166666666666,-2.3917561027732495,8.167524719525518e-14
SRT,48,40,34,0.8437499999999999,0.7187499999999999,-2.477267442282522,6.579716386456621e-14
SRT,48,40,35,0.8437499999999999,0.7395833333333333,-2.520392049026043,5.029723304168172e-15
SRT,48,40,36,0.8437499999999999,0.7604166666666666,-2.5203920490260168,-3.664883701374304e-14
SRT,48,40,37,0.8437499999999999,0.7812499999999999,-2.4772674422824976,-3.871091182952476e-14
SRT,48,40,38,0.8437499999999999,0.8020833333333333,-2.3917561027732037,-8.156944494858632e-14
SRT,48,40,39,0.8437499999999999,0.8229166666666666,-2.265321153225345,-1.055247037321576e-13
SRT,48,40,40,0.8437499999999999,0.8437499999999999,-2.1001259306801674,-1.3105167353431778e-13
SRT,48,40,41,0.8437499999999999,0.8645833333333333,-1.8989969711961368,-3.0167921215246164e-14
SRT,48,40,42,0.8437499999999999,0.8854166666666666,-1.6653756470335321,-2.0659806349946297e-14
SRT,48,40,43,0.8437499999999999,0.9062499999999999,-1.403259283820824,-3.9828008760590975e-14
SRT,48,40,44,0.8437499999999999,0.9270833333333333,-1.1171327652049827,-8.176864664806354e-14
SRT,48,40,45,0.8437499999999999,0.9479166666666666,-0.8118917952487638,-1.2365894880023927e-13
SRT,48,40,46,0.8437499999999999,0.9687499999999999,-0.4927591315768662,-6.76599582084111e-14
SRT,48,40,47,0.8437499999999999,0.9895833333333333,-0.16519522254510335,-3.233930618270518e-14
SRT,48,41,0,0.8645833333333333,0.010416666666666666,0.16519522254531963,4.387639743247169e-14
SRT,48,41,1,0.8645833333333333,0.03125,0.49275913157702617,1.7667902137343752e-14
SRT,48,41,2,0.8645833333333333,0.05208333333333333,0.8118917952488606,1.567657139101661e-14
SRT,48,41,3,0.8645833333333333,0.07291666666666667,1.1171327652050906,6.17681767358433e-14
SRT,48,41,4,0.8645833333333333,0.09375,1.4032592838208593,6.956056216237738e-14
SRT,48,41,5,0.8645833333333333,0.11458333333333333,1.665375647033541,-1.5972493243511765e-14
SRT,48,41,6,0.8645833333333333,0.13541666666666666,1.898996971196111,-3.532461043762625e-14
SRT,48,41,7,0.8645833333333333,0.15624999999999997,2.100125930680135,-5.070250781517461e-14
SRT,48,41,8,0.8645833333333333,0.17708333333333331,2.2653211532253583,-6.533574557331638e-14
SRT,48,41,9,0.8645833333333333,0.19791666666666666,2.391756102773165,-2.0376947297450318e-14
SRT,48,41,10,0.8645833333333333,0.21874999999999997,2.4772674422824745,9.565420933452421e-15
SRT,48,41,11,0.8645833333333333,0.23958333333333331,2.5203920490260017,-1.7722227055321647e-14
SRT,48,41,12,0.8645833333333333,0.2604166666666667,2.5203920490260003,-3.9184163307521585e-15
SRT,48,41,13,0.8645833333333333,0.28125,2.477267442282484,5.949144273687384e-14
SRT,48,41,14,0.8645833333333333,0.3020833333333333,2.3917561027732206,1.0191709932499572e-13
SRT,48,41,15,0.8645833333333333,0.3229166666666667,2.26532115322534,9.04411187179357e-14
SRT,48,41,16,0.8645833333333333,0.34375,2.100125930680131,3.4695661472683983e-15
SRT,48,41,17,0.8645833333333333,0.3645833333333333,1.8989969711960721,-1.6011905182559646e-14
SRT,48,41,18,0.8645833333333333,0.3854166666666667,1.665375647033525,4.969340435491843e-15
SRT,48,41,19,0.8645833333333333,0.40625,1.4032592838207743,5.2181601340778574e-15
SRT,48,41,20,0.8645833333333333,0.4270833333333333,1.1171327652049283,2.375643345383568e-14
SRT,48,41,21,0.8645833333333333,0.4479166666666667,0.8118917952486364,4.686577440670854e-14
SRT,48,41,22,0.8645833333333333,0.46875,0.492759131576797,4.679973189424702e-14
SRT,48,41,23,0.8645833333333333,0.4895833333333333,0.1651952225450032,3.0406914484420676e-14
SRT,48,41,24,0.8645833333333333,0.5104166666666666,-0.16519522254531052,-9.669323771619767e-15
SRT,48,41,25,0.8645833333333333,0.5312499999999999,-0.4927591315770852,3.72121707482741e-15
SRT,48,41,26,0.8645833333333333,0.5520833333333333,-0.8118917952489052,3.588215482445812e-14
SRT,48,41,27,0.8645833333333333,0.5729166666666666,-1.1171327652050826,-2.32348870904659e-14
SRT,48,41,28,0.8645833333333333,0.5937499999999999,-1.4032592838209381,-2.6823077807954316e-14
SRT,48,41,29,0.8645833333333333,0.6145833333333333,-1.6653756470335943,5.239742378683641e-14
SRT,48,41,30,0.8645833333333333,0.6354166666666666,-1.89899697119617,5.978301033993159e-14
SRT,48,41,31,0.8645833333333333,0.6562499999999999,-2.1001259306801945,9.666734726351439e-14
SRT,48,41,32,0.8645833333333333,0.6770833333333333,-2.2653211532254107,1.1394105630605282e-13
SRT,48,41,33,0.8645833333333333,0.6979166666666666,-2.391756102773215,1.1710705152307021e-13
SRT,48,41,34,0.8645833333333333,0.7187499999999999,-2.4772674422824803,8.89629017641887e-14
SRT,48,41,35,0.8645833333333333,0.7395833333333333,-2.520392049025984,1.9185372483285156e-14
SRT,48,41,36,0.8645833333333333,0.7604166666666666,-2.5203920490260283,-5.304330571777567e-14
SRT,48,41,37,0.8645833333333333,0.7812499999999999,-2.4772674422824403,-5.996473005759863e-14
SRT,48,41,38,0.8645833333333333,0.8020833333333333,-2.391756102773182,-7.864728924077118e-14
SRT,48,41,39,0.8645833333333333,0.8229166666666666,-2.2653211532253454,-1.2006642802288492e-13
SRT,48,41,40,0.8645833333333333,0.8437499999999999,-2.1001259306801243,-8.288000298776429e-14
SRT,48,41,41,0.8645833333333333,0.8645833333333333,-1.8989969711960983,-5.19667059139685e-14
SRT,48,41,42,0.8645833333333333,0.8854166666666666,-1.6653756470335004,1.1883311701536704e-15
SRT,48,41,43,0.8645833333333333,0.9062499999999999,-1.4032592838208184,-3.3128623561377094e-14
SRT,48,41,44,0.8645833333333333,0.9270833333333333,-1.117132765204975,-6.657034435911634e-14
SRT,48,41,45,0.8645833333333333,0.9479166666666666,-0.8118917952487334,-4.9905610790488755e-14
SRT,48,41,46,0.8645833333333333,0.9687499999999999,-0.4927591315768374,-4.6475561001039755e-14
SRT,48,41,47,0.8645833333333333,0.9895833333333333,-0.16519522254504687,4.987048106989655e-15
SRT,48,42,0,0.8854166666666666,0.010416666666666666,0.16519522254530858,4.794939500801928e-14
SRT,48,42,1,0.8854166666666666,0.03125,0.4927591315770861,2.5001676744239334e-14
SRT,48,42,2,0.8854166666666666,0.05208333333333333,0.8118917952489305,1.97499639202121e-14
SRT,48,42,3,0.8854166666666666,0.07291666666666667,1.117132765205132,1.5776275214535098e-15
SRT,48,42,4,0.8854166666666666,0.09375,1.4032592838209257,-1.7457164927921105e-14
SRT,48,42,5,0.8854166666666666,0.11458333333333333,1.6653756470335441,-3.580738543912589e-14
SRT,48,42,6,0.8854166666666666,0.13541666666666666,1.898996971196119,-6.300361953971771e-14
SRT,48,42,7,0.8854166666666666,0.15624999999999997,2.1001259306801034,-2.218135827397634e-14
SRT,48,42,8,0.8854166666666666,0.17708333333333331,2.265321153225324,-5.258983091533932e-14
SRT,48,42,9,0.8854166666666666,0.19791666666666666,2.3917561027731566,-2.993567294038698e-14
SRT,48,42,10,0.8854166666666666,0.21874999999999997,2.477267442282453,-5.0365657564867374e-15
SRT,48,42,11,0.8854166666666666,0.23958333333333331,2.5203920490259506,-8.23155571795137e-15
SRT,48,42,12,0.8854166666666666,0.2604166666666667,2.520392049025971,2.162081085837039e-14
SRT,48,42,13,0.8854166666666666,0.28125,2.4772674422824443,1.1573415079511865e-13
SRT,48,42,14,0.8854166666666666,0.3020833333333333,2.391756102773158,7.91216274009612e-14
SRT,48,42,15,0.8854166666666666,0.3229166666666667,2.2653211532252966,2.2535902409220327e-14
SRT,48,42,16,0.8854166666666666,0.34375,2.1001259306800923,-2.1278346251031904e-14
SRT,48,42,17,0.8854166666666666,0.3645833333333333,1.898996971196035,-2.953761385113627e-14
SRT,48,42,18,0.8854166666666666,0.3854166666666667,1.665375647033463,6.22805061888544e-14
SRT,48,42,19,0.8854166666666666,0.40625,1.4032592838207638,-2.924362986430981e-15
SRT,48,42,20,0.8854166666666666,0.4270833333333333,1.117132765204918,1.1913588974203684e-14
SRT,48,42,21,0.8854166666666666,0.4479166666666667,0.8118917952487447,-1.8988671524611894e-15
SRT,48,42,22,0.8854166666666666,0.46875,0.49275913157687445,2.0613327895013443e-15
SRT,48,42,23,0.8854166666666666,0.4895833333333333,0.16519522254508498,8.636683383993805e-15
SRT,48,42,24,0.8854166666666666,0.5104166666666666,-0.16519522254526448,-1.500827703000078e-14
SRT,48,42,25,0.8854166666666666,0.5312499999999999,-0.49275913157705287,1.4198196463140116e-14
SRT,48,42,26,0.8854166666666666,0.5520833333333333,-0.8118917952489156,3.8828771296484e-14
SRT,48,42,27,0.8854166666666666,0.5729166666666666,-1.117132765205094,1.646781415834028e-14
SRT,48,42,28,0.8854166666666666,0.5937499999999999,-1.403259283820905,2.245108045323874e-14
SRT,48,42,29,0.8854166666666666,0.6145833333333333,-1.6653756470335828,7.798022254675668e-14
SRT,48,42,30,0.8854166666666666,0.6354166666666666,-1.8989969711961623,1.1829173636794915e-13
SRT,48,42,31,0.8854166666666666,0.6562499999999999,-2.100125930680178,5.6688278597698177e-14
SRT,48,42,32,0.8854166666666666,0.6770833333333333,-2.2653211532253783,1.0079237284378911e-13
SRT,48,42,33,0.8854166666666666,0.6979166666666666,-2.3917561027732117,1.6165570127547846e-13
SRT,48,42,34,0.8854166666666666,0.7187499999999999,-2.4772674422825176,9.255723480732898e-14
SRT,48,42,35,0.8854166666666666,0.7395833333333333,-2.5203920490260514,4.492054742138522e-15
SRT,48,42,36,0.8854166666666666,0.7604166666666666,-2.5203920490260687,-4.5445606009744193e-14
SRT,48,42,37,0.8854166666666666,0.7812499999999999,-2.477267442282494,-3.7895678184245214e-14
SRT,48,42,38,0.8854166666666666,0.8020833333333333,-2.391756102773228,-1.029335664413054e-13
SRT,48,42,39,0.8854166666666666,0.8229166666666666,-2.2653211532253663,-8.215706671022004e-14
SRT,48,42,40,0.8854166666666666,0.8437499999999999,-2.1001259306801336,-7.145385572167932e-14
SRT,48,42,41,0.8854166666666666,0.8645833333333333,-1.8989969711961088,-4.7851380147698853e-14
SRT,48,42,42,0.8854166666666666,0.8854166666666666,-1.6653756470335217,-3.464737032163402e-14
SRT,48,42,43,0.8854166666666666,0.9062499999999999,-1.4032592838208224,-2.700026845608792e-14
SRT,48,42,44,0.8854166666666666,0.9270833333333333,-1.1171327652049314,-3.879812126661217e-14
SRT,48,42,45,0.8854166666666666,0.9479166666666666,-0.8118917952486511,-5.724699370190002e-14
SRT,48,42,46,0.8854166666666666,0.9687499999999999,-0.49275913157678985,3.352605035018421e-14
SRT,48,42,47,0.8854166666666666,0.9895833333333333,-0.16519522254497432,6.0262078145144e-14
SRT,48,43,0,0.9062499999999999,0.010416666666666666,0.16519522254523275,4.376225652330214e-14
SRT,48,43,1,0.9062499999999999,0.03125,0.4927591315770515,3.435119863761282e-14
SRT,48,43,2,0.9062499999999999,0.05208333333333333,0.8118917952488677,-1.0779586994572799e-14
SRT,48,43,3,0.9062499999999999,0.07291666666666667,1.1171327652050609,-1.48984753694456e-14
SRT,48,43,4,0.9062499999999999,0.09375,1.403259283820861,-4.079177127929789e-14
SRT,48,43,5,0.9062499999999999,0.11458333333333333,1.6653756470335315,-1.2202565299929975e-13
SRT,48,43,6,0.9062499999999999,0.13541666666666666,1.8989969711960797,-7.363541139795733e-14
SRT,48,43,7,0.9062499999999999,0.15624999999999997,2.1001259306801114,-4.3003546505985834e-14
SRT,48,43,8,0.9062499999999999,0.17708333333333331,2.265321153225308,-3.383159410749972e-14
SRT,48,43,9,0.9062499999999999,0.19791666666666666,2.3917561027731775,-2.0840380878748214e-14
SRT,48,43,10,0.9062499999999999,0.21874999999999997,2.4772674422824275,-2.6866200838590668e-14
SRT,48,43,11,0.9062499999999999,0.23958333333333331,2.5203920490259657,-4.599116926682935e-14
SRT,48,43,12,0.9062499999999999,0.2604166666666667,2.5203920490259324,3.6384962393604056e-14
SRT,48,43,13,0.9062499999999999,0.28125,2.4772674422824403,1.0696970181592751e-13
SRT,48,43,14,0.9062499999999999,0.3020833333333333,2.3917561027731127,1.1418576044132534e-13
SRT,48,43,15,0.9062499999999999,0.3229166666666667,2.265321153225317,2.339294311722209e-14
SRT,48,43,16,0.9062499999999999,0.34375,2.1001259306800955,-2.891560095307832e-14
SRT,48,43,17,0.9062499999999999,0.3645833333333333,1.8989969711960781,1.8367026743181662e-16
SRT,48,43,18,0.9062499999999999,0.3854166666666667,1.6653756470334649,3.668510079527661e-14
SRT,48,43,19,0.9062499999999999,0.40625,1.4032592838207787,1.25403598843239e-14
SRT,48,43,20,0.9062499999999999,0.4270833333333333,1.1171327652049947,3.39217528714302e-14
SRT,48,43,21,0.9062499999999999,0.4479166666666667,0.811891795248764,4.703751987757041e-14
SRT,48,43,22,0.9062499999999999,0.46875,0.4927591315769396,-3.187878451413117e-15
SRT,48,43,23,0.9062499999999999,0.4895833333333333,0.16519522254510963,-4.679924888244146e-14
SRT,48,43,24,0.9062499999999999,0.5104166666666666,-0.1651952225451966,-8.428791653948232e-14
SRT,48,43,25,0.9062499999999999,0.5312499999999999,-0.49275913157701484,-7.87607358371226e-15
SRT,48,43,26,0.9062499999999999,0.5520833333333333,-0.8118917952488716,4.798606491071346e-14
SRT,48,43,27,0.9062499999999999,0.5729166666666666,-1.117132765205109,2.6458914107307293e-14
SRT,48,43,28,0.9062499999999999,0.5937499999999999,-1.4032592838208984,4.845421706676458e-14
SRT,48,43,29,0.9062499999999999,0.6145833333333333,-1.6653756470335588,1.1725214010652853e-13
SRT,48,43,30,0.9062499999999999,0.6354166666666666,-1.89899697119613,9.986801278519736e-14
SRT,48,43,31,0.9062499999999999,0.6562499999999999,-2.1001259306801794,9.298646319734562e-14
SRT,48,43,32,0.9062499999999999,0.6770833333333333,-2.2653211532253508,1.0215418993468285e-13
SRT,48,43,33,0.9062499999999999,0.6979166666666666,-2.391756102773229,1.2850210072505782e-13
SRT,48,43,34,0.9062499999999999,0.7187499999999999,-2.477267442282552,7.865583501840764e-14
SRT,48,43,35,0.9062499999999999,0.7395833333333333,-2.520392049026136,4.5364247566404504e-14
SRT,48,43,36,0.9062499999999999,0.7604166666666666,-2.520392049026083,-3.293907002810031e-14
SRT,48,43,37,0.9062499999999999,0.7812499999999999,-2.4772674422825354,-4.9104399192694754e-14
SRT,48,43,38,0.9062499999999999,0.8020833333333333,-2.3917561027731766,-6.186988041845379e-14
SRT,48,43,39,0.9062499999999999,0.8229166666666666,-2.265321153225331,-8.024865179298139e-14
SRT,48,43,40,0.9062499999999999,0.8437499999999999,-2.100125930680127,-3.555066711868113e-14
SRT,48,43,41,0.9062499999999999,0.8645833333333333,-1.8989969711960668,-8.002753813932526e-14
SRT,48,43,42,0.9062499999999999,0.8854166666666666,-1.6653756470334982,-4.244429988876599e-14
SRT,48,43,43,0.9062499999999999,0.9062499999999999,-1.4032592838207711,3.8328476401746427e-14
SRT,48,43,44,0.9062499999999999,0.9270833333333333,-1.1171327652049028,5.1993436458807955e-15
SRT,48,43,45,0.9062499999999999,0.9479166666666666,-0.8118917952486752,-2.3215606952756603e-14
SRT,48,43,46,0.9062499999999999,0.9687499999999999,-0.4927591315768039,4.114313091965863e-14
SRT,48,43,47,0.9062499999999999,0.9895833333333333,-0.16519522254502034,6.931373787288869e-14
SRT,48,44,0,0.9270833333333333,0.010416666666666666,0.1651952225451959,3.985173157159691e-14
SRT,48,44,1,0.9270833333333333,0.03125,0.4927591315769274,3.8789239469508335e-14
SRT,48,44,2,0.9270833333333333,0.05208333333333333,0.8118917952487694,-2.3664825664007107e-14
SRT,48,44,3,0.9270833333333333,0.07291666666666667,1.1171327652049678,-6.31243242176653e-14
SRT,48,44,4,0.9270833333333333,0.09375,1.4032592838207816,-6.232355040687101e-14
SRT,48,44,5,0.9270833333333333,0.11458333333333333,1.6653756470334875,-1.3490861125540126e-13
SRT,48,44,6,0.9270833333333333,0.13541666666666666,1.8989969711960895,-1.3168111525986864e-13
SRT,48,44,7,0.9270833333333333,0.15624999999999997,2.1001259306800883,1.2094610131252217e-15
SRT,48,44,8,0.9270833333333333,0.17708333333333331,2.265321153225314,-1.304737953536832e-14
SRT,48,44,9,0.9270833333333333,0.19791666666666666,2.391756102773123,-5.1376349699100606e-14
SRT,48,44,10,0.9270833333333333,0.21874999999999997,2.477267442282428,-5.685516925125889e-14
SRT,48,44,11,0.9270833333333333,0.23958333333333331,2.520392049025939,-3.9429910589036953e-14
SRT,48,44,12,0.9270833333333333,0.2604166666666667,2.520392049025953,4.34592217668603e-14
SRT,48,44,13,0.9270833333333333,0.28125,2.477267442282393,1.312614413962477e-13
SRT,48,44,14,0.9270833333333333,0.3020833333333333,2.391756102773117,9.654334323474675e-14
SRT,48,44,15,0.9270833333333333,0.3229166666666667,2.265321153225263,2.8081843757960954e-14
SRT,48,44,16,0.9270833333333333,0.34375,2.1001259306801265,-6.855299775459869e-15
SRT,48,44,17,0.9270833333333333,0.3645833333333333,1.8989969711961074,-1.5883585487992302e-14
SRT,48,44,18,0.9270833333333333,0.3854166666666667,1.6653756470335135,4.343687252031136e-14
SRT,48,44,19,0.9270833333333333,0.40625,1.4032592838208389,6.751092666960893e-14
SRT,48,44,20,0.9270833333333333,0.4270833333333333,1.117132765205016,5.733280923145395e-14
SRT,48,44,21,0.9270833333333333,0.4479166666666667,0.8118917952487816,-3.638324144484805e-15
SRT,48,44,22,0.9270833333333333,0.46875,0.49275913157689727,-1.8906767210785495e-14
SRT,48,44,23,0.9270833333333333,0.4895833333333333,0.1651952225451199,-6.139984402588225e-14
SRT,48,44,24,0.9270833333333333,0.5104166666666666,-0.1651952225451501,-8.557012158826784e-14
SRT,48,44,25,0.9270833333333333,0.5312499999999999,-0.49275913157693557,-3.0387749044457176e-14
SRT,48,44,26,0.9270833333333333,0.5520833333333333,-0.8118917952488219,1.0757161879371593e-14
SRT,48,44,27,0.9270833333333333,0.5729166666666666,-1.11713276520506,3.768338993331242e-14
SRT,48,44,28,0.9270833333333333,0.5937499999999999,-1.4032592838208717,1.1204441916782213e-13
SRT,48,44,29,0.9270833333333333,0.6145833333333333,-1.665375647033582,1.3528158930041456e-13
SRT,48,44,30,0.9270833333333333,0.6354166666666666,-1.8989969711961683,1.3114388398778802e-13
SRT,48,44,31,0.9270833333333333,0.6562499999999999,-2.1001259306801696,9.073748019334107e-14
SRT,48,44,32,0.9270833333333333,0.6770833333333333,-2.2653211532253397,1.1283028758981554e-13
SRT,48,44,33,0.9270833333333333,0.6979166666666666,-2.391756102773219,9.345475143187948e-14
SRT,48,44,34,0.9270833333333333,0.7187499999999999,-2.4772674422825123,2.0564673584300324e-14
SRT,48,44,35,0.9270833333333333,0.7395833333333333,-2.5203920490261145,2.1775962987581427e-14
SRT,48,44,36,0.9270833333333333,0.7604166666666666,-2.5203920490260954,-2.4953331630805926e-15
SRT,48,44,37,0.9270833333333333,0.7812499999999999,-2.477267442282524,1.635538248610434e-14
SRT,48,44,38,0.9270833333333333,0.8020833333333333,-2.39175610277314,-1.811083024191637e-14
SRT,48,44,39,0.9270833333333333,0.8229166666666666,-2.2653211532253206,-5.782764428630268e-14
SRT,48,44,40,0.9270833333333333,0.8437499999999999,-2.1001259306800746,-4.547817859697873e-14
SRT,48,44,41,0.9270833333333333,0.8645833333333333,-1.898996971196093,-4.048453599383827e-14
SRT,48,44,42,0.9270833333333333,0.8854166666666666,-1.665375647033417,-3.817520626631427e-14
SRT,48,44,43,0.9270833333333333,0.9062499999999999,-1.4032592838207247,4.263205813021698e-14
SRT,48,44,44,0.9270833333333333,0.9270833333333333,-1.1171327652048382,3.190002817672155e-14
SRT,48,44,45,0.9270833333333333,0.9479166666666666,-0.8118917952486594,-1.209089660509872e-15
SRT,48,44,46,0.9270833333333333,0.9687499999999999,-0.49275913157682116,4.211023110619948e-14
SRT,48,44,47,0.9270833333333333,0.9895833333333333,-0.16519522254507657,3.065310949425068e-14
SRT,48,45,0,0.9479166666666666,0.010416666666666666,0.16519522254516272,2.060585863181837e-14
SRT,48,45,1,0.9479166666666666,0.03125,0.49275913157691165,-7.759240226191866e-15
SRT,48,45,2,0.9479166666666666,0.05208333333333333,0.8118917952487278,-9.958279086795305e-15
SRT,48,45,3,0.9479166666666666,0.07291666666666667,1.117132765204928,-7.452795009835775e-14
SRT,48,45,4,0.9479166666666666,0.09375,1.4032592838208167,-6.931288077914085e-14
SRT,48,45,5,0.9479166666666666,0.11458333333333333,1.6653756470334875,-1.1909648017263174e-13
SRT,48,45,6,0.9479166666666666,0.13541666666666666,1.8989969711961063,-1.2245414679979727e-13
SRT,48,45,7,0.9479166666666666,0.15624999999999997,2.1001259306801003,-4.7061482264391076e-14
SRT,48,45,8,0.9479166666666666,0.17708333333333331,2.2653211532253197,-1.7469577766879212e-14
SRT,48,45,9,0.9479166666666666,0.19791666666666666,2.3917561027730905,-5.898681800558463e-14
SRT,48,45,10,0.9479166666666666,0.21874999999999997,2.4772674422824044,-8.009952940123967e-14
SRT,48,45,11,0.9479166666666666,0.23958333333333331,2.520392049025959,-2.3429674921185282e-14
SRT,48,45,12,0.9479166666666666,0.2604166666666667,2.5203920490259666,3.191304353853028e-14
SRT,48,45,13,0.9479166666666666,0.28125,2.477267442282415,1.1794091770664643e-13
SRT,48,45,14,0.9479166666666666,0.3020833333333333,2.391756102773084,1.2438206941676513e-13
SRT,48,45,15,0.9479166666666666,0.3229166666666667,2.2653211532252993,6.996935522687833e-14
SRT,48,45,16,0.9479166666666666,0.34375,2.1001259306801296,3.9484648806013154e-14
SRT,48,45,17,0.9479166666666666,0.3645833333333333,1.8989969711961214,-1.4406047557558438e-14
SRT,48,45,18,0.9479166666666666,0.3854166666666667,1.6653756470335535,6.111376919244059e-14
SRT,48,45,19,0.9479166666666666,0.40625,1.403259283820817,5.358333264490326e-14
SRT,48,45,20,0.9479166666666666,0.4270833333333333,1.1171327652049492,4.405532347617259e-14
SRT,48,45,21,0.9479166666666666,0.4479166666666667,0.8118917952487528,1.056970800015772e-14
SRT,48,45,22,0.9479166666666666,0.46875,0.49275913157687395,-4.116479747462199e-14
SRT,48,45,23,0.9479166666666666,0.4895833333333333,0.1651952225451146,-4.7254458480923894e-14
SRT,48,45,24,0.9479166666666666,0.5104166666666666,-0.16519522254516775,-7.319731935415545e-14
SRT,48,45,25,0.9479166666666666,0.5312499999999999,-0.49275913157691364,-6.050824508786316e-14
SRT,48,45,26,0.9479166666666666,0.5520833333333333,-0.8118917952487578,-1.4868055156245458e-14
SRT,48,45,27,0.9479166666666666,0.5729166666666666,-1.117132765204974,4.217887823947012e-14
SRT,48,45,28,0.9479166666666666,0.5937499999999999,-1.4032592838208144,1.0210471201833686e-13
SRT,48,45,29,0.9479166666666666,0.6145833333333333,-1.6653756470335561,1.1921412361852534e-13
SRT,48,45,30,0.9479166666666666,0.6354166666666666,-1.8989969711961834,1.0274415987016349e-13
SRT,48,45,31,0.9479166666666666,0.6562499999999999,-2.1001259306801714,1.5398927442056765e-13
SRT,48,45,32,0.9479166666666666,0.6770833333333333,-2.265321153225405,8.618477514425385e-14
SRT,48,45,33,0.9479166666666666,0.6979166666666666,-2.3917561027732432,6.632907074365688e-14
SRT,48,45,34,0.9479166666666666,0.7187499999999999,-2.477267442282554,5.467859154381632e-14
SRT,48,45,35,0.9479166666666666,0.7395833333333333,-2.520392049026059,1.6922337039466744e-14
SRT,48,45,36,0.9479166666666666,0.7604166666666666,-2.5203920490260443,8.758284453848341e-15
SRT,48,45,37,0.9479166666666666,0.7812499999999999,-2.477267442282477,7.143779915094131e-14
SRT,48,45,38,0.9479166666666666,0.8020833333333333,-2.3917561027731704,6.988108424004872e-15
SRT,48,45,39,0.9479166666666666,0.8229166666666666,-2.265321153225292,-6.365030978043771e-14
SRT,48,45,40,0.9479166666666666,0.8437499999999999,-2.1001259306801217,-5.0019309860145686e-14
SRT,48,45,41,0.9479166666666666,0.8645833333333333,-1.8989969711960808,-4.1768863262772715e-14
SRT,48,45,42,0.9479166666666666,0.8854166666666666,-1.6653756470334302,2.7393370067573465e-14
SRT,48,45,43,0.9479166666666666,0.9062499999999999,-1.4032592838207036,6.042278834764646e-14
SRT,48,45,44,0.9479166666666666,0.9270833333333333,-1.1171327652048655,3.5174331473320455e-14
SRT,48,45,45,0.9479166666666666,0.9479166666666666,-0.8118917952486384,-3.161608149387396e-14
SRT,48,45,46,0.9479166666666666,0.9687499999999999,-0.4927591315767965,-1.1940823719263534e-14
SRT,48,45,47,0.9479166666666666,0.9895833333333333,-0.16519522254509922,5.668231910660741e-14
SRT,48,46,0,0.9687499999999999,0.010416666666666666,0.16519522254514532,2.8725932922543347e-15
SRT,48,46,1,0.9687499999999999,0.03125,0.49275913157689,-3.182900821255972e-14
SRT,48,46,2,0.9687499999999999,0.05208333333333333,0.811891795248702,-7.430299676936338e-14
SRT,48,46,3,0.9687499999999999,0.07291666666666667,1.1171327652049294,-2.690914126009313e-14
SRT,48,46,4,0.9687499999999999,0.09375,1.403259283820775,-5.313741541862947e-14
SRT,48,46,5,0.9687499999999999,0.11458333333333333,1.6653756470334804,-1.2966692292759804e-13
SRT,48,46,6,0.9687499999999999,0.13541666666666666,1.8989969711960648,-1.1261748853102005e-13
SRT,48,46,7,0.9687499999999999,0.15624999999999997,2.1001259306801456,-3.108440486555837e-14
SRT,48,46,8,0.9687499999999999,0.17708333333333331,2.2653211532253024,-7.316767552223518e-14
SRT,48,46,9,0.9687499999999999,0.19791666666666666,2.3917561027731136,-9.184725139802531e-14
SRT,48,46,10,0.9687499999999999,0.21874999999999997,2.477267442282398,-5.521885078624337e-14
SRT,48,46,11,0.9687499999999999,0.23958333333333331,2.5203920490259737,-4.473640071006202e-15
SRT,48,46,12,0.9687499999999999,0.2604166666666667,2.5203920490259617,3.485910485119612e-14
SRT,48,46,13,0.9687499999999999,0.28125,2.477267442282415,7.972878114334661e-14
SRT,48,46,14,0.9687499999999999,0.3020833333333333,2.391756102773088,1.0596003734034712e-13
SRT,48,46,15,0.9687499999999999,0.3229166666666667,2.265321153225245,8.897606909878107e-14
SRT,48,46,16,0.9687499999999999,0.34375,2.100125930680082,6.474448145833992e-14
SRT,48,46,17,0.9687499999999999,0.3645833333333333,1.8989969711960968,4.582058957458738e-14
SRT,48,46,18,0.9687499999999999,0.3854166666666667,1.6653756470335108,6.571478895872525e-14
SRT,48,46,19,0.9687499999999999,0.40625,1.4032592838207725,3.3356244669133596e-14
SRT,48,46,20,0.9687499999999999,0.4270833333333333,1.1171327652049141,3.5627510364244156e-14
SRT,48,46,21,0.9687499999999999,0.4479166666666667,0.8118917952487075,3.707010384091471e-14
SRT,48,46,22,0.9687499999999999,0.46875,0.49275913157686746,-4.7006017553190216e-14
SRT,48,46,23,0.9687499999999999,0.4895833333333333,0.1651952225451546,-7.218710650423594e-14
SRT,48,46,24,0.9687499999999999,0.5104166666666666,-0.16519522254517444,-4.989956410205464e-14
SRT,48,46,25,0.9687499999999999,0.5312499999999999,-0.4927591315769031,-4.813684730454467e-14
SRT,48,46,26,0.9687499999999999,0.5520833333333333,-0.8118917952487407,6.98584466504029e-15
SRT,48,46,27,0.9687499999999999,0.5729166666666666,-1.1171327652049345,5.126874903815645e-14
SRT,48,46,28,0.9687499999999999,0.5937499999999999,-1.4032592838207971,7.468237423138408e-14
SRT,48,46,29,0.9687499999999999,0.6145833333333333,-1.665375647033499,1.0059631220444035e-13
SRT,48,46,30,0.9687499999999999,0.6354166666666666,-1.898996971196105,1.6745581594087281e-13
SRT,48,46,31,0.9687499999999999,0.6562499999999999,-2.100125930680183,1.0033003797512255e-13
SRT,48,46,32,0.9687499999999999,0.6770833333333333,-2.2653211532253876,7.785455586116524e-14
SRT,48,46,33,0.9687499999999999,0.6979166666666666,-2.391756102773249,4.33736199969625e-14
SRT,48,46,34,0.9687499999999999,0.7187499999999999,-2.4772674422825345,4.037477760236108e-14
SRT,48,46,35,0.9687499999999999,0.7395833333333333,-2.5203920490260225,7.814096896559191e-14
SRT,48,46,36,0.9687499999999999,0.7604166666666666,-2.520392049025963,3.3637285667674325e-14
SRT,48,46,37,0.9687499999999999,0.7812499999999999,-2.477267442282437,5.4184778193295143e-14
SRT,48,46,38,0.9687499999999999,0.8020833333333333,-2.391756102773156,3.2045755815531245e-14
SRT,48,46,39,0.9687499999999999,0.8229166666666666,-2.265321153225304,-3.925901183716527e-14
SRT,48,46,40,0.9687499999999999,0.8437499999999999,-2.100125930680105,-4.307159880255661e-14
SRT,48,46,41,0.9687499999999999,0.8645833333333333,-1.8989969711960701,2.8259167352948242e-14
SRT,48,46,42,0.9687499999999999,0.8854166666666666,-1.6653756470334309,4.677767606434734e-14
SRT,48,46,43,0.9687499999999999,0.9062499999999999,-1.4032592838206976,5.702277046975093e-14
SRT,48,46,44,0.9687499999999999,0.9270833333333333,-1.1171327652048584,2.827790220284135e-14
SRT,48,46,45,0.9687499999999999,0.9479166666666666,-0.8118917952486434,4.0610768556172204e-15
SRT,48,46,46,0.9687499999999999,0.9687499999999999,-0.49275913157680074,-4.699017452497351e-14
SRT,48,46,47,0.9687499999999999,0.9895833333333333,-0.16519522254510074,-6.862652828835242e-14
SRT,48,47,0,0.9895833333333333,0.010416666666666666,0.1651952225451619,-5.5576679952975686e-14
SRT,48,47,1,0.9895833333333333,0.03125,0.4927591315768823,-4.990555779595379e-14
SRT,48,47,2,0.9895833333333333,0.05208333333333333,0.8118917952487331,-4.2993161287415937e-14
SRT,48,47,3,0.9895833333333333,0.07291666666666667,1.117132765204917,-6.526184021244682e-14
SRT,48,47,4,0.9895833333333333,0.09375,1.4032592838207631,-7.929833256611044e-14
SRT,48,47,5,0.9895833333333333,0.11458333333333333,1.6653756470334296,-1.4415912846452726e-13
SRT,48,47,6,0.9895833333333333,0.13541666666666666,1.8989969711960502,-9.944000157783263e-14
SRT,48,47,7,0.9895833333333333,0.15624999999999997,2.100125930680075,-4.414839879833695e-14
SRT,48,47,8,0.9895833333333333,0.17708333333333331,2.2653211532252917,-7.835942407275992e-14
SRT,48,47,9,0.9895833333333333,0.19791666666666666,2.391756102773128,-6.49901521273545e-14
SRT,48,47,10,0.9895833333333333,0.21874999999999997,2.477267442282446,-4.161935323071372e-14
SRT,48,47,11,0.9895833333333333,0.23958333333333331,2.5203920490259875,2.5611012002874586e-14
SRT,48,47,12,0.9895833333333333,0.2604166666666667,2.520392049025977,2.5268117116673292e-14
SRT,48,47,13,0.9895833333333333,0.28125,2.4772674422824497,7.6591588620341e-14
SRT,48,47,14,0.9895833333333333,0.3020833333333333,2.391756102773123,9.361661632149627e-14
SRT,48,47,15,0.9895833333333333,0.3229166666666667,2.265321153225243,6.193292656466417e-14
SRT,48,47,16,0.9895833333333333,0.34375,2.100125930680054,1.129929090661356e-13
SRT,48,47,17,0.9895833333333333,0.3645833333333333,1.8989969711960544,3.486273202108861e-14
SRT,48,47,18,0.9895833333333333,0.3854166666666667,1.665375647033443,4.511668030705302e-14
SRT,48,47,19,0.9895833333333333,0.40625,1.4032592838207552,2.4483877702289558e-14
SRT,48,47,20,0.9895833333333333,0.4270833333333333,1.1171327652049083,1.4369632150566375e-14
SRT,48,47,21,0.9895833333333333,0.4479166666666667,0.8118917952486991,5.1322315110996234e-14
SRT,48,47,22,0.9895833333333333,0.46875,0.4927591315768448,-2.7009514695842538e-14
SRT,48,47,23,0.9895833333333333,0.4895833333333333,0.16519522254513164,-2.6074982886695023e-14
SRT,48,47,24,0.9895833333333333,0.5104166666666666,-0.1651952225451529,-2.639922760059364e-14
SRT,48,47,25,0.9895833333333333,0.5312499999999999,-0.4927591315768632,-1.2332980476749867e-14
SRT,48,47,26,0.9895833333333333,0.5520833333333333,-0.8118917952487205,1.2682102598222726e-14
SRT,48,47,27,0.9895833333333333,0.5729166666666666,-1.1171327652049003,2.0571095596870008e-14
SRT,48,47,28,0.9895833333333333,0.5937499999999999,-1.403259283820799,4.6429753225378846e-14
SRT,48,47,29,0.9895833333333333,0.6145833333333333,-1.6653756470334777,1.0583690344833372e-13
SRT,48,47,30,0.9895833333333333,0.6354166666666666,-1.8989969711961368,6.812235338273005e-14
SRT,48,47,31,0.9895833333333333,0.6562499999999999,-2.1001259306801776,9.658875428440984e-14
SRT,48,47,32,0.9895833333333333,0.6770833333333333,-2.2653211532253903,8.454725092834196e-14
SRT,48,47,33,0.9895833333333333,0.6979166666666666,-2.3917561027731815,6.035024450873368e-14
SRT,48,47,34,0.9895833333333333,0.7187499999999999,-2.4772674422824967,9.113688783028793e-14
SRT,48,47,35,0.9895833333333333,0.7395833333333333,-2.5203920490259804,1.0706412562791003e-13
SRT,48,47,36,0.9895833333333333,0.7604166666666666,-2.5203920490259932,5.878919717604633e-14
SRT,48,47,37,0.9895833333333333,0.7812499999999999,-2.4772674422824528,4.946693836047345e-14
SRT,48,47,38,0.9895833333333333,0.8020833333333333,-2.391756102773134,3.616197351611497e-15
SRT,48,47,39,0.9895833333333333,0.8229166666666666,-2.2653211532253112,-3.2158370025992413e-14
SRT,48,47,40,0.9895833333333333,0.8437499999999999,-2.1001259306800875,-1.941570455756266e-14
SRT,48,47,41,0.9895833333333333,0.8645833333333333,-1.8989969711960402,-1.1889324789281302e-14
SRT,48,47,42,0.9895833333333333,0.8854166666666666,-1.6653756470334469,9.606430095505242e-14
SRT,48,47,43,0.9895833333333333,0.9062499999999999,-1.4032592838207427,8.451141891433838e-14
SRT,48,47,44,0.9895833333333333,0.9270833333333333,-1.1171327652048635,3.884705753840352e-14
SRT,48,47,45,0.9895833333333333,0.9479166666666666,-0.8118917952486384,8.136939005482034e-15
SRT,48,47,46,0.9895833333333333,0.9687499999999999,-0.4927591315768202,-6.130629921882248e-14
SRT,48,47,47,0.9895833333333333,0.9895833333333333,-0.1651952225450597,-9.614883382717288e-14
